1,1,6,0,1,"Alert::Endpoint@404-404@LogicMonitor.Api\Alerts\Alert.cs","LogicMonitor.Api\Alerts\Alert.cs","Alert::Endpoint","Alert::Endpoint()",404,404
1,1,10,0,1,"Alert::ToString@409-409@LogicMonitor.Api\Alerts\Alert.cs","LogicMonitor.Api\Alerts\Alert.cs","Alert::ToString","Alert::ToString()",409,409
1,1,6,0,1,"AlertDependencyRule::Endpoint@49-49@LogicMonitor.Api\Alerts\AlertDependencyRule.cs","LogicMonitor.Api\Alerts\AlertDependencyRule.cs","AlertDependencyRule::Endpoint","AlertDependencyRule::Endpoint()",49,49
1,1,7,0,1,"AlertDependencyRule::ToString@52-52@LogicMonitor.Api\Alerts\AlertDependencyRule.cs","LogicMonitor.Api\Alerts\AlertDependencyRule.cs","AlertDependencyRule::ToString","AlertDependencyRule::ToString()",52,52
6,1,17,0,6,"AlertFilter::ResetSearch@232-237@LogicMonitor.Api\Alerts\AlertFilter.cs","LogicMonitor.Api\Alerts\AlertFilter.cs","AlertFilter::ResetSearch","AlertFilter::ResetSearch()",232,237
6,2,22,0,6,"AlertFilter::RemoveMonitorObjectReferences@244-249@LogicMonitor.Api\Alerts\AlertFilter.cs","LogicMonitor.Api\Alerts\AlertFilter.cs","AlertFilter::RemoveMonitorObjectReferences","AlertFilter::RemoveMonitorObjectReferences()",244,249
133,20,658,0,145,"AlertFilter::GetFilter@254-398@LogicMonitor.Api\Alerts\AlertFilter.cs","LogicMonitor.Api\Alerts\AlertFilter.cs","AlertFilter::GetFilter","AlertFilter::GetFilter()",254,398
18,6,67,0,20,"AlertHistoryRequest::Validate@44-63@LogicMonitor.Api\Alerts\AlertHistoryRequest.cs","LogicMonitor.Api\Alerts\AlertHistoryRequest.cs","AlertHistoryRequest::Validate","AlertHistoryRequest::Validate()",44,63
16,3,103,0,17,"AlertHistoryRequest::GetHistoryPeriodStartSeconds@69-85@LogicMonitor.Api\Alerts\AlertHistoryRequest.cs","LogicMonitor.Api\Alerts\AlertHistoryRequest.cs","AlertHistoryRequest::GetHistoryPeriodStartSeconds","AlertHistoryRequest::GetHistoryPeriodStartSeconds()",69,85
11,4,51,0,12,"AlertHistoryRequest::GetHistoryPeriodEndSeconds@91-102@LogicMonitor.Api\Alerts\AlertHistoryRequest.cs","LogicMonitor.Api\Alerts\AlertHistoryRequest.cs","AlertHistoryRequest::GetHistoryPeriodEndSeconds","AlertHistoryRequest::GetHistoryPeriodEndSeconds()",91,102
1,1,6,0,1,"AlertStat::Endpoint@121-121@LogicMonitor.Api\Alerts\AlertStat.cs","LogicMonitor.Api\Alerts\AlertStat.cs","AlertStat::Endpoint","AlertStat::Endpoint()",121,121
13,4,63,1,15,"AlertStatusExtensions::GetAlertLevel@12-26@LogicMonitor.Api\Alerts\AlertStatusExtensions.cs","LogicMonitor.Api\Alerts\AlertStatusExtensions.cs","AlertStatusExtensions::GetAlertLevel","AlertStatusExtensions::GetAlertLevel( this AlertStatus alertStatus)",12,26
1,1,18,1,1,"AlertStatusExtensions::IsInSdt@32-32@LogicMonitor.Api\Alerts\AlertStatusExtensions.cs","LogicMonitor.Api\Alerts\AlertStatusExtensions.cs","AlertStatusExtensions::IsInSdt","AlertStatusExtensions::IsInSdt( this AlertStatus alertStatus)",32,32
1,1,18,1,1,"AlertStatusExtensions::IsAcknowledged@38-38@LogicMonitor.Api\Alerts\AlertStatusExtensions.cs","LogicMonitor.Api\Alerts\AlertStatusExtensions.cs","AlertStatusExtensions::IsAcknowledged","AlertStatusExtensions::IsAcknowledged( this AlertStatus alertStatus)",38,38
1,1,6,0,1,"EscalationChain::Endpoint@57-57@LogicMonitor.Api\Alerts\EscalationChain.cs","LogicMonitor.Api\Alerts\EscalationChain.cs","EscalationChain::Endpoint","EscalationChain::Endpoint()",57,57
1,1,6,0,1,"ExternalAlert::Endpoint@69-69@LogicMonitor.Api\Alerts\ExternalAlert.cs","LogicMonitor.Api\Alerts\ExternalAlert.cs","ExternalAlert::Endpoint","ExternalAlert::Endpoint()",69,69
1,1,7,0,1,"ResourceMatchPattern::ToString@23-23@LogicMonitor.Api\Alerts\ResourceMatchPattern.cs","LogicMonitor.Api\Alerts\ResourceMatchPattern.cs","ResourceMatchPattern::ToString","ResourceMatchPattern::ToString()",23,23
1,1,6,0,1,"Collector::Endpoint@540-540@LogicMonitor.Api\Collectors\Collector.cs","LogicMonitor.Api\Collectors\Collector.cs","Collector::Endpoint","Collector::Endpoint()",540,540
1,1,6,0,1,"CollectorGroup::Endpoint@126-126@LogicMonitor.Api\Collectors\CollectorGroup.cs","LogicMonitor.Api\Collectors\CollectorGroup.cs","CollectorGroup::Endpoint","CollectorGroup::Endpoint()",126,126
1,1,7,0,1,"NetflowPort::ToString@36-36@LogicMonitor.Api\Collectors\NetflowPort.cs","LogicMonitor.Api\Collectors\NetflowPort.cs","NetflowPort::ToString","NetflowPort::ToString()",36,36
23,3,156,2,23,"AlertSdtConverter::Create@5-27@LogicMonitor.Api\Converters\AlertSdtConverter.cs","LogicMonitor.Api\Converters\AlertSdtConverter.cs","AlertSdtConverter::Create","AlertSdtConverter::Create( Type objectType , JObject jObject)",5,27
2,1,19,3,2,"AlertSdtConverter::WriteJson@29-30@LogicMonitor.Api\Converters\AlertSdtConverter.cs","LogicMonitor.Api\Converters\AlertSdtConverter.cs","AlertSdtConverter::WriteJson","AlertSdtConverter::WriteJson( JsonWriter writer , object ? value , JsonSerializer serializer)",29,30
10,5,56,2,10,"AutomaticUpgradeInfoConverter::Create@5-14@LogicMonitor.Api\Converters\AutomaticUpgradeInfoConverter.cs","LogicMonitor.Api\Converters\AutomaticUpgradeInfoConverter.cs","AutomaticUpgradeInfoConverter::Create","AutomaticUpgradeInfoConverter::Create( Type objectType , JObject jObject)",5,14
4,1,20,3,6,"AutomaticUpgradeInfoConverter::WriteJson@16-21@LogicMonitor.Api\Converters\AutomaticUpgradeInfoConverter.cs","LogicMonitor.Api\Converters\AutomaticUpgradeInfoConverter.cs","AutomaticUpgradeInfoConverter::WriteJson","AutomaticUpgradeInfoConverter::WriteJson( JsonWriter writer , object ? value , JsonSerializer serializer)",16,21
9,3,63,5,10,"DoubleOrNAConverter::ReadJson@18-27@LogicMonitor.Api\Converters\DoubleOrNAConverter.cs","LogicMonitor.Api\Converters\DoubleOrNAConverter.cs","DoubleOrNAConverter::ReadJson","DoubleOrNAConverter::ReadJson( JsonReader reader , Type objectType , double existingValue , bool hasExistingValue , JsonSerializer serializer)",18,27
2,1,19,3,2,"DoubleOrNAConverter::WriteJson@35-36@LogicMonitor.Api\Converters\DoubleOrNAConverter.cs","LogicMonitor.Api\Converters\DoubleOrNAConverter.cs","DoubleOrNAConverter::WriteJson","DoubleOrNAConverter::WriteJson( JsonWriter writer , double value , JsonSerializer serializer)",35,36
1,1,19,3,1,"IntegrationsConverter::WriteJson@5-5@LogicMonitor.Api\Converters\IntegrationsConverter.cs","LogicMonitor.Api\Converters\IntegrationsConverter.cs","IntegrationsConverter::WriteJson","IntegrationsConverter::WriteJson( JsonWriter writer , object ? value , JsonSerializer serializer)",5,5
16,3,103,2,16,"IntegrationsConverter::Create@7-22@LogicMonitor.Api\Converters\IntegrationsConverter.cs","LogicMonitor.Api\Converters\IntegrationsConverter.cs","IntegrationsConverter::Create","IntegrationsConverter::Create( Type objectType , JObject jObject)",7,22
2,1,16,1,2,"JsonCreationConverter::CanConvert@19-20@LogicMonitor.Api\Converters\JsonCreationConverter.cs","LogicMonitor.Api\Converters\JsonCreationConverter.cs","JsonCreationConverter::CanConvert","JsonCreationConverter::CanConvert( Type objectType)",19,20
17,4,95,4,24,"JsonCreationConverter::ReadJson@26-49@LogicMonitor.Api\Converters\JsonCreationConverter.cs","LogicMonitor.Api\Converters\JsonCreationConverter.cs","JsonCreationConverter::ReadJson","JsonCreationConverter::ReadJson( JsonReader reader , Type objectType , object ? existingValue , JsonSerializer serializer)",26,49
13,4,68,2,13,"MapPointConverter::Create@5-17@LogicMonitor.Api\Converters\MapPointConverter.cs","LogicMonitor.Api\Converters\MapPointConverter.cs","MapPointConverter::Create","MapPointConverter::Create( Type objectType , JObject jObject)",5,17
1,1,19,3,1,"MapPointConverter::WriteJson@19-19@LogicMonitor.Api\Converters\MapPointConverter.cs","LogicMonitor.Api\Converters\MapPointConverter.cs","MapPointConverter::WriteJson","MapPointConverter::WriteJson( JsonWriter writer , object ? value , JsonSerializer serializer)",19,19
7,4,73,5,7,"NumberOrStringConverter::ReadJson@11-17@LogicMonitor.Api\Converters\NumberOrStringConverter.cs","LogicMonitor.Api\Converters\NumberOrStringConverter.cs","NumberOrStringConverter::ReadJson","NumberOrStringConverter::ReadJson( JsonReader reader , Type objectType , string ? existingValue , bool hasExistingValue , JsonSerializer serializer)",11,17
4,1,5,0,23,"*global*@0-22@LogicMonitor.Api\Converters\NumberOrStringConverter.cs","LogicMonitor.Api\Converters\NumberOrStringConverter.cs","*global*","*global*",0,22
2,1,20,3,2,"NumberOrStringConverter::WriteJson@20-21@LogicMonitor.Api\Converters\NumberOrStringConverter.cs","LogicMonitor.Api\Converters\NumberOrStringConverter.cs","NumberOrStringConverter::WriteJson","NumberOrStringConverter::WriteJson( JsonWriter writer , string ? value , JsonSerializer serializer)",20,21
16,4,89,2,16,"OpsNoteScopeConverter::Create@5-20@LogicMonitor.Api\Converters\OpsNoteScopeConverter.cs","LogicMonitor.Api\Converters\OpsNoteScopeConverter.cs","OpsNoteScopeConverter::Create","OpsNoteScopeConverter::Create( Type objectType , JObject jObject)",5,20
1,1,19,3,1,"OpsNoteScopeConverter::WriteJson@22-22@LogicMonitor.Api\Converters\OpsNoteScopeConverter.cs","LogicMonitor.Api\Converters\OpsNoteScopeConverter.cs","OpsNoteScopeConverter::WriteJson","OpsNoteScopeConverter::WriteJson( JsonWriter writer , object ? value , JsonSerializer serializer)",22,22
30,4,187,2,31,"ReportConverter::Create@8-38@LogicMonitor.Api\Converters\ReportConverter.cs","LogicMonitor.Api\Converters\ReportConverter.cs","ReportConverter::Create","ReportConverter::Create( Type objectType , JObject jObject)",8,38
2,1,19,3,2,"ReportConverter::WriteJson@40-41@LogicMonitor.Api\Converters\ReportConverter.cs","LogicMonitor.Api\Converters\ReportConverter.cs","ReportConverter::WriteJson","ReportConverter::WriteJson( JsonWriter writer , object ? value , JsonSerializer serializer)",40,41
11,1,86,5,11,"SingleOrArrayConverter::ReadJson@8-18@LogicMonitor.Api\Converters\SingleOrArrayConverter.cs","LogicMonitor.Api\Converters\SingleOrArrayConverter.cs","SingleOrArrayConverter::ReadJson","SingleOrArrayConverter::ReadJson( JsonReader reader , Type objectType , List<T> ? existingValue , bool hasExistingValue , JsonSerializer serializer)",8,18
2,1,25,3,2,"SingleOrArrayConverter::WriteJson@20-21@LogicMonitor.Api\Converters\SingleOrArrayConverter.cs","LogicMonitor.Api\Converters\SingleOrArrayConverter.cs","SingleOrArrayConverter::WriteJson","SingleOrArrayConverter::WriteJson( JsonWriter writer , List<T> ? value , JsonSerializer serializer)",20,21
5,4,32,1,5,"TolerantStringEnumConverter::CanConvert@9-13@LogicMonitor.Api\Converters\TolerantStringEnumConverter.cs","LogicMonitor.Api\Converters\TolerantStringEnumConverter.cs","TolerantStringEnumConverter::CanConvert","TolerantStringEnumConverter::CanConvert( Type objectType)",9,13
10,3,68,2,10,"TolerantStringEnumConverter::GetEnumMemberAttrValue@15-24@LogicMonitor.Api\Converters\TolerantStringEnumConverter.cs","LogicMonitor.Api\Converters\TolerantStringEnumConverter.cs","TolerantStringEnumConverter::GetEnumMemberAttrValue","TolerantStringEnumConverter::GetEnumMemberAttrValue( Type type , object enumVal)",15,24
10,3,68,2,10,"TolerantStringEnumConverter::GetEnumMemberAliases@26-35@LogicMonitor.Api\Converters\TolerantStringEnumConverter.cs","LogicMonitor.Api\Converters\TolerantStringEnumConverter.cs","TolerantStringEnumConverter::GetEnumMemberAliases","TolerantStringEnumConverter::GetEnumMemberAliases( Type type , object enumVal)",26,35
61,18,422,4,78,"TolerantStringEnumConverter::ReadJson@37-114@LogicMonitor.Api\Converters\TolerantStringEnumConverter.cs","LogicMonitor.Api\Converters\TolerantStringEnumConverter.cs","TolerantStringEnumConverter::ReadJson","TolerantStringEnumConverter::ReadJson( JsonReader reader , Type objectType , object ? existingValue , JsonSerializer serializer)",37,114
1,2,25,3,1,"TolerantStringEnumConverter::WriteJson@116-116@LogicMonitor.Api\Converters\TolerantStringEnumConverter.cs","LogicMonitor.Api\Converters\TolerantStringEnumConverter.cs","TolerantStringEnumConverter::WriteJson","TolerantStringEnumConverter::WriteJson( JsonWriter writer , object ? value , JsonSerializer serializer)",116,116
1,2,23,1,1,"TolerantStringEnumConverter::IsNullableType@118-118@LogicMonitor.Api\Converters\TolerantStringEnumConverter.cs","LogicMonitor.Api\Converters\TolerantStringEnumConverter.cs","TolerantStringEnumConverter::IsNullableType","TolerantStringEnumConverter::IsNullableType( Type t)",118,118
40,4,257,2,40,"WidgetConverter::Create@5-44@LogicMonitor.Api\Converters\WidgetConverter.cs","LogicMonitor.Api\Converters\WidgetConverter.cs","WidgetConverter::Create","WidgetConverter::Create( Type objectType , JObject jObject)",5,44
2,1,19,3,2,"WidgetConverter::WriteJson@46-47@LogicMonitor.Api\Converters\WidgetConverter.cs","LogicMonitor.Api\Converters\WidgetConverter.cs","WidgetConverter::WriteJson","WidgetConverter::WriteJson( JsonWriter writer , object ? value , JsonSerializer serializer)",46,47
15,4,98,2,15,"WidgetDataConverter::Create@8-22@LogicMonitor.Api\Converters\WidgetDataConverter.cs","LogicMonitor.Api\Converters\WidgetDataConverter.cs","WidgetDataConverter::Create","WidgetDataConverter::Create( Type objectType , JObject jObject)",8,22
2,1,19,3,2,"WidgetDataConverter::WriteJson@24-25@LogicMonitor.Api\Converters\WidgetDataConverter.cs","LogicMonitor.Api\Converters\WidgetDataConverter.cs","WidgetDataConverter::WriteJson","WidgetDataConverter::WriteJson( JsonWriter writer , object ? value , JsonSerializer serializer)",24,25
1,1,6,0,1,"Dashboard::Endpoint@103-103@LogicMonitor.Api\Dashboards\Dashboard.cs","LogicMonitor.Api\Dashboards\Dashboard.cs","Dashboard::Endpoint","Dashboard::Endpoint()",103,103
1,1,6,0,1,"DashboardCreationResponse::Endpoint@103-103@LogicMonitor.Api\Dashboards\DashboardCreationResponse.cs","LogicMonitor.Api\Dashboards\DashboardCreationResponse.cs","DashboardCreationResponse::Endpoint","DashboardCreationResponse::Endpoint()",103,103
1,1,6,0,1,"DashboardGroup::Endpoint@64-64@LogicMonitor.Api\Dashboards\DashboardGroup.cs","LogicMonitor.Api\Dashboards\DashboardGroup.cs","DashboardGroup::Endpoint","DashboardGroup::Endpoint()",64,64
1,1,6,0,1,"DashboardGroupCreationDto::ToString@37-37@LogicMonitor.Api\Dashboards\DashboardGroupCreationDto.cs","LogicMonitor.Api\Dashboards\DashboardGroupCreationDto.cs","DashboardGroupCreationDto::ToString","DashboardGroupCreationDto::ToString()",37,37
4,1,9,0,4,"HtmlWidget::HtmlWidget@12-15@LogicMonitor.Api\Dashboards\HtmlWidget.cs","LogicMonitor.Api\Dashboards\HtmlWidget.cs","HtmlWidget::HtmlWidget","HtmlWidget::HtmlWidget()",12,15
4,1,9,0,4,"ResourceGroupMapPoint::ResourceGroupMapPoint@12-15@LogicMonitor.Api\Dashboards\ResourceGroupMapPoint.cs","LogicMonitor.Api\Dashboards\ResourceGroupMapPoint.cs","ResourceGroupMapPoint::ResourceGroupMapPoint","ResourceGroupMapPoint::ResourceGroupMapPoint()",12,15
4,1,9,0,4,"ResourceMapPoint::ResourceMapPoint@12-15@LogicMonitor.Api\Dashboards\ResourceMapPoint.cs","LogicMonitor.Api\Dashboards\ResourceMapPoint.cs","ResourceMapPoint::ResourceMapPoint","ResourceMapPoint::ResourceMapPoint()",12,15
1,1,7,0,1,"SimpleProperty::ToString@35-35@LogicMonitor.Api\Dashboards\SimpleProperty.cs","LogicMonitor.Api\Dashboards\SimpleProperty.cs","SimpleProperty::ToString","SimpleProperty::ToString()",35,35
1,1,6,0,1,"Widget::Endpoint@157-157@LogicMonitor.Api\Dashboards\Widget.cs","LogicMonitor.Api\Dashboards\Widget.cs","Widget::Endpoint","Widget::Endpoint()",157,157
1,1,7,0,1,"WidgetParameter::ToString@24-24@LogicMonitor.Api\Dashboards\WidgetParameter.cs","LogicMonitor.Api\Dashboards\WidgetParameter.cs","WidgetParameter::ToString","WidgetParameter::ToString()",24,24
1,1,7,0,1,"ForecastDataRequest::ToString@40-40@LogicMonitor.Api\Data\ForecastDataRequest.cs","LogicMonitor.Api\Data\ForecastDataRequest.cs","ForecastDataRequest::ToString","ForecastDataRequest::ToString()",40,40
19,5,69,0,22,"ForecastDataRequest::Validate@43-64@LogicMonitor.Api\Data\ForecastDataRequest.cs","LogicMonitor.Api\Data\ForecastDataRequest.cs","ForecastDataRequest::Validate","ForecastDataRequest::Validate()",43,64
8,1,64,1,8,"ForecastDataRequest::StartTime@66-73@LogicMonitor.Api\Data\ForecastDataRequest.cs","LogicMonitor.Api\Data\ForecastDataRequest.cs","ForecastDataRequest::StartTime","ForecastDataRequest::StartTime( TrainingTimePeriod trainingTime)",66,73
5,1,6,0,75,"*global*@0-74@LogicMonitor.Api\Data\ForecastDataRequest.cs","LogicMonitor.Api\Data\ForecastDataRequest.cs","*global*","*global*",0,74
1,1,7,0,1,"ForecastGraphData::ToString@21-21@LogicMonitor.Api\Data\ForecastGraphData.cs","LogicMonitor.Api\Data\ForecastGraphData.cs","ForecastGraphData::ToString","ForecastGraphData::ToString()",21,21
4,1,9,0,4,"GraphDataRequest::GraphDataRequest@12-15@LogicMonitor.Api\Data\GraphDataRequest.cs","LogicMonitor.Api\Data\GraphDataRequest.cs","GraphDataRequest::GraphDataRequest","GraphDataRequest::GraphDataRequest()",12,15
20,6,68,0,24,"GraphDataRequest::ValidateInternal@54-77@LogicMonitor.Api\Data\GraphDataRequest.cs","LogicMonitor.Api\Data\GraphDataRequest.cs","GraphDataRequest::ValidateInternal","GraphDataRequest::ValidateInternal()",54,77
25,4,216,1,28,"Line::Substring@17-44@LogicMonitor.Api\Data\Line.cs","LogicMonitor.Api\Data\Line.cs","Line::Substring","Line::Substring( 1)",17,44
1,1,7,0,1,"Line::ToString@176-176@LogicMonitor.Api\Data\Line.cs","LogicMonitor.Api\Data\Line.cs","Line::ToString","Line::ToString()",176,176
12,3,39,0,14,"NetflowGraphDataRequest::Validate@23-36@LogicMonitor.Api\Data\NetflowGraphDataRequest.cs","LogicMonitor.Api\Data\NetflowGraphDataRequest.cs","NetflowGraphDataRequest::Validate","NetflowGraphDataRequest::Validate()",23,36
8,2,25,0,9,"NetflowResourceGroupGraphDataRequest::Validate@17-25@LogicMonitor.Api\Data\NetflowResourceGroupGraphDataRequest.cs","LogicMonitor.Api\Data\NetflowResourceGroupGraphDataRequest.cs","NetflowResourceGroupGraphDataRequest::Validate","NetflowResourceGroupGraphDataRequest::Validate()",17,25
1,1,7,0,1,"PollNowInnerResult::ToString@40-40@LogicMonitor.Api\Data\PollNowInnerResult.cs","LogicMonitor.Api\Data\PollNowInnerResult.cs","PollNowInnerResult::ToString","PollNowInnerResult::ToString()",40,40
1,1,7,0,1,"PollNowItem::ToString@22-22@LogicMonitor.Api\Data\PollNowItem.cs","LogicMonitor.Api\Data\PollNowItem.cs","PollNowItem::ToString","PollNowItem::ToString()",22,22
12,3,39,0,14,"ResourceDataSourceGraphDataRequest::Validate@31-44@LogicMonitor.Api\Data\ResourceDataSourceGraphDataRequest.cs","LogicMonitor.Api\Data\ResourceDataSourceGraphDataRequest.cs","ResourceDataSourceGraphDataRequest::Validate","ResourceDataSourceGraphDataRequest::Validate()",31,44
12,3,46,0,14,"ResourceDataSourceInstanceGraphDataRequest::Validate@22-35@LogicMonitor.Api\Data\ResourceDataSourceInstanceGraphDataRequest.cs","LogicMonitor.Api\Data\ResourceDataSourceInstanceGraphDataRequest.cs","ResourceDataSourceInstanceGraphDataRequest::Validate","ResourceDataSourceInstanceGraphDataRequest::Validate()",22,35
8,2,26,0,8,"WebsiteCheckpointGraphDataRequest::Validate@29-36@LogicMonitor.Api\Data\WebsiteCheckpointGraphDataRequest.cs","LogicMonitor.Api\Data\WebsiteCheckpointGraphDataRequest.cs","WebsiteCheckpointGraphDataRequest::Validate","WebsiteCheckpointGraphDataRequest::Validate()",29,36
4,1,13,1,4,"WebsiteCheckPointRawDataRequest::if@34-37@LogicMonitor.Api\Data\WebsiteCheckPointRawDataRequest.cs","LogicMonitor.Api\Data\WebsiteCheckPointRawDataRequest.cs","WebsiteCheckPointRawDataRequest::if","WebsiteCheckPointRawDataRequest::if( TimePeriod is not null)",34,37
4,1,18,1,4,"WebsiteCheckPointRawDataRequest::if@39-42@LogicMonitor.Api\Data\WebsiteCheckPointRawDataRequest.cs","LogicMonitor.Api\Data\WebsiteCheckPointRawDataRequest.cs","WebsiteCheckPointRawDataRequest::if","WebsiteCheckPointRawDataRequest::if( StartDateTime is not null && EndDateTime is not null)",39,42
22,7,79,0,25,"WebsiteCheckPointRawDataRequest::Validate@87-111@LogicMonitor.Api\Data\WebsiteCheckPointRawDataRequest.cs","LogicMonitor.Api\Data\WebsiteCheckPointRawDataRequest.cs","WebsiteCheckPointRawDataRequest::Validate","WebsiteCheckPointRawDataRequest::Validate()",87,111
12,3,41,0,14,"WebsiteOverviewGraphDataRequest::Validate@33-46@LogicMonitor.Api\Data\WebsiteOverviewGraphDataRequest.cs","LogicMonitor.Api\Data\WebsiteOverviewGraphDataRequest.cs","WebsiteOverviewGraphDataRequest::Validate","WebsiteOverviewGraphDataRequest::Validate()",33,46
8,2,24,0,9,"WidgetGraphDataRequest::Validate@16-24@LogicMonitor.Api\Data\WidgetGraphDataRequest.cs","LogicMonitor.Api\Data\WidgetGraphDataRequest.cs","WidgetGraphDataRequest::Validate","WidgetGraphDataRequest::Validate()",16,24
13,1,100,1,14,"LogicMonitorClient::LogicMonitorClient@8-21@LogicMonitor.Api\Experimental\LogicMonitorClient.cs","LogicMonitor.Api\Experimental\LogicMonitorClient.cs","LogicMonitorClient::LogicMonitorClient","LogicMonitorClient::LogicMonitorClient( LogicMonitorClientOptions options)",8,21
16,5,99,0,18,"LogicMonitorClient::new@26-43@LogicMonitor.Api\Experimental\LogicMonitorClient.cs","LogicMonitor.Api\Experimental\LogicMonitorClient.cs","LogicMonitorClient::new","LogicMonitorClient::new()",26,43
10,2,75,0,14,"LogicMonitorClient::new@45-58@LogicMonitor.Api\Experimental\LogicMonitorClient.cs","LogicMonitor.Api\Experimental\LogicMonitorClient.cs","LogicMonitorClient::new","LogicMonitorClient::new()",45,58
10,3,24,1,14,"LogicMonitorClient::Dispose@60-73@LogicMonitor.Api\Experimental\LogicMonitorClient.cs","LogicMonitor.Api\Experimental\LogicMonitorClient.cs","LogicMonitorClient::Dispose","LogicMonitorClient::Dispose( bool disposing)",60,73
5,1,19,0,6,"LogicMonitorClient::Dispose@75-80@LogicMonitor.Api\Experimental\LogicMonitorClient.cs","LogicMonitor.Api\Experimental\LogicMonitorClient.cs","LogicMonitorClient::Dispose","LogicMonitorClient::Dispose()",75,80
12,1,57,1,15,"LogicMonitorV4Client::LogicMonitorV4Client@23-37@LogicMonitor.Api\Experimental\LogicMonitorV4Client.cs","LogicMonitor.Api\Experimental\LogicMonitorV4Client.cs","LogicMonitorV4Client::LogicMonitorV4Client","LogicMonitorV4Client::LogicMonitorV4Client( LogicMonitorClientOptions options)",23,37
52,5,303,1,69,"LogicMonitorV4Client::AuthenticateAsync@48-116@LogicMonitor.Api\Experimental\LogicMonitorV4Client.cs","LogicMonitor.Api\Experimental\LogicMonitorV4Client.cs","LogicMonitorV4Client::AuthenticateAsync","LogicMonitorV4Client::AuthenticateAsync( CancellationToken cancellationToken)",48,116
11,1,66,2,12,"LogicMonitorV4Client::LogFailure@118-129@LogicMonitor.Api\Experimental\LogicMonitorV4Client.cs","LogicMonitor.Api\Experimental\LogicMonitorV4Client.cs","LogicMonitorV4Client::LogFailure","LogicMonitorV4Client::LogFailure( string step , HttpResponseMessage response)",118,129
11,3,30,1,12,"LogicMonitorV4Client::Dispose@138-149@LogicMonitor.Api\Experimental\LogicMonitorV4Client.cs","LogicMonitor.Api\Experimental\LogicMonitorV4Client.cs","LogicMonitorV4Client::Dispose","LogicMonitorV4Client::Dispose( bool disposing)",138,149
5,1,19,0,6,"LogicMonitorV4Client::Dispose@152-157@LogicMonitor.Api\Experimental\LogicMonitorV4Client.cs","LogicMonitor.Api\Experimental\LogicMonitorV4Client.cs","LogicMonitorV4Client::Dispose","LogicMonitorV4Client::Dispose()",152,157
1,1,8,0,1,"PagingRequest::IncrementPage@22-22@LogicMonitor.Api\Experimental\PagingRequest.cs","LogicMonitor.Api\Experimental\PagingRequest.cs","PagingRequest::IncrementPage","IncrementPage()",22,22
1,2,11,0,1,"PagingRequest::ToString@24-24@LogicMonitor.Api\Experimental\PagingRequest.cs","LogicMonitor.Api\Experimental\PagingRequest.cs","PagingRequest::ToString","ToString()",24,24
9,3,48,2,10,"QueryStringBuilder::Append@9-18@LogicMonitor.Api\Experimental\QueryStringBuilder.cs","LogicMonitor.Api\Experimental\QueryStringBuilder.cs","QueryStringBuilder::Append","Append( string key , IReadOnlyCollection<string> ? values)",9,18
10,2,31,0,11,"QueryStringBuilder::AddDelimiter@20-30@LogicMonitor.Api\Experimental\QueryStringBuilder.cs","LogicMonitor.Api\Experimental\QueryStringBuilder.cs","QueryStringBuilder::AddDelimiter","AddDelimiter()",20,30
9,2,40,2,10,"QueryStringBuilder::Append@32-41@LogicMonitor.Api\Experimental\QueryStringBuilder.cs","LogicMonitor.Api\Experimental\QueryStringBuilder.cs","QueryStringBuilder::Append","Append( string key , AdvancedFilter<T> ? filter)",32,41
5,1,26,2,5,"QueryStringBuilder::Append@43-47@LogicMonitor.Api\Experimental\QueryStringBuilder.cs","LogicMonitor.Api\Experimental\QueryStringBuilder.cs","QueryStringBuilder::Append","Append( string key , int value)",43,47
2,1,10,0,2,"QueryStringBuilder::ToString@49-50@LogicMonitor.Api\Experimental\QueryStringBuilder.cs","LogicMonitor.Api\Experimental\QueryStringBuilder.cs","QueryStringBuilder::ToString","ToString()",49,50
21,4,173,2,25,"SecureHttpClientHandler::SendAsync@8-32@LogicMonitor.Api\Experimental\SecureHttpClientHandler.cs","LogicMonitor.Api\Experimental\SecureHttpClientHandler.cs","SecureHttpClientHandler::SendAsync","SendAsync( HttpRequestMessage request , CancellationToken cancellationToken)",8,32
14,1,78,1,14,"AlertTypeExtensions::GetQueryString@12-25@LogicMonitor.Api\Extensions\AlertTypeExtensions.cs","LogicMonitor.Api\Extensions\AlertTypeExtensions.cs","AlertTypeExtensions::GetQueryString","AlertTypeExtensions::GetQueryString( this AlertType alertType)",12,25
3,1,4,0,27,"*global*@0-26@LogicMonitor.Api\Extensions\AlertTypeExtensions.cs","LogicMonitor.Api\Extensions\AlertTypeExtensions.cs","*global*","*global*",0,26
4,1,48,1,4,"ColorExtensions::ToHtml@12-15@LogicMonitor.Api\Extensions\ColorExtensions.cs","LogicMonitor.Api\Extensions\ColorExtensions.cs","ColorExtensions::ToHtml","ColorExtensions::ToHtml( this Color color)",12,15
11,3,38,1,13,"DateTimeExtensions::ToDateTimeUtc@17-29@LogicMonitor.Api\Extensions\DateTimeExtensions.cs","LogicMonitor.Api\Extensions\DateTimeExtensions.cs","DateTimeExtensions::ToDateTimeUtc","DateTimeExtensions::ToDateTimeUtc( this long msSinceTheEpoch)",17,29
2,1,14,1,2,"DateTimeExtensions::ToDateTimeUtc@36-37@LogicMonitor.Api\Extensions\DateTimeExtensions.cs","LogicMonitor.Api\Extensions\DateTimeExtensions.cs","DateTimeExtensions::ToDateTimeUtc","DateTimeExtensions::ToDateTimeUtc( this int secondsSinceTheEpoch)",36,37
2,2,19,1,2,"DateTimeExtensions::ToNullableDateTimeUtc@45-46@LogicMonitor.Api\Extensions\DateTimeExtensions.cs","LogicMonitor.Api\Extensions\DateTimeExtensions.cs","DateTimeExtensions::ToNullableDateTimeUtc","DateTimeExtensions::ToNullableDateTimeUtc( this int secondsSinceTheEpoch)",45,46
11,3,38,1,15,"DateTimeExtensions::ToDateTimeUtcFromMs@56-70@LogicMonitor.Api\Extensions\DateTimeExtensions.cs","LogicMonitor.Api\Extensions\DateTimeExtensions.cs","DateTimeExtensions::ToDateTimeUtcFromMs","DateTimeExtensions::ToDateTimeUtcFromMs( this long msSinceTheEpoch)",56,70
2,2,19,1,2,"DateTimeExtensions::ToNullableDateTimeUtc@78-79@LogicMonitor.Api\Extensions\DateTimeExtensions.cs","LogicMonitor.Api\Extensions\DateTimeExtensions.cs","DateTimeExtensions::ToNullableDateTimeUtc","DateTimeExtensions::ToNullableDateTimeUtc( this long secondsSinceTheEpoch)",78,79
2,1,18,1,2,"DateTimeExtensions::SecondsSinceTheEpoch@86-87@LogicMonitor.Api\Extensions\DateTimeExtensions.cs","LogicMonitor.Api\Extensions\DateTimeExtensions.cs","DateTimeExtensions::SecondsSinceTheEpoch","DateTimeExtensions::SecondsSinceTheEpoch( this DateTime dateTime)",86,87
2,1,18,1,2,"DateTimeExtensions::MillisecondsSinceTheEpoch@95-96@LogicMonitor.Api\Extensions\DateTimeExtensions.cs","LogicMonitor.Api\Extensions\DateTimeExtensions.cs","DateTimeExtensions::MillisecondsSinceTheEpoch","DateTimeExtensions::MillisecondsSinceTheEpoch( this DateTime dateTime)",95,96
2,1,20,1,2,"DateTimeExtensions::FirstDayOfThisMonth@98-99@LogicMonitor.Api\Extensions\DateTimeExtensions.cs","LogicMonitor.Api\Extensions\DateTimeExtensions.cs","DateTimeExtensions::FirstDayOfThisMonth","DateTimeExtensions::FirstDayOfThisMonth( this DateTime dateTime)",98,99
2,1,19,1,2,"DateTimeExtensions::FirstDayOfLastMonth@106-107@LogicMonitor.Api\Extensions\DateTimeExtensions.cs","LogicMonitor.Api\Extensions\DateTimeExtensions.cs","DateTimeExtensions::FirstDayOfLastMonth","DateTimeExtensions::FirstDayOfLastMonth( this DateTime dateTime)",106,107
2,1,19,1,2,"DateTimeExtensions::LastDayOfLastMonth@114-115@LogicMonitor.Api\Extensions\DateTimeExtensions.cs","LogicMonitor.Api\Extensions\DateTimeExtensions.cs","DateTimeExtensions::LastDayOfLastMonth","DateTimeExtensions::LastDayOfLastMonth( this DateTime dateTime)",114,115
24,5,147,3,28,"DateTimeExtensions::GetChunkedTimeRangeList@125-152@LogicMonitor.Api\Extensions\DateTimeExtensions.cs","LogicMonitor.Api\Extensions\DateTimeExtensions.cs","DateTimeExtensions::GetChunkedTimeRangeList","DateTimeExtensions::GetChunkedTimeRangeList( this DateTime startDateTime , DateTime endDateTime , TimeSpan chunkSize)",125,152
7,1,70,1,7,"EnumHelper::ToEnumString<T>@5-11@LogicMonitor.Api\Extensions\EnumHelper.cs","LogicMonitor.Api\Extensions\EnumHelper.cs","EnumHelper::ToEnumString<T>","EnumHelper::ToEnumString<T>( T type)",5,11
16,4,85,1,18,"GraphDataExtensions::GetTimestampToRemove@15-32@LogicMonitor.Api\Extensions\GraphDataExtensions.cs","LogicMonitor.Api\Extensions\GraphDataExtensions.cs","GraphDataExtensions::GetTimestampToRemove","GraphDataExtensions::GetTimestampToRemove( this GraphData graphData)",15,32
21,2,95,1,32,"GraphDataExtensions::RemoveInvalidDataPoints@38-69@LogicMonitor.Api\Extensions\GraphDataExtensions.cs","LogicMonitor.Api\Extensions\GraphDataExtensions.cs","GraphDataExtensions::RemoveInvalidDataPoints","GraphDataExtensions::RemoveInvalidDataPoints( this GraphData graphData)",38,69
9,1,59,4,9,"HttpClientExtensions::PatchAsync@5-13@LogicMonitor.Api\Extensions\HttpClientExtensions.cs","LogicMonitor.Api\Extensions\HttpClientExtensions.cs","HttpClientExtensions::PatchAsync","HttpClientExtensions::PatchAsync( this HttpClient client , Uri requestUri , HttpContent iContent , CancellationToken cancellationToken)",5,13
25,6,155,4,30,"LoggerExtensions::LogHttpHeaders@15-44@LogicMonitor.Api\Extensions\LoggerExtensions.cs","LogicMonitor.Api\Extensions\LoggerExtensions.cs","LoggerExtensions::LogHttpHeaders","LoggerExtensions::LogHttpHeaders( this ILogger logger , bool isRequest , string prefix , HttpHeaders ? headers)",15,44
17,1,179,0,17,"LogItemExtensions::new@41-57@LogicMonitor.Api\Extensions\LogItemExtensions.cs","LogicMonitor.Api\Extensions\LogItemExtensions.cs","LogItemExtensions::new","LogItemExtensions::new()",41,57
11,2,47,0,12,"LogItemExtensions::ValidateRegexes@59-70@LogicMonitor.Api\Extensions\LogItemExtensions.cs","LogicMonitor.Api\Extensions\LogItemExtensions.cs","LogItemExtensions::ValidateRegexes","LogItemExtensions::ValidateRegexes()",59,70
22,4,139,1,36,"LogItemExtensions::ToAuditEvent@431-466@LogicMonitor.Api\Extensions\LogItemExtensions.cs","LogicMonitor.Api\Extensions\LogItemExtensions.cs","LogItemExtensions::ToAuditEvent","LogItemExtensions::ToAuditEvent( this LogItem logItem)",431,466
15,4,90,1,15,"LogItemExtensions::CreateAuditEvent@468-482@LogicMonitor.Api\Extensions\LogItemExtensions.cs","LogicMonitor.Api\Extensions\LogItemExtensions.cs","LogItemExtensions::CreateAuditEvent","LogItemExtensions::CreateAuditEvent( LogItem logItem)",468,482
33,3,36,0,1019,"*global*@0-1018@LogicMonitor.Api\Extensions\LogItemExtensions.cs","LogicMonitor.Api\Extensions\LogItemExtensions.cs","*global*","*global*",0,1018
6,5,44,2,6,"LogItemExtensions::TryHandleByPrefix@489-494@LogicMonitor.Api\Extensions\LogItemExtensions.cs","LogicMonitor.Api\Extensions\LogItemExtensions.cs","LogItemExtensions::TryHandleByPrefix","LogItemExtensions::TryHandleByPrefix( string description , AuditEvent auditEvent)",489,494
27,4,149,2,34,"LogItemExtensions::TryHandleBulkPayloadPrefix@499-532@LogicMonitor.Api\Extensions\LogItemExtensions.cs","LogicMonitor.Api\Extensions\LogItemExtensions.cs","LogItemExtensions::TryHandleBulkPayloadPrefix","LogItemExtensions::TryHandleBulkPayloadPrefix( string description , AuditEvent auditEvent)",499,532
26,3,147,2,29,"LogItemExtensions::TryHandleLogicModuleAdditionPrefix@537-565@LogicMonitor.Api\Extensions\LogItemExtensions.cs","LogicMonitor.Api\Extensions\LogItemExtensions.cs","LogItemExtensions::TryHandleLogicModuleAdditionPrefix","LogItemExtensions::TryHandleLogicModuleAdditionPrefix( string description , AuditEvent auditEvent)",537,565
25,4,124,2,29,"LogItemExtensions::TryHandleWebsitePrefix@570-598@LogicMonitor.Api\Extensions\LogItemExtensions.cs","LogicMonitor.Api\Extensions\LogItemExtensions.cs","LogItemExtensions::TryHandleWebsitePrefix","LogItemExtensions::TryHandleWebsitePrefix( string description , AuditEvent auditEvent)",570,598
25,4,120,4,28,"LogItemExtensions::TryGetEntityTypeMatch@605-632@LogicMonitor.Api\Extensions\LogItemExtensions.cs","LogicMonitor.Api\Extensions\LogItemExtensions.cs","LogItemExtensions::TryGetEntityTypeMatch","LogItemExtensions::TryGetEntityTypeMatch( string description , AuditEvent auditEvent , [ NotNullWhen(true) ] out LogItemRegex ? logItemRegex , [ NotNullWhen(true) ] out Match ? match)",605,632
15,4,69,1,18,"LogItemExtensions::ApplyRegexIdMetadata@638-655@LogicMonitor.Api\Extensions\LogItemExtensions.cs","LogicMonitor.Api\Extensions\LogItemExtensions.cs","LogItemExtensions::ApplyRegexIdMetadata","LogItemExtensions::ApplyRegexIdMetadata( AuditEvent auditEvent)",638,655
45,1,610,2,46,"LogItemExtensions::PopulateFromMatchGroups@657-702@LogicMonitor.Api\Extensions\LogItemExtensions.cs","LogicMonitor.Api\Extensions\LogItemExtensions.cs","LogItemExtensions::PopulateFromMatchGroups","LogItemExtensions::PopulateFromMatchGroups( AuditEvent auditEvent , Match match)",657,702
13,7,124,2,14,"LogItemExtensions::PopulateResources@707-720@LogicMonitor.Api\Extensions\LogItemExtensions.cs","LogicMonitor.Api\Extensions\LogItemExtensions.cs","LogItemExtensions::PopulateResources","LogItemExtensions::PopulateResources( AuditEvent auditEvent , Match match)",707,720
19,5,141,2,20,"LogItemExtensions::PopulateKubernetesResources@722-741@LogicMonitor.Api\Extensions\LogItemExtensions.cs","LogicMonitor.Api\Extensions\LogItemExtensions.cs","LogItemExtensions::PopulateKubernetesResources","LogItemExtensions::PopulateKubernetesResources( AuditEvent auditEvent , Match match)",722,741
32,5,224,2,36,"LogItemExtensions::PopulateAffectedInstances@747-782@LogicMonitor.Api\Extensions\LogItemExtensions.cs","LogicMonitor.Api\Extensions\LogItemExtensions.cs","LogItemExtensions::PopulateAffectedInstances","LogItemExtensions::PopulateAffectedInstances( AuditEvent auditEvent , Match match)",747,782
4,1,17,1,4,"LogItemExtensions::if@786-789@LogicMonitor.Api\Extensions\LogItemExtensions.cs","LogicMonitor.Api\Extensions\LogItemExtensions.cs","LogItemExtensions::if","LogItemExtensions::if( ! match . Groups [ groupName ] . Success)",786,789
4,1,11,1,4,"LogItemExtensions::if@793-796@LogicMonitor.Api\Extensions\LogItemExtensions.cs","LogicMonitor.Api\Extensions\LogItemExtensions.cs","LogItemExtensions::if","LogItemExtensions::if( stringValue == 'NA')",793,796
5,2,38,1,5,"LogItemExtensions::if@798-802@LogicMonitor.Api\Extensions\LogItemExtensions.cs","LogicMonitor.Api\Extensions\LogItemExtensions.cs","LogItemExtensions::if","LogItemExtensions::if( typeof(T) == typeof(int))",798,802
5,2,38,1,5,"LogItemExtensions::if@804-808@LogicMonitor.Api\Extensions\LogItemExtensions.cs","LogicMonitor.Api\Extensions\LogItemExtensions.cs","LogItemExtensions::if","LogItemExtensions::if( typeof(T) == typeof(long))",804,808
4,1,17,1,4,"LogItemExtensions::if@817-820@LogicMonitor.Api\Extensions\LogItemExtensions.cs","LogicMonitor.Api\Extensions\LogItemExtensions.cs","LogItemExtensions::if","LogItemExtensions::if( ! match . Groups [ groupName ] . Success)",817,820
10,2,62,1,11,"LogItemExtensions::GetMatchFromDescription@833-843@LogicMonitor.Api\Extensions\LogItemExtensions.cs","LogicMonitor.Api\Extensions\LogItemExtensions.cs","LogItemExtensions::GetMatchFromDescription","LogItemExtensions::GetMatchFromDescription( string description)",833,843
16,3,85,2,19,"LogItemExtensions::TryGetGroupUpdateWithGetExtraMatch@845-863@LogicMonitor.Api\Extensions\LogItemExtensions.cs","LogicMonitor.Api\Extensions\LogItemExtensions.cs","LogItemExtensions::TryGetGroupUpdateWithGetExtraMatch","LogItemExtensions::TryGetGroupUpdateWithGetExtraMatch( string description , out Match match)",845,863
2,1,18,2,2,"LogItemExtensions::CreateRegex@865-866@LogicMonitor.Api\Extensions\LogItemExtensions.cs","LogicMonitor.Api\Extensions\LogItemExtensions.cs","LogItemExtensions::CreateRegex","LogItemExtensions::CreateRegex( string pattern , RegexOptions options)",865,866
2,1,21,1,2,"LogItemExtensions::WithTimeout@868-869@LogicMonitor.Api\Extensions\LogItemExtensions.cs","LogicMonitor.Api\Extensions\LogItemExtensions.cs","LogItemExtensions::WithTimeout","LogItemExtensions::WithTimeout( Regex regex)",868,869
11,2,32,2,11,"LogItemExtensions::SafeMatch@871-881@LogicMonitor.Api\Extensions\LogItemExtensions.cs","LogicMonitor.Api\Extensions\LogItemExtensions.cs","LogItemExtensions::SafeMatch","LogItemExtensions::SafeMatch( Regex regex , string input)",871,881
11,2,38,2,11,"LogItemExtensions::SafeMatches@883-893@LogicMonitor.Api\Extensions\LogItemExtensions.cs","LogicMonitor.Api\Extensions\LogItemExtensions.cs","LogItemExtensions::SafeMatches","LogItemExtensions::SafeMatches( Regex regex , string input)",883,893
18,3,116,2,21,"LogItemExtensions::TryHandleScheduledDebugCommand@895-915@LogicMonitor.Api\Extensions\LogItemExtensions.cs","LogicMonitor.Api\Extensions\LogItemExtensions.cs","LogItemExtensions::TryHandleScheduledDebugCommand","LogItemExtensions::TryHandleScheduledDebugCommand( string description , AuditEvent auditEvent)",895,915
18,3,101,2,22,"LogItemExtensions::TryHandleDeleteAzureAccount@917-938@LogicMonitor.Api\Extensions\LogItemExtensions.cs","LogicMonitor.Api\Extensions\LogItemExtensions.cs","LogItemExtensions::TryHandleDeleteAzureAccount","LogItemExtensions::TryHandleDeleteAzureAccount( string description , AuditEvent auditEvent)",917,938
14,3,65,2,16,"LogItemExtensions::ExtractNameBetweenSingleQuotes@940-955@LogicMonitor.Api\Extensions\LogItemExtensions.cs","LogicMonitor.Api\Extensions\LogItemExtensions.cs","LogItemExtensions::ExtractNameBetweenSingleQuotes","LogItemExtensions::ExtractNameBetweenSingleQuotes( string description , string prefix)",940,955
15,3,83,3,17,"LogItemExtensions::ExtractValueBetween@957-973@LogicMonitor.Api\Extensions\LogItemExtensions.cs","LogicMonitor.Api\Extensions\LogItemExtensions.cs","LogItemExtensions::ExtractValueBetween","LogItemExtensions::ExtractValueBetween( string source , string startMarker , string endMarker)",957,973
8,1,48,2,8,"LogItemExtensions::GetPreview@975-982@LogicMonitor.Api\Extensions\LogItemExtensions.cs","LogicMonitor.Api\Extensions\LogItemExtensions.cs","LogItemExtensions::GetPreview","LogItemExtensions::GetPreview( string value , int maxLength)",975,982
33,6,209,1,33,"LogItemExtensions::GetAction@984-1016@LogicMonitor.Api\Extensions\LogItemExtensions.cs","LogicMonitor.Api\Extensions\LogItemExtensions.cs","LogItemExtensions::GetAction","LogItemExtensions::GetAction( Match value)",984,1016
33,3,36,0,1019,"*global*@0-1018@LogicMonitor.Api\Extensions\LogItemExtensions.cs","LogicMonitor.Api\Extensions\LogItemExtensions.cs","*global*","*global*",0,1018
1,1,35,4,1,"StringBuilderExtensions::AppendIfNotNull@5-5@LogicMonitor.Api\Extensions\StringBuilderExtensions.cs","LogicMonitor.Api\Extensions\StringBuilderExtensions.cs","StringBuilderExtensions::AppendIfNotNull","StringBuilderExtensions::AppendIfNotNull( this StringBuilder stringBuilder , string parameter , object value , string @ operator = '=')",5,5
8,2,45,6,12,"StringBuilderExtensions::AppendIfNotNullInternal@7-18@LogicMonitor.Api\Extensions\StringBuilderExtensions.cs","LogicMonitor.Api\Extensions\StringBuilderExtensions.cs","StringBuilderExtensions::AppendIfNotNullInternal","StringBuilderExtensions::AppendIfNotNullInternal( StringBuilder stringBuilder , string parameter , object value , string @ operator , string delimiter , bool encodeResult)",7,18
9,2,75,1,10,"StringBuilderExtensions::UriEscape@20-29@LogicMonitor.Api\Extensions\StringBuilderExtensions.cs","LogicMonitor.Api\Extensions\StringBuilderExtensions.cs","StringBuilderExtensions::UriEscape","StringBuilderExtensions::UriEscape( this object value)",20,29
4,2,44,1,4,"StringExtensions::LowerCaseFirst@5-8@LogicMonitor.Api\Extensions\StringExtensions.cs","LogicMonitor.Api\Extensions\StringExtensions.cs","StringExtensions::LowerCaseFirst","StringExtensions::LowerCaseFirst( this string value)",5,8
4,2,44,1,4,"StringExtensions::UpperCaseFirst@10-13@LogicMonitor.Api\Extensions\StringExtensions.cs","LogicMonitor.Api\Extensions\StringExtensions.cs","StringExtensions::UpperCaseFirst","StringExtensions::UpperCaseFirst( this string value)",10,13
2,1,18,1,2,"StringExtensions::DeCamelCase@15-16@LogicMonitor.Api\Extensions\StringExtensions.cs","LogicMonitor.Api\Extensions\StringExtensions.cs","StringExtensions::DeCamelCase","StringExtensions::DeCamelCase( this string value)",15,16
2,1,46,1,2,"StringExtensions::EscapeProblematicCharacters@18-19@LogicMonitor.Api\Extensions\StringExtensions.cs","LogicMonitor.Api\Extensions\StringExtensions.cs","StringExtensions::EscapeProblematicCharacters","StringExtensions::EscapeProblematicCharacters( this string value)",18,19
2,1,16,1,2,"StringExtensions::EscapeSlashes@21-22@LogicMonitor.Api\Extensions\StringExtensions.cs","LogicMonitor.Api\Extensions\StringExtensions.cs","StringExtensions::EscapeSlashes","StringExtensions::EscapeSlashes( this string value)",21,22
2,1,16,1,2,"StringExtensions::EscapePlusCharacter@29-30@LogicMonitor.Api\Extensions\StringExtensions.cs","LogicMonitor.Api\Extensions\StringExtensions.cs","StringExtensions::EscapePlusCharacter","StringExtensions::EscapePlusCharacter( this string value)",29,30
2,1,23,1,2,"StringExtensions::EscapeParens@32-33@LogicMonitor.Api\Extensions\StringExtensions.cs","LogicMonitor.Api\Extensions\StringExtensions.cs","StringExtensions::EscapeParens","StringExtensions::EscapeParens( this string value)",32,33
2,1,23,1,2,"StringExtensions::EscapeParens2@35-36@LogicMonitor.Api\Extensions\StringExtensions.cs","LogicMonitor.Api\Extensions\StringExtensions.cs","StringExtensions::EscapeParens2","StringExtensions::EscapeParens2( this string value)",35,36
6,1,24,2,6,"Eq::Eq@14-19@LogicMonitor.Api\Filters\Eq.cs","LogicMonitor.Api\Filters\Eq.cs","Eq::Eq","Eq::Eq( string property , object value)",14,19
7,3,125,0,7,"Filter::ToString@55-61@LogicMonitor.Api\Filters\Filter.cs","LogicMonitor.Api\Filters\Filter.cs","Filter::ToString","Filter::ToString()",55,61
7,2,25,0,7,"Filter::Validate@63-69@LogicMonitor.Api\Filters\Filter.cs","LogicMonitor.Api\Filters\Filter.cs","Filter::Validate","Filter::Validate()",63,69
13,2,64,0,14,"Filter::GetFields@71-84@LogicMonitor.Api\Filters\Filter.cs","LogicMonitor.Api\Filters\Filter.cs","Filter::GetFields","Filter::GetFields()",71,84
8,2,50,3,9,"Filter::AppendFilterItemIfNotNull@86-94@LogicMonitor.Api\Filters\Filter.cs","LogicMonitor.Api\Filters\Filter.cs","Filter::AppendFilterItemIfNotNull","Filter::AppendFilterItemIfNotNull( string property , object ? value , string operation = ':')",86,94
49,13,204,0,58,"FilterItem::ToString@69-126@LogicMonitor.Api\Filters\FilterItem.cs","LogicMonitor.Api\Filters\FilterItem.cs","FilterItem::ToString","FilterItem::ToString()",69,126
1,1,11,0,1,"FilterItem::ToJsonString@131-131@LogicMonitor.Api\Filters\FilterItem.cs","LogicMonitor.Api\Filters\FilterItem.cs","FilterItem::ToJsonString","FilterItem::ToJsonString()",131,131
6,1,24,2,6,"Ge::Ge@14-19@LogicMonitor.Api\Filters\Ge.cs","LogicMonitor.Api\Filters\Ge.cs","Ge::Ge","Ge::Ge( string property , object value)",14,19
6,1,24,2,6,"Gt::Gt@14-19@LogicMonitor.Api\Filters\Gt.cs","LogicMonitor.Api\Filters\Gt.cs","Gt::Gt","Gt::Gt( string property , object value)",14,19
6,1,22,2,6,"Includes::Includes@14-19@LogicMonitor.Api\Filters\Includes.cs","LogicMonitor.Api\Filters\Includes.cs","Includes::Includes","Includes::Includes( string property , object value)",14,19
6,1,24,2,6,"Le::Le@14-19@LogicMonitor.Api\Filters\Le.cs","LogicMonitor.Api\Filters\Le.cs","Le::Le","Le::Le( string property , object value)",14,19
6,1,24,2,6,"Lt::Lt@14-19@LogicMonitor.Api\Filters\Lt.cs","LogicMonitor.Api\Filters\Lt.cs","Lt::Lt","Lt::Lt( string property , object value)",14,19
6,1,24,2,6,"Ne::Ne@14-19@LogicMonitor.Api\Filters\Ne.cs","LogicMonitor.Api\Filters\Ne.cs","Ne::Ne","Ne::Ne( string property , object value)",14,19
2,1,16,0,2,"NetflowFilters::AsUrlEncodedString@96-97@LogicMonitor.Api\Filters\NetflowFilters.cs","LogicMonitor.Api\Filters\NetflowFilters.cs","NetflowFilters::AsUrlEncodedString","NetflowFilters::AsUrlEncodedString()",96,97
6,1,24,2,6,"NotIncludes::NotIncludes@14-19@LogicMonitor.Api\Filters\NotIncludes.cs","LogicMonitor.Api\Filters\NotIncludes.cs","NotIncludes::NotIncludes","NotIncludes::NotIncludes( string property , object value)",14,19
9,2,42,0,10,"Order::ToString@20-29@LogicMonitor.Api\Filters\Order.cs","LogicMonitor.Api\Filters\Order.cs","Order::ToString","Order::ToString()",20,29
1,1,7,0,1,"Flow::ToString@184-184@LogicMonitor.Api\Flows\Flow.cs","LogicMonitor.Api\Flows\Flow.cs","Flow::ToString","Flow::ToString()",184,184
1,1,21,4,1,"Flow::GetEndPointInfoString@186-186@LogicMonitor.Api\Flows\Flow.cs","LogicMonitor.Api\Flows\Flow.cs","Flow::GetEndPointInfoString","Flow::GetEndPointInfoString( string ip , string dns , int port , long bytes)",186,186
4,1,7,0,188,"*global*@0-187@LogicMonitor.Api\Flows\Flow.cs","LogicMonitor.Api\Flows\Flow.cs","*global*","*global*",0,187
1,1,7,0,1,"FlowApplication::ToString@114-114@LogicMonitor.Api\Flows\FlowApplication.cs","LogicMonitor.Api\Flows\FlowApplication.cs","FlowApplication::ToString","FlowApplication::ToString()",114,114
7,1,22,0,7,"FlowApplicationsRequest::GetQueryString@11-17@LogicMonitor.Api\Flows\FlowApplicationsRequest.cs","LogicMonitor.Api\Flows\FlowApplicationsRequest.cs","FlowApplicationsRequest::GetQueryString","FlowApplicationsRequest::GetQueryString()",11,17
1,1,9,0,1,"FlowEndpointsRequest::GetQueryString@11-11@LogicMonitor.Api\Flows\FlowEndpointsRequest.cs","LogicMonitor.Api\Flows\FlowEndpointsRequest.cs","FlowEndpointsRequest::GetQueryString","FlowEndpointsRequest::GetQueryString()",11,11
3,1,9,0,3,"FlowPortsRequest::GetQueryString@11-13@LogicMonitor.Api\Flows\FlowPortsRequest.cs","LogicMonitor.Api\Flows\FlowPortsRequest.cs","FlowPortsRequest::GetQueryString","FlowPortsRequest::GetQueryString()",11,13
7,1,24,0,7,"FlowRequest::FlowRequest@11-17@LogicMonitor.Api\Flows\FlowRequest.cs","LogicMonitor.Api\Flows\FlowRequest.cs","FlowRequest::FlowRequest","FlowRequest::FlowRequest()",11,17
1,1,9,0,1,"FlowsRequest::GetQueryString@16-16@LogicMonitor.Api\Flows\FlowsRequest.cs","LogicMonitor.Api\Flows\FlowsRequest.cs","FlowsRequest::GetQueryString","FlowsRequest::GetQueryString()",16,16
1,1,7,0,1,"NetflowBandwidth::ToString@48-48@LogicMonitor.Api\Flows\NetflowBandwidth.cs","LogicMonitor.Api\Flows\NetflowBandwidth.cs","NetflowBandwidth::ToString","NetflowBandwidth::ToString()",48,48
1,1,7,0,1,"NetflowEndpoint::ToString@54-54@LogicMonitor.Api\Flows\NetflowEndpoint.cs","LogicMonitor.Api\Flows\NetflowEndpoint.cs","NetflowEndpoint::ToString","NetflowEndpoint::ToString()",54,54
2,1,9,0,2,"ResourceGroupFlowApplicationsRequest::GetQueryString@12-13@LogicMonitor.Api\Flows\ResourceGroupFlowApplicationsRequest.cs","LogicMonitor.Api\Flows\ResourceGroupFlowApplicationsRequest.cs","ResourceGroupFlowApplicationsRequest::GetQueryString","ResourceGroupFlowApplicationsRequest::GetQueryString()",12,13
2,1,9,0,2,"ResourceGroupFlowBandwidthsRequest::GetQueryString@11-12@LogicMonitor.Api\Flows\ResourceGroupFlowBandwidthsRequest.cs","LogicMonitor.Api\Flows\ResourceGroupFlowBandwidthsRequest.cs","ResourceGroupFlowBandwidthsRequest::GetQueryString","ResourceGroupFlowBandwidthsRequest::GetQueryString()",11,12
6,1,19,0,6,"ResourceGroupFlowRequest::ResourceGroupFlowRequest@11-16@LogicMonitor.Api\Flows\ResourceGroupFlowRequest.cs","LogicMonitor.Api\Flows\ResourceGroupFlowRequest.cs","ResourceGroupFlowRequest::ResourceGroupFlowRequest","ResourceGroupFlowRequest::ResourceGroupFlowRequest()",11,16
2,1,9,0,2,"ResourceGroupFlowsRequest::GetQueryString@16-17@LogicMonitor.Api\Flows\ResourceGroupFlowsRequest.cs","LogicMonitor.Api\Flows\ResourceGroupFlowsRequest.cs","ResourceGroupFlowsRequest::GetQueryString","ResourceGroupFlowsRequest::GetQueryString()",16,17
1,1,7,0,1,"AppliesToMatch::ToString@28-28@LogicMonitor.Api\Functions\AppliesToMatch.cs","LogicMonitor.Api\Functions\AppliesToMatch.cs","AppliesToMatch::ToString","AppliesToMatch::ToString()",28,28
3,1,5,0,3,"WriteLogRequest::WriteLogRequest@12-14@LogicMonitor.Api\Logging\WriteLogRequest.cs","LogicMonitor.Api\Logging\WriteLogRequest.cs","WriteLogRequest::WriteLogRequest","WriteLogRequest::WriteLogRequest()",12,14
8,1,52,3,8,"WriteLogRequest::WriteLogRequest@22-29@LogicMonitor.Api\Logging\WriteLogRequest.cs","LogicMonitor.Api\Logging\WriteLogRequest.cs","WriteLogRequest::WriteLogRequest","WriteLogRequest::WriteLogRequest( WriteLogLevel level , int resourceId , string message)",22,29
8,1,45,3,8,"WriteLogRequest::WriteLogRequest@37-44@LogicMonitor.Api\Logging\WriteLogRequest.cs","LogicMonitor.Api\Logging\WriteLogRequest.cs","WriteLogRequest::WriteLogRequest","WriteLogRequest::WriteLogRequest( WriteLogLevel level , string resourceDisplayName , string message)",37,44
8,1,48,4,8,"WriteLogRequest::WriteLogRequest@53-60@LogicMonitor.Api\Logging\WriteLogRequest.cs","LogicMonitor.Api\Logging\WriteLogRequest.cs","WriteLogRequest::WriteLogRequest","WriteLogRequest::WriteLogRequest( WriteLogLevel level , string customPropertyName , string customPropertyValue , string message)",53,60
5,1,37,3,5,"WriteLogRequest::WriteLogRequest@71-75@LogicMonitor.Api\Logging\WriteLogRequest.cs","LogicMonitor.Api\Logging\WriteLogRequest.cs","WriteLogRequest::WriteLogRequest","WriteLogRequest::WriteLogRequest( WriteLogLevel level , Dictionary<string,string> propertyDictionary , string message)",71,75
11,1,61,1,11,"WriteLogRequest::GetPrefix@77-87@LogicMonitor.Api\Logging\WriteLogRequest.cs","LogicMonitor.Api\Logging\WriteLogRequest.cs","WriteLogRequest::GetPrefix","WriteLogRequest::GetPrefix( WriteLogLevel level)",77,87
8,1,9,0,89,"*global*@0-88@LogicMonitor.Api\Logging\WriteLogRequest.cs","LogicMonitor.Api\Logging\WriteLogRequest.cs","*global*","*global*",0,88
1,1,7,0,1,"AppliesToFunction::ToString@31-31@LogicMonitor.Api\LogicModules\AppliesToFunction.cs","LogicMonitor.Api\LogicModules\AppliesToFunction.cs","AppliesToFunction::ToString","AppliesToFunction::ToString()",31,31
1,1,6,0,1,"AppliesToFunction::Endpoint@36-36@LogicMonitor.Api\LogicModules\AppliesToFunction.cs","LogicMonitor.Api\LogicModules\AppliesToFunction.cs","AppliesToFunction::Endpoint","AppliesToFunction::Endpoint()",36,36
43,16,234,1,53,"AppliesToFunction::SetCodeFromCidr@42-94@LogicMonitor.Api\LogicModules\AppliesToFunction.cs","LogicMonitor.Api\LogicModules\AppliesToFunction.cs","AppliesToFunction::SetCodeFromCidr","AppliesToFunction::SetCodeFromCidr( string cidr)",42,94
2,1,9,0,2,"CollectionDataSourceAppliesTo::ToString@54-55@LogicMonitor.Api\LogicModules\CollectionDataSourceAppliesTo.cs","LogicMonitor.Api\LogicModules\CollectionDataSourceAppliesTo.cs","CollectionDataSourceAppliesTo::ToString","CollectionDataSourceAppliesTo::ToString()",54,55
1,1,6,0,1,"ConfigSource::Endpoint@108-108@LogicMonitor.Api\LogicModules\ConfigSource.cs","LogicMonitor.Api\LogicModules\ConfigSource.cs","ConfigSource::Endpoint","ConfigSource::Endpoint()",108,108
2,1,11,0,2,"DataPointConfiguration::ToString@248-249@LogicMonitor.Api\LogicModules\DataPointConfiguration.cs","LogicMonitor.Api\LogicModules\DataPointConfiguration.cs","DataPointConfiguration::ToString","DataPointConfiguration::ToString()",248,249
1,1,6,0,1,"DataSource::Endpoint@196-196@LogicMonitor.Api\LogicModules\DataSource.cs","LogicMonitor.Api\LogicModules\DataSource.cs","DataSource::Endpoint","DataSource::Endpoint()",196,196
1,1,7,0,1,"DataSource::ToString@200-200@LogicMonitor.Api\LogicModules\DataSource.cs","LogicMonitor.Api\LogicModules\DataSource.cs","DataSource::ToString","DataSource::ToString()",200,200
1,1,7,0,1,"DataSourceGraph::ToString@102-102@LogicMonitor.Api\LogicModules\DataSourceGraph.cs","LogicMonitor.Api\LogicModules\DataSourceGraph.cs","DataSourceGraph::ToString","DataSourceGraph::ToString()",102,102
1,1,7,0,1,"LogicModuleMetadata::ToString@47-47@LogicMonitor.Api\LogicModules\DataSourceMetadata.cs","LogicMonitor.Api\LogicModules\DataSourceMetadata.cs","LogicModuleMetadata::ToString","LogicModuleMetadata::ToString()",47,47
1,1,7,0,1,"DataSourceOverview::ToString@121-121@LogicMonitor.Api\LogicModules\DataSourceOverview.cs","LogicMonitor.Api\LogicModules\DataSourceOverview.cs","DataSourceOverview::ToString","DataSourceOverview::ToString()",121,121
1,1,6,0,1,"DiagnosticSource::Endpoint@76-76@LogicMonitor.Api\LogicModules\DiagnosticSource.cs","LogicMonitor.Api\LogicModules\DiagnosticSource.cs","DiagnosticSource::Endpoint","DiagnosticSource::Endpoint()",76,76
1,1,7,0,1,"EventSource::ToString@169-169@LogicMonitor.Api\LogicModules\EventSource.cs","LogicMonitor.Api\LogicModules\EventSource.cs","EventSource::ToString","EventSource::ToString()",169,169
1,1,6,0,1,"EventSource::Endpoint@174-174@LogicMonitor.Api\LogicModules\EventSource.cs","LogicMonitor.Api\LogicModules\EventSource.cs","EventSource::Endpoint","EventSource::Endpoint()",174,174
1,1,12,0,1,"ExchangeLogicModule::ToString@199-199@LogicMonitor.Api\LogicModules\ExchangeLogicModule.cs","LogicMonitor.Api\LogicModules\ExchangeLogicModule.cs","ExchangeLogicModule::ToString","ExchangeLogicModule::ToString()",199,199
1,1,7,0,1,"GraphLine::ToString@48-48@LogicMonitor.Api\LogicModules\GraphLine.cs","LogicMonitor.Api\LogicModules\GraphLine.cs","GraphLine::ToString","GraphLine::ToString()",48,48
1,1,7,0,1,"JobMonitor::ToString@97-97@LogicMonitor.Api\LogicModules\JobMonitor.cs","LogicMonitor.Api\LogicModules\JobMonitor.cs","JobMonitor::ToString","JobMonitor::ToString()",97,97
1,1,6,0,1,"JobMonitor::Endpoint@102-102@LogicMonitor.Api\LogicModules\JobMonitor.cs","LogicMonitor.Api\LogicModules\JobMonitor.cs","JobMonitor::Endpoint","JobMonitor::Endpoint()",102,102
1,1,6,0,1,"LogicModuleUpdate::Endpoint@133-133@LogicMonitor.Api\LogicModules\LogicModuleUpdate.cs","LogicMonitor.Api\LogicModules\LogicModuleUpdate.cs","LogicModuleUpdate::Endpoint","LogicModuleUpdate::Endpoint()",133,133
1,1,6,0,1,"LogSource::Endpoint@100-100@LogicMonitor.Api\LogicModules\LogSource.cs","LogicMonitor.Api\LogicModules\LogSource.cs","LogSource::Endpoint","LogSource::Endpoint()",100,100
1,1,7,0,1,"LogSource::ToString@103-103@LogicMonitor.Api\LogicModules\LogSource.cs","LogicMonitor.Api\LogicModules\LogSource.cs","LogSource::ToString","LogSource::ToString()",103,103
1,1,7,0,1,"OverviewGraphDataPoint::ToString@42-42@LogicMonitor.Api\LogicModules\OverviewGraphDataPoint.cs","LogicMonitor.Api\LogicModules\OverviewGraphDataPoint.cs","OverviewGraphDataPoint::ToString","OverviewGraphDataPoint::ToString()",42,42
1,1,7,0,1,"PropertySource::ToString@109-109@LogicMonitor.Api\LogicModules\PropertySource.cs","LogicMonitor.Api\LogicModules\PropertySource.cs","PropertySource::ToString","PropertySource::ToString()",109,109
1,1,6,0,1,"PropertySource::Endpoint@114-114@LogicMonitor.Api\LogicModules\PropertySource.cs","LogicMonitor.Api\LogicModules\PropertySource.cs","PropertySource::Endpoint","PropertySource::Endpoint()",114,114
1,1,7,0,1,"ResourceDataSource::ToString@213-213@LogicMonitor.Api\LogicModules\ResourceDataSource.cs","LogicMonitor.Api\LogicModules\ResourceDataSource.cs","ResourceDataSource::ToString","ResourceDataSource::ToString()",213,213
1,1,7,0,1,"ResourceEventSource::ToString@105-105@LogicMonitor.Api\LogicModules\ResourceEventSource.cs","LogicMonitor.Api\LogicModules\ResourceEventSource.cs","ResourceEventSource::ToString","ResourceEventSource::ToString()",105,105
1,1,7,0,1,"SnmpSysOidMap::ToString@32-32@LogicMonitor.Api\LogicModules\SnmpSysOidMap.cs","LogicMonitor.Api\LogicModules\SnmpSysOidMap.cs","SnmpSysOidMap::ToString","SnmpSysOidMap::ToString()",32,32
1,1,6,0,1,"SnmpSysOidMap::Endpoint@37-37@LogicMonitor.Api\LogicModules\SnmpSysOidMap.cs","LogicMonitor.Api\LogicModules\SnmpSysOidMap.cs","SnmpSysOidMap::Endpoint","SnmpSysOidMap::Endpoint()",37,37
1,1,7,0,1,"TopologySource::ToString@67-67@LogicMonitor.Api\LogicModules\TopologySource.cs","LogicMonitor.Api\LogicModules\TopologySource.cs","TopologySource::ToString","TopologySource::ToString()",67,67
1,1,6,0,1,"TopologySource::Endpoint@72-72@LogicMonitor.Api\LogicModules\TopologySource.cs","LogicMonitor.Api\LogicModules\TopologySource.cs","TopologySource::Endpoint","TopologySource::Endpoint()",72,72
1,1,7,0,1,"LogItem::ToString@54-54@LogicMonitor.Api\Logs\LogItem.cs","LogicMonitor.Api\Logs\LogItem.cs","LogItem::ToString","LogItem::ToString()",54,54
1,1,6,0,1,"LogItem::Endpoint@57-57@LogicMonitor.Api\Logs\LogItem.cs","LogicMonitor.Api\Logs\LogItem.cs","LogItem::Endpoint","LogItem::Endpoint()",57,57
1,1,7,0,1,"LogMessage::ToString@29-29@LogicMonitor.Api\Logs\LogMessage.cs","LogicMonitor.Api\Logs\LogMessage.cs","LogMessage::ToString","LogMessage::ToString()",29,29
1,1,6,0,1,"Netscan::Endpoint@216-216@LogicMonitor.Api\Netscans\Netscan.cs","LogicMonitor.Api\Netscans\Netscan.cs","Netscan::Endpoint","Netscan::Endpoint()",216,216
1,1,6,0,1,"NetscanGroup::Endpoint@12-12@LogicMonitor.Api\Netscans\NetscanGroup.cs","LogicMonitor.Api\Netscans\NetscanGroup.cs","NetscanGroup::Endpoint","NetscanGroup::Endpoint()",12,12
1,1,6,0,1,"OpsNote::Endpoint@46-46@LogicMonitor.Api\OpsNotes\OpsNote.cs","LogicMonitor.Api\OpsNotes\OpsNote.cs","OpsNote::Endpoint","OpsNote::Endpoint()",46,46
4,1,10,0,4,"OpsNoteCreationDto::OpsNoteCreationDto@10-13@LogicMonitor.Api\OpsNotes\OpsNoteCreationDto.cs","LogicMonitor.Api\OpsNotes\OpsNoteCreationDto.cs","OpsNoteCreationDto::OpsNoteCreationDto","OpsNoteCreationDto::OpsNoteCreationDto()",10,13
1,1,6,0,1,"OpsNoteTag::Endpoint@34-34@LogicMonitor.Api\OpsNotes\OpsNoteTag.cs","LogicMonitor.Api\OpsNotes\OpsNoteTag.cs","OpsNoteTag::Endpoint","OpsNoteTag::Endpoint()",34,34
4,1,9,0,4,"ResourceGroupOpsNoteScopeCreationDto::ResourceGroupOpsNoteScopeCreationDto@12-15@LogicMonitor.Api\OpsNotes\ResourceGroupOpsNoteScopeCreationDto.cs","LogicMonitor.Api\OpsNotes\ResourceGroupOpsNoteScopeCreationDto.cs","ResourceGroupOpsNoteScopeCreationDto::ResourceGroupOpsNoteScopeCreationDto","ResourceGroupOpsNoteScopeCreationDto::ResourceGroupOpsNoteScopeCreationDto()",12,15
4,1,9,0,4,"ResourceOpsNoteScopeCreationDto::ResourceOpsNoteScopeCreationDto@12-15@LogicMonitor.Api\OpsNotes\ResourceOpsNoteScopeCreationDto.cs","LogicMonitor.Api\OpsNotes\ResourceOpsNoteScopeCreationDto.cs","ResourceOpsNoteScopeCreationDto::ResourceOpsNoteScopeCreationDto","ResourceOpsNoteScopeCreationDto::ResourceOpsNoteScopeCreationDto()",12,15
4,1,9,0,4,"WebsiteGroupOpsNoteScopeCreationDto::WebsiteGroupOpsNoteScopeCreationDto@12-15@LogicMonitor.Api\OpsNotes\WebsiteGroupOpsNoteScopeCreationDto.cs","LogicMonitor.Api\OpsNotes\WebsiteGroupOpsNoteScopeCreationDto.cs","WebsiteGroupOpsNoteScopeCreationDto::WebsiteGroupOpsNoteScopeCreationDto","WebsiteGroupOpsNoteScopeCreationDto::WebsiteGroupOpsNoteScopeCreationDto()",12,15
4,1,9,0,4,"WebsiteOpsNoteScopeCreationDto::WebsiteOpsNoteScopeCreationDto@12-15@LogicMonitor.Api\OpsNotes\WebsiteOpsNoteScopeCreationDto.cs","LogicMonitor.Api\OpsNotes\WebsiteOpsNoteScopeCreationDto.cs","WebsiteOpsNoteScopeCreationDto::WebsiteOpsNoteScopeCreationDto","WebsiteOpsNoteScopeCreationDto::WebsiteOpsNoteScopeCreationDto()",12,15
1,1,6,0,1,"InstancePropertyUpdateDto::Endpoint@41-41@LogicMonitor.Api\PushMetrics\InstancePropertyUpdateDto.cs","LogicMonitor.Api\PushMetrics\InstancePropertyUpdateDto.cs","InstancePropertyUpdateDto::Endpoint","InstancePropertyUpdateDto::Endpoint()",41,41
1,1,6,0,1,"PushMetric::Endpoint@123-123@LogicMonitor.Api\PushMetrics\PushMetric.cs","LogicMonitor.Api\PushMetrics\PushMetric.cs","PushMetric::Endpoint","PushMetric::Endpoint()",123,123
6,1,47,1,6,"PushMetricExtensions::ToLogicMonitorDictionary@12-17@LogicMonitor.Api\PushMetrics\PushMetricExtensions.cs","LogicMonitor.Api\PushMetrics\PushMetricExtensions.cs","PushMetricExtensions::ToLogicMonitorDictionary","PushMetricExtensions::ToLogicMonitorDictionary( this Dictionary<DateTimeOffset,double> keyValuePairs)",12,17
6,1,47,1,6,"PushMetricExtensions::ToLogicMonitorDictionary@23-28@LogicMonitor.Api\PushMetrics\PushMetricExtensions.cs","LogicMonitor.Api\PushMetrics\PushMetricExtensions.cs","PushMetricExtensions::ToLogicMonitorDictionary","PushMetricExtensions::ToLogicMonitorDictionary( this Dictionary<DateTimeOffset,float> keyValuePairs)",23,28
6,1,47,1,6,"PushMetricExtensions::ToLogicMonitorDictionary@34-39@LogicMonitor.Api\PushMetrics\PushMetricExtensions.cs","LogicMonitor.Api\PushMetrics\PushMetricExtensions.cs","PushMetricExtensions::ToLogicMonitorDictionary","PushMetricExtensions::ToLogicMonitorDictionary( this Dictionary<DateTimeOffset,int> keyValuePairs)",34,39
1,1,6,0,1,"ResourcePropertyUpdateDto::Endpoint@28-28@LogicMonitor.Api\PushMetrics\ResourcePropertyUpdateDto.cs","LogicMonitor.Api\PushMetrics\ResourcePropertyUpdateDto.cs","ResourcePropertyUpdateDto::Endpoint","ResourcePropertyUpdateDto::Endpoint()",28,28
1,1,6,0,1,"ReportBase::Endpoint@128-128@LogicMonitor.Api\Reports\ReportBase.cs","LogicMonitor.Api\Reports\ReportBase.cs","ReportBase::Endpoint","ReportBase::Endpoint()",128,128
1,1,6,0,1,"ReportCreationDto::ToString@79-79@LogicMonitor.Api\Reports\ReportCreationDto.cs","LogicMonitor.Api\Reports\ReportCreationDto.cs","ReportCreationDto::ToString","ReportCreationDto::ToString()",79,79
1,1,6,0,1,"ReportGroup::Endpoint@28-28@LogicMonitor.Api\Reports\ReportGroup.cs","LogicMonitor.Api\Reports\ReportGroup.cs","ReportGroup::Endpoint","ReportGroup::Endpoint()",28,28
1,1,6,0,1,"ReportGroupCreationDto::ToString@25-25@LogicMonitor.Api\Reports\ReportGroupCreationDto.cs","LogicMonitor.Api\Reports\ReportGroupCreationDto.cs","ReportGroupCreationDto::ToString","ReportGroupCreationDto::ToString()",25,25
1,1,16,1,1,"UptimeResourceCreationDtoJsonConverter::CanConvert@9-9@LogicMonitor.Api\Resources\Uptime\Serialization\UptimeResourceCreationDtoJsonConverter.cs","LogicMonitor.Api\Resources\Uptime\Serialization\UptimeResourceCreationDtoJsonConverter.cs","UptimeResourceCreationDtoJsonConverter::CanConvert","UptimeResourceCreationDtoJsonConverter::CanConvert( Type objectType)",9,9
2,1,24,4,2,"UptimeResourceCreationDtoJsonConverter::ReadJson@13-14@LogicMonitor.Api\Resources\Uptime\Serialization\UptimeResourceCreationDtoJsonConverter.cs","LogicMonitor.Api\Resources\Uptime\Serialization\UptimeResourceCreationDtoJsonConverter.cs","UptimeResourceCreationDtoJsonConverter::ReadJson","UptimeResourceCreationDtoJsonConverter::ReadJson( JsonReader reader , Type objectType , object ? existingValue , JsonSerializer serializer)",13,14
9,2,45,3,11,"UptimeResourceCreationDtoJsonConverter::WriteJson@16-26@LogicMonitor.Api\Resources\Uptime\Serialization\UptimeResourceCreationDtoJsonConverter.cs","LogicMonitor.Api\Resources\Uptime\Serialization\UptimeResourceCreationDtoJsonConverter.cs","UptimeResourceCreationDtoJsonConverter::WriteJson","UptimeResourceCreationDtoJsonConverter::WriteJson( JsonWriter writer , object ? value , JsonSerializer serializer)",16,26
1,1,16,1,1,"UptimeResourceJsonConverter::CanConvert@11-11@LogicMonitor.Api\Resources\Uptime\Serialization\UptimeResourceJsonConverter.cs","LogicMonitor.Api\Resources\Uptime\Serialization\UptimeResourceJsonConverter.cs","UptimeResourceJsonConverter::CanConvert","UptimeResourceJsonConverter::CanConvert( Type objectType)",11,11
9,2,52,4,10,"UptimeResourceJsonConverter::ReadJson@13-22@LogicMonitor.Api\Resources\Uptime\Serialization\UptimeResourceJsonConverter.cs","LogicMonitor.Api\Resources\Uptime\Serialization\UptimeResourceJsonConverter.cs","UptimeResourceJsonConverter::ReadJson","UptimeResourceJsonConverter::ReadJson( JsonReader reader , Type objectType , object ? existingValue , JsonSerializer serializer)",13,22
9,2,45,3,10,"UptimeResourceJsonConverter::WriteJson@24-33@LogicMonitor.Api\Resources\Uptime\Serialization\UptimeResourceJsonConverter.cs","LogicMonitor.Api\Resources\Uptime\Serialization\UptimeResourceJsonConverter.cs","UptimeResourceJsonConverter::WriteJson","UptimeResourceJsonConverter::WriteJson( JsonWriter writer , object ? value , JsonSerializer serializer)",24,33
2,1,25,3,2,"UptimeResourceWireMapper::Write@19-20@LogicMonitor.Api\Resources\Uptime\Serialization\UptimeResourceWireMapper.cs","LogicMonitor.Api\Resources\Uptime\Serialization\UptimeResourceWireMapper.cs","UptimeResourceWireMapper::Write","UptimeResourceWireMapper::Write( JsonWriter writer , IUptimeCheckDefinition definition , int ? id)",19,20
44,9,326,2,54,"UptimeResourceWireMapper::BuildDevice@22-75@LogicMonitor.Api\Resources\Uptime\Serialization\UptimeResourceWireMapper.cs","LogicMonitor.Api\Resources\Uptime\Serialization\UptimeResourceWireMapper.cs","UptimeResourceWireMapper::BuildDevice","UptimeResourceWireMapper::BuildDevice( IUptimeCheckDefinition definition , int ? id)",22,75
7,3,74,1,7,"UptimeResourceWireMapper::ParseGroupIds@77-83@LogicMonitor.Api\Resources\Uptime\Serialization\UptimeResourceWireMapper.cs","LogicMonitor.Api\Resources\Uptime\Serialization\UptimeResourceWireMapper.cs","UptimeResourceWireMapper::ParseGroupIds","UptimeResourceWireMapper::ParseGroupIds( string resourceGroupIds)",77,83
7,1,46,2,7,"UptimeResourceWireMapper::WritePing@85-91@LogicMonitor.Api\Resources\Uptime\Serialization\UptimeResourceWireMapper.cs","LogicMonitor.Api\Resources\Uptime\Serialization\UptimeResourceWireMapper.cs","UptimeResourceWireMapper::WritePing","UptimeResourceWireMapper::WritePing( JObject device , IPingCheckDefinition ping)",85,91
18,4,168,2,21,"UptimeResourceWireMapper::WriteWeb@93-113@LogicMonitor.Api\Resources\Uptime\Serialization\UptimeResourceWireMapper.cs","LogicMonitor.Api\Resources\Uptime\Serialization\UptimeResourceWireMapper.cs","UptimeResourceWireMapper::WriteWeb","UptimeResourceWireMapper::WriteWeb( JObject device , IWebCheckDefinition web)",93,113
24,4,221,3,24,"UptimeResourceWireMapper::BuildWebStep@116-139@LogicMonitor.Api\Resources\Uptime\Serialization\UptimeResourceWireMapper.cs","LogicMonitor.Api\Resources\Uptime\Serialization\UptimeResourceWireMapper.cs","UptimeResourceWireMapper::BuildWebStep","UptimeResourceWireMapper::BuildWebStep( UptimeWebCheckStep step , bool isInternal , int sequence)",116,139
30,5,80,0,378,"*global*@0-377@LogicMonitor.Api\Resources\Uptime\Serialization\UptimeResourceWireMapper.cs","LogicMonitor.Api\Resources\Uptime\Serialization\UptimeResourceWireMapper.cs","*global*","*global*",0,377
14,3,63,2,16,"UptimeResourceWireMapper::Read@148-163@LogicMonitor.Api\Resources\Uptime\Serialization\UptimeResourceWireMapper.cs","LogicMonitor.Api\Resources\Uptime\Serialization\UptimeResourceWireMapper.cs","UptimeResourceWireMapper::Read","UptimeResourceWireMapper::Read( JObject device , Type objectType)",148,163
18,3,96,2,21,"UptimeResourceWireMapper::CreateInstance@165-185@LogicMonitor.Api\Resources\Uptime\Serialization\UptimeResourceWireMapper.cs","LogicMonitor.Api\Resources\Uptime\Serialization\UptimeResourceWireMapper.cs","UptimeResourceWireMapper::CreateInstance","UptimeResourceWireMapper::CreateInstance( JObject device , Type objectType)",165,185
30,5,323,2,36,"UptimeResourceWireMapper::PopulateCommon@187-222@LogicMonitor.Api\Resources\Uptime\Serialization\UptimeResourceWireMapper.cs","LogicMonitor.Api\Resources\Uptime\Serialization\UptimeResourceWireMapper.cs","UptimeResourceWireMapper::PopulateCommon","UptimeResourceWireMapper::PopulateCommon( UptimeResource resource , JObject device)",187,222
25,5,271,2,30,"UptimeResourceWireMapper::PopulatePing@224-253@LogicMonitor.Api\Resources\Uptime\Serialization\UptimeResourceWireMapper.cs","LogicMonitor.Api\Resources\Uptime\Serialization\UptimeResourceWireMapper.cs","UptimeResourceWireMapper::PopulatePing","UptimeResourceWireMapper::PopulatePing( PingCheckResource ping , JObject device)",224,253
14,3,139,2,15,"UptimeResourceWireMapper::PopulateWeb@255-269@LogicMonitor.Api\Resources\Uptime\Serialization\UptimeResourceWireMapper.cs","LogicMonitor.Api\Resources\Uptime\Serialization\UptimeResourceWireMapper.cs","UptimeResourceWireMapper::PopulateWeb","UptimeResourceWireMapper::PopulateWeb( WebCheckResource web , JObject device)",255,269
17,6,96,1,19,"UptimeResourceWireMapper::ReadCustomProperties@275-293@LogicMonitor.Api\Resources\Uptime\Serialization\UptimeResourceWireMapper.cs","LogicMonitor.Api\Resources\Uptime\Serialization\UptimeResourceWireMapper.cs","UptimeResourceWireMapper::ReadCustomProperties","UptimeResourceWireMapper::ReadCustomProperties( JObject device)",275,293
13,4,67,1,14,"UptimeResourceWireMapper::ReadTestLocation@295-308@LogicMonitor.Api\Resources\Uptime\Serialization\UptimeResourceWireMapper.cs","LogicMonitor.Api\Resources\Uptime\Serialization\UptimeResourceWireMapper.cs","UptimeResourceWireMapper::ReadTestLocation","UptimeResourceWireMapper::ReadTestLocation( JToken ? token)",295,308
2,2,35,1,2,"UptimeResourceWireMapper::ReadIntList@310-311@LogicMonitor.Api\Resources\Uptime\Serialization\UptimeResourceWireMapper.cs","LogicMonitor.Api\Resources\Uptime\Serialization\UptimeResourceWireMapper.cs","UptimeResourceWireMapper::ReadIntList","UptimeResourceWireMapper::ReadIntList( JToken ? token)",310,311
2,2,32,2,2,"UptimeResourceWireMapper::ReadBoolProperty@313-314@LogicMonitor.Api\Resources\Uptime\Serialization\UptimeResourceWireMapper.cs","LogicMonitor.Api\Resources\Uptime\Serialization\UptimeResourceWireMapper.cs","UptimeResourceWireMapper::ReadBoolProperty","UptimeResourceWireMapper::ReadBoolProperty( Dictionary<string,string> properties , string key)",313,314
4,3,46,3,4,"UptimeResourceWireMapper::GetString@316-319@LogicMonitor.Api\Resources\Uptime\Serialization\UptimeResourceWireMapper.cs","LogicMonitor.Api\Resources\Uptime\Serialization\UptimeResourceWireMapper.cs","UptimeResourceWireMapper::GetString","UptimeResourceWireMapper::GetString( JObject device , string key , string fallback = '')",316,319
2,1,19,3,2,"UptimeResourceWireMapper::GetInt@321-322@LogicMonitor.Api\Resources\Uptime\Serialization\UptimeResourceWireMapper.cs","LogicMonitor.Api\Resources\Uptime\Serialization\UptimeResourceWireMapper.cs","UptimeResourceWireMapper::GetInt","UptimeResourceWireMapper::GetInt( JObject device , string key , int fallback)",321,322
30,5,80,0,378,"*global*@0-377@LogicMonitor.Api\Resources\Uptime\Serialization\UptimeResourceWireMapper.cs","LogicMonitor.Api\Resources\Uptime\Serialization\UptimeResourceWireMapper.cs","*global*","*global*",0,377
2,1,19,3,2,"UptimeResourceWireMapper::GetBool@326-327@LogicMonitor.Api\Resources\Uptime\Serialization\UptimeResourceWireMapper.cs","LogicMonitor.Api\Resources\Uptime\Serialization\UptimeResourceWireMapper.cs","UptimeResourceWireMapper::GetBool","UptimeResourceWireMapper::GetBool( JObject device , string key , bool fallback)",326,327
30,5,80,0,378,"*global*@0-377@LogicMonitor.Api\Resources\Uptime\Serialization\UptimeResourceWireMapper.cs","LogicMonitor.Api\Resources\Uptime\Serialization\UptimeResourceWireMapper.cs","*global*","*global*",0,377
2,2,30,2,2,"UptimeResourceWireMapper::ParseInt@329-330@LogicMonitor.Api\Resources\Uptime\Serialization\UptimeResourceWireMapper.cs","LogicMonitor.Api\Resources\Uptime\Serialization\UptimeResourceWireMapper.cs","UptimeResourceWireMapper::ParseInt","UptimeResourceWireMapper::ParseInt( string value , int fallback)",329,330
2,2,24,2,2,"UptimeResourceWireMapper::ParseBool@332-333@LogicMonitor.Api\Resources\Uptime\Serialization\UptimeResourceWireMapper.cs","LogicMonitor.Api\Resources\Uptime\Serialization\UptimeResourceWireMapper.cs","UptimeResourceWireMapper::ParseBool","UptimeResourceWireMapper::ParseBool( string value , bool fallback)",332,333
13,2,49,2,13,"UptimeResourceWireMapper::TryParse<T>@335-347@LogicMonitor.Api\Resources\Uptime\Serialization\UptimeResourceWireMapper.cs","LogicMonitor.Api\Resources\Uptime\Serialization\UptimeResourceWireMapper.cs","UptimeResourceWireMapper::TryParse<T>","UptimeResourceWireMapper::TryParse<T>( string json , out T ? value)",335,347
1,2,12,1,1,"UptimeResourceWireMapper::BoolToWire@349-349@LogicMonitor.Api\Resources\Uptime\Serialization\UptimeResourceWireMapper.cs","LogicMonitor.Api\Resources\Uptime\Serialization\UptimeResourceWireMapper.cs","UptimeResourceWireMapper::BoolToWire","UptimeResourceWireMapper::BoolToWire( bool value)",349,349
7,1,32,1,7,"UptimeResourceWireMapper::LevelToWire@351-357@LogicMonitor.Api\Resources\Uptime\Serialization\UptimeResourceWireMapper.cs","LogicMonitor.Api\Resources\Uptime\Serialization\UptimeResourceWireMapper.cs","UptimeResourceWireMapper::LevelToWire","UptimeResourceWireMapper::LevelToWire( Level level)",351,357
30,5,80,0,378,"*global*@0-377@LogicMonitor.Api\Resources\Uptime\Serialization\UptimeResourceWireMapper.cs","LogicMonitor.Api\Resources\Uptime\Serialization\UptimeResourceWireMapper.cs","*global*","*global*",0,377
7,1,35,2,7,"UptimeResourceWireMapper::LevelFromWire@359-365@LogicMonitor.Api\Resources\Uptime\Serialization\UptimeResourceWireMapper.cs","LogicMonitor.Api\Resources\Uptime\Serialization\UptimeResourceWireMapper.cs","UptimeResourceWireMapper::LevelFromWire","UptimeResourceWireMapper::LevelFromWire( string value , Level fallback)",359,365
30,5,80,0,378,"*global*@0-377@LogicMonitor.Api\Resources\Uptime\Serialization\UptimeResourceWireMapper.cs","LogicMonitor.Api\Resources\Uptime\Serialization\UptimeResourceWireMapper.cs","*global*","*global*",0,377
1,2,16,1,1,"UptimeResourceWireMapper::SchemeToWire@367-367@LogicMonitor.Api\Resources\Uptime\Serialization\UptimeResourceWireMapper.cs","LogicMonitor.Api\Resources\Uptime\Serialization\UptimeResourceWireMapper.cs","UptimeResourceWireMapper::SchemeToWire","UptimeResourceWireMapper::SchemeToWire( UptimeHttpScheme scheme)",367,367
6,1,29,2,6,"UptimeResourceWireMapper::SchemeFromWire@369-374@LogicMonitor.Api\Resources\Uptime\Serialization\UptimeResourceWireMapper.cs","LogicMonitor.Api\Resources\Uptime\Serialization\UptimeResourceWireMapper.cs","UptimeResourceWireMapper::SchemeFromWire","UptimeResourceWireMapper::SchemeFromWire( string value , UptimeHttpScheme fallback)",369,374
30,5,80,0,378,"*global*@0-377@LogicMonitor.Api\Resources\Uptime\Serialization\UptimeResourceWireMapper.cs","LogicMonitor.Api\Resources\Uptime\Serialization\UptimeResourceWireMapper.cs","*global*","*global*",0,377
1,1,6,0,1,"PingCheckResource::CreationEndpoint@12-12@LogicMonitor.Api\Resources\Uptime\PingCheckResource.cs","LogicMonitor.Api\Resources\Uptime\PingCheckResource.cs","PingCheckResource::CreationEndpoint","PingCheckResource::CreationEndpoint()",12,12
1,1,3,0,1,"PingCheckResource::set@15-15@LogicMonitor.Api\Resources\Uptime\PingCheckResource.cs","LogicMonitor.Api\Resources\Uptime\PingCheckResource.cs","PingCheckResource::set","PingCheckResource::PingCheckResource::CreationEndpoint.set",15,15
1,1,6,0,1,"UptimeResource::Endpoint@75-75@LogicMonitor.Api\Resources\Uptime\UptimeResource.cs","LogicMonitor.Api\Resources\Uptime\UptimeResource.cs","UptimeResource::Endpoint","UptimeResource::Endpoint()",75,75
1,1,6,0,1,"WebCheckResource::CreationEndpoint@12-12@LogicMonitor.Api\Resources\Uptime\WebCheckResource.cs","LogicMonitor.Api\Resources\Uptime\WebCheckResource.cs","WebCheckResource::CreationEndpoint","WebCheckResource::CreationEndpoint()",12,12
1,1,3,0,1,"WebCheckResource::set@15-15@LogicMonitor.Api\Resources\Uptime\WebCheckResource.cs","LogicMonitor.Api\Resources\Uptime\WebCheckResource.cs","WebCheckResource::set","WebCheckResource::WebCheckResource::CreationEndpoint.set",15,15
6,1,31,0,6,"EntityPropertyWrite::PropertiesSubUrl@62-67@LogicMonitor.Api\Resources\EntityPropertyWrite.cs","LogicMonitor.Api\Resources\EntityPropertyWrite.cs","EntityPropertyWrite::PropertiesSubUrl","EntityPropertyWrite::PropertiesSubUrl()",62,67
4,1,5,0,72,"*global*@0-71@LogicMonitor.Api\Resources\EntityPropertyWrite.cs","LogicMonitor.Api\Resources\EntityPropertyWrite.cs","*global*","*global*",0,71
1,1,7,0,1,"EntityPropertyWrite::ToString@70-70@LogicMonitor.Api\Resources\EntityPropertyWrite.cs","LogicMonitor.Api\Resources\EntityPropertyWrite.cs","EntityPropertyWrite::ToString","EntityPropertyWrite::ToString()",70,70
1,1,6,0,1,"Resource::Endpoint@681-681@LogicMonitor.Api\Resources\Resource.cs","LogicMonitor.Api\Resources\Resource.cs","Resource::Endpoint","Resource::Endpoint()",681,681
1,1,7,0,1,"Resource::ToString@684-684@LogicMonitor.Api\Resources\Resource.cs","LogicMonitor.Api\Resources\Resource.cs","Resource::ToString","Resource::ToString()",684,684
1,2,16,0,1,"ResourceCreationDto::ToString@90-90@LogicMonitor.Api\Resources\ResourceCreationDto.cs","LogicMonitor.Api\Resources\ResourceCreationDto.cs","ResourceCreationDto::ToString","ResourceCreationDto::ToString()",90,90
1,1,6,0,1,"ResourceGroup::Endpoint@396-396@LogicMonitor.Api\Resources\ResourceGroup.cs","LogicMonitor.Api\Resources\ResourceGroup.cs","ResourceGroup::Endpoint","ResourceGroup::Endpoint()",396,396
1,1,6,0,1,"ResourceGroup::ToString@402-402@LogicMonitor.Api\Resources\ResourceGroup.cs","LogicMonitor.Api\Resources\ResourceGroup.cs","ResourceGroup::ToString","ResourceGroup::ToString()",402,402
1,1,7,0,1,"ResourceGroupClusterAlertConfig::Endpoint@95-95@LogicMonitor.Api\Resources\ResourceGroupClusterAlertConfig.cs","LogicMonitor.Api\Resources\ResourceGroupClusterAlertConfig.cs","ResourceGroupClusterAlertConfig::Endpoint","ResourceGroupClusterAlertConfig::Endpoint()",95,95
1,1,6,0,1,"ResourceGroupCreationDto::ToString@49-49@LogicMonitor.Api\Resources\ResourceGroupCreationDto.cs","LogicMonitor.Api\Resources\ResourceGroupCreationDto.cs","ResourceGroupCreationDto::ToString","ResourceGroupCreationDto::ToString()",49,49
1,1,10,0,1,"TreeNodeFreeSearchResult::ToString@60-60@LogicMonitor.Api\Resources\TreeNodeFreeSearchResult.cs","LogicMonitor.Api\Resources\TreeNodeFreeSearchResult.cs","TreeNodeFreeSearchResult::ToString","TreeNodeFreeSearchResult::ToString()",60,60
3,1,5,0,62,"*global*@0-61@LogicMonitor.Api\Resources\TreeNodeFreeSearchResult.cs","LogicMonitor.Api\Resources\TreeNodeFreeSearchResult.cs","*global*","*global*",0,61
1,1,6,0,1,"UnmonitoredResource::Endpoint@124-124@LogicMonitor.Api\Resources\UnmonitoredResource.cs","LogicMonitor.Api\Resources\UnmonitoredResource.cs","UnmonitoredResource::Endpoint","UnmonitoredResource::Endpoint()",124,124
7,1,25,2,7,"ResourceDataSourceInstanceScheduledDownTimeCreationDto::ResourceDataSourceInstanceScheduledDownTimeCreationDto@13-19@LogicMonitor.Api\ScheduledDownTimes\ResourceDataSourceInstanceScheduledDownTimeCreationDto.cs","LogicMonitor.Api\ScheduledDownTimes\ResourceDataSourceInstanceScheduledDownTimeCreationDto.cs","ResourceDataSourceInstanceScheduledDownTimeCreationDto::ResourceDataSourceInstanceScheduledDownTimeCreationDto","ResourceDataSourceInstanceScheduledDownTimeCreationDto::ResourceDataSourceInstanceScheduledDownTimeCreationDto( int resourceId , int dataSourceInstanceId)",13,19
7,1,25,2,7,"ResourceDataSourceInstanceScheduledDownTimeCreationDto::ResourceDataSourceInstanceScheduledDownTimeCreationDto@26-32@LogicMonitor.Api\ScheduledDownTimes\ResourceDataSourceInstanceScheduledDownTimeCreationDto.cs","LogicMonitor.Api\ScheduledDownTimes\ResourceDataSourceInstanceScheduledDownTimeCreationDto.cs","ResourceDataSourceInstanceScheduledDownTimeCreationDto::ResourceDataSourceInstanceScheduledDownTimeCreationDto","ResourceDataSourceInstanceScheduledDownTimeCreationDto::ResourceDataSourceInstanceScheduledDownTimeCreationDto( int resourceId , string dataSourceInstanceName)",26,32
7,1,25,2,7,"ResourceDataSourceScheduledDownTimeCreationDto::ResourceDataSourceScheduledDownTimeCreationDto@13-19@LogicMonitor.Api\ScheduledDownTimes\ResourceDataSourceScheduledDownTimeCreationDto.cs","LogicMonitor.Api\ScheduledDownTimes\ResourceDataSourceScheduledDownTimeCreationDto.cs","ResourceDataSourceScheduledDownTimeCreationDto::ResourceDataSourceScheduledDownTimeCreationDto","ResourceDataSourceScheduledDownTimeCreationDto::ResourceDataSourceScheduledDownTimeCreationDto( int resourceId , int resourceDataSourceId)",13,19
7,1,25,2,7,"ResourceDataSourceScheduledDownTimeCreationDto::ResourceDataSourceScheduledDownTimeCreationDto@26-32@LogicMonitor.Api\ScheduledDownTimes\ResourceDataSourceScheduledDownTimeCreationDto.cs","LogicMonitor.Api\ScheduledDownTimes\ResourceDataSourceScheduledDownTimeCreationDto.cs","ResourceDataSourceScheduledDownTimeCreationDto::ResourceDataSourceScheduledDownTimeCreationDto","ResourceDataSourceScheduledDownTimeCreationDto::ResourceDataSourceScheduledDownTimeCreationDto( int resourceId , string dataSourceName)",26,32
7,1,25,2,7,"ResourceEventSourceScheduledDownTimeCreationDto::ResourceEventSourceScheduledDownTimeCreationDto@13-19@LogicMonitor.Api\ScheduledDownTimes\ResourceEventSourceScheduledDownTimeCreationDto.cs","LogicMonitor.Api\ScheduledDownTimes\ResourceEventSourceScheduledDownTimeCreationDto.cs","ResourceEventSourceScheduledDownTimeCreationDto::ResourceEventSourceScheduledDownTimeCreationDto","ResourceEventSourceScheduledDownTimeCreationDto::ResourceEventSourceScheduledDownTimeCreationDto( int resourceId , int deviceEventSourceId)",13,19
7,1,25,2,7,"ResourceEventSourceScheduledDownTimeCreationDto::ResourceEventSourceScheduledDownTimeCreationDto@26-32@LogicMonitor.Api\ScheduledDownTimes\ResourceEventSourceScheduledDownTimeCreationDto.cs","LogicMonitor.Api\ScheduledDownTimes\ResourceEventSourceScheduledDownTimeCreationDto.cs","ResourceEventSourceScheduledDownTimeCreationDto::ResourceEventSourceScheduledDownTimeCreationDto","ResourceEventSourceScheduledDownTimeCreationDto::ResourceEventSourceScheduledDownTimeCreationDto( int resourceId , string deviceEventSourceId)",26,32
1,1,6,0,1,"ScheduledDownTime::Endpoint@267-267@LogicMonitor.Api\ScheduledDownTimes\ScheduledDownTime.cs","LogicMonitor.Api\ScheduledDownTimes\ScheduledDownTime.cs","ScheduledDownTime::Endpoint","ScheduledDownTime::Endpoint()",267,267
1,1,7,0,1,"ScheduledDownTime::ToString@270-270@LogicMonitor.Api\ScheduledDownTimes\ScheduledDownTime.cs","LogicMonitor.Api\ScheduledDownTimes\ScheduledDownTime.cs","ScheduledDownTime::ToString","ScheduledDownTime::ToString()",270,270
4,1,11,1,4,"ScheduledDownTimeCreationDto::ScheduledDownTimeCreationDto@13-16@LogicMonitor.Api\ScheduledDownTimes\ScheduledDownTimeCreationDto.cs","LogicMonitor.Api\ScheduledDownTimes\ScheduledDownTimeCreationDto.cs","ScheduledDownTimeCreationDto::ScheduledDownTimeCreationDto","ScheduledDownTimeCreationDto::ScheduledDownTimeCreationDto( ScheduledDownTimeType type)",13,16
28,5,209,0,34,"ScheduledDownTimeFilter::GetFilter@79-112@LogicMonitor.Api\ScheduledDownTimes\ScheduledDownTimeFilter.cs","LogicMonitor.Api\ScheduledDownTimes\ScheduledDownTimeFilter.cs","ScheduledDownTimeFilter::GetFilter","ScheduledDownTimeFilter::GetFilter()",79,112
1,1,6,0,1,"AccountSettings::Endpoint@911-911@LogicMonitor.Api\Settings\AccountSettings.cs","LogicMonitor.Api\Settings\AccountSettings.cs","AccountSettings::Endpoint","AccountSettings::Endpoint()",911,911
1,1,6,0,1,"AlertRule::Endpoint@96-96@LogicMonitor.Api\Settings\AlertRule.cs","LogicMonitor.Api\Settings\AlertRule.cs","AlertRule::Endpoint","AlertRule::Endpoint()",96,96
1,1,6,0,1,"ApiToken::Endpoint@100-100@LogicMonitor.Api\Settings\ApiToken.cs","LogicMonitor.Api\Settings\ApiToken.cs","ApiToken::Endpoint","ApiToken::Endpoint()",100,100
3,1,10,0,3,"AutoTaskIntegrationCreationDto::AutoTaskIntegrationCreationDto@12-14@LogicMonitor.Api\Settings\AutoTaskIntegrationCreationDto.cs","LogicMonitor.Api\Settings\AutoTaskIntegrationCreationDto.cs","AutoTaskIntegrationCreationDto::AutoTaskIntegrationCreationDto","AutoTaskIntegrationCreationDto::AutoTaskIntegrationCreationDto()",12,14
1,1,6,0,1,"BillingInformation::Endpoint@24-24@LogicMonitor.Api\Settings\BillingInformation.cs","LogicMonitor.Api\Settings\BillingInformation.cs","BillingInformation::Endpoint","BillingInformation::Endpoint()",24,24
3,1,10,0,3,"EmailIntegrationCreationDto::EmailIntegrationCreationDto@12-14@LogicMonitor.Api\Settings\EmailIntegrationCreationDto.cs","LogicMonitor.Api\Settings\EmailIntegrationCreationDto.cs","EmailIntegrationCreationDto::EmailIntegrationCreationDto","EmailIntegrationCreationDto::EmailIntegrationCreationDto()",12,14
1,1,6,0,1,"ExternalAlertDestination::Endpoint@72-72@LogicMonitor.Api\Settings\ExternalAlertDestination.cs","LogicMonitor.Api\Settings\ExternalAlertDestination.cs","ExternalAlertDestination::Endpoint","ExternalAlertDestination::Endpoint()",72,72
3,1,10,0,3,"HttpIntegrationCreationDto::HttpIntegrationCreationDto@12-14@LogicMonitor.Api\Settings\HttpIntegrationCreationDto.cs","LogicMonitor.Api\Settings\HttpIntegrationCreationDto.cs","HttpIntegrationCreationDto::HttpIntegrationCreationDto","HttpIntegrationCreationDto::HttpIntegrationCreationDto()",12,14
3,1,12,1,3,"HttpIntegrationCreationDto::HttpIntegrationCreationDto@19-21@LogicMonitor.Api\Settings\HttpIntegrationCreationDto.cs","LogicMonitor.Api\Settings\HttpIntegrationCreationDto.cs","HttpIntegrationCreationDto::HttpIntegrationCreationDto","HttpIntegrationCreationDto::HttpIntegrationCreationDto( string type)",19,21
1,1,6,0,1,"Integration::Endpoint@26-26@LogicMonitor.Api\Settings\Integration.cs","LogicMonitor.Api\Settings\Integration.cs","Integration::Endpoint","Integration::Endpoint()",26,26
3,1,10,0,3,"JiraServiceManagementIntegrationCreationDto::JiraServiceManagementIntegrationCreationDto@12-14@LogicMonitor.Api\Settings\JiraServiceManagementIntegrationCreationDto.cs","LogicMonitor.Api\Settings\JiraServiceManagementIntegrationCreationDto.cs","JiraServiceManagementIntegrationCreationDto::JiraServiceManagementIntegrationCreationDto","JiraServiceManagementIntegrationCreationDto::JiraServiceManagementIntegrationCreationDto()",12,14
1,1,6,0,1,"NewUserMessageTemplate::Endpoint@22-22@LogicMonitor.Api\Settings\NewUserTemplate.cs","LogicMonitor.Api\Settings\NewUserTemplate.cs","NewUserMessageTemplate::Endpoint","NewUserMessageTemplate::Endpoint()",22,22
3,1,10,0,3,"PagerDutyIntegrationCreationDto::PagerDutyIntegrationCreationDto@12-14@LogicMonitor.Api\Settings\PagerDutyIntegrationCreationDto.cs","LogicMonitor.Api\Settings\PagerDutyIntegrationCreationDto.cs","PagerDutyIntegrationCreationDto::PagerDutyIntegrationCreationDto","PagerDutyIntegrationCreationDto::PagerDutyIntegrationCreationDto()",12,14
1,1,6,0,1,"RecipientGroup::Endpoint@24-24@LogicMonitor.Api\Settings\RecipientGroup.cs","LogicMonitor.Api\Settings\RecipientGroup.cs","RecipientGroup::Endpoint","RecipientGroup::Endpoint()",24,24
3,1,10,0,3,"ServiceNowIntegrationCreationDto::ServiceNowIntegrationCreationDto@12-14@LogicMonitor.Api\Settings\ServiceNowIntegrationCreationDto.cs","LogicMonitor.Api\Settings\ServiceNowIntegrationCreationDto.cs","ServiceNowIntegrationCreationDto::ServiceNowIntegrationCreationDto","ServiceNowIntegrationCreationDto::ServiceNowIntegrationCreationDto()",12,14
1,1,6,0,1,"SingleSignOn::Endpoint@52-52@LogicMonitor.Api\Settings\SingleSignOn.cs","LogicMonitor.Api\Settings\SingleSignOn.cs","SingleSignOn::Endpoint","SingleSignOn::Endpoint()",52,52
3,1,10,0,3,"SlackIntegrationCreationDto::SlackIntegrationCreationDto@12-14@LogicMonitor.Api\Settings\SlackIntegrationCreationDto.cs","LogicMonitor.Api\Settings\SlackIntegrationCreationDto.cs","SlackIntegrationCreationDto::SlackIntegrationCreationDto","SlackIntegrationCreationDto::SlackIntegrationCreationDto()",12,14
1,1,6,0,1,"Topology::Endpoint@96-96@LogicMonitor.Api\Topologies\Topology.cs","LogicMonitor.Api\Topologies\Topology.cs","Topology::Endpoint","Topology::Endpoint()",96,96
7,2,54,0,8,"TopologyDataRequest::GetQueryString@22-29@LogicMonitor.Api\Topologies\TopologyDataRequest.cs","LogicMonitor.Api\Topologies\TopologyDataRequest.cs","TopologyDataRequest::GetQueryString","TopologyDataRequest::GetQueryString()",22,29
1,1,6,0,1,"TopologyGroup::Endpoint@26-26@LogicMonitor.Api\Topologies\TopologyGroup.cs","LogicMonitor.Api\Topologies\TopologyGroup.cs","TopologyGroup::Endpoint","TopologyGroup::Endpoint()",26,26
1,1,6,0,1,"TopologyGroup::ToString@32-32@LogicMonitor.Api\Topologies\TopologyGroup.cs","LogicMonitor.Api\Topologies\TopologyGroup.cs","TopologyGroup::ToString","TopologyGroup::ToString()",32,32
1,1,6,0,1,"Role::Endpoint@76-76@LogicMonitor.Api\Users\Role.cs","LogicMonitor.Api\Users\Role.cs","Role::Endpoint","Role::Endpoint()",76,76
1,1,6,0,1,"RoleGroup::Endpoint@34-34@LogicMonitor.Api\Users\RoleGroup.cs","LogicMonitor.Api\Users\RoleGroup.cs","RoleGroup::Endpoint","RoleGroup::Endpoint()",34,34
1,1,6,0,1,"User::Endpoint@252-252@LogicMonitor.Api\Users\User.cs","LogicMonitor.Api\Users\User.cs","User::Endpoint","User::Endpoint()",252,252
1,1,7,0,1,"User::ToString@257-257@LogicMonitor.Api\Users\User.cs","LogicMonitor.Api\Users\User.cs","User::ToString","User::ToString()",257,257
1,1,6,0,1,"UserGroup::Endpoint@34-34@LogicMonitor.Api\Users\UserGroup.cs","LogicMonitor.Api\Users\UserGroup.cs","UserGroup::Endpoint","UserGroup::Endpoint()",34,34
14,1,43,0,14,"ViewPermission::ToString@100-113@LogicMonitor.Api\Users\ViewPermission.cs","LogicMonitor.Api\Users\ViewPermission.cs","ViewPermission::ToString","ViewPermission::ToString()",100,113
1,1,6,0,1,"Website::Endpoint@255-255@LogicMonitor.Api\Websites\Website.cs","LogicMonitor.Api\Websites\Website.cs","Website::Endpoint","Website::Endpoint()",255,255
1,1,6,0,1,"WebsiteGroup::Endpoint@125-125@LogicMonitor.Api\Websites\WebsiteGroup.cs","LogicMonitor.Api\Websites\WebsiteGroup.cs","WebsiteGroup::Endpoint","WebsiteGroup::Endpoint()",125,125
1,1,6,0,1,"WebsiteMonitorCheckpoint::Endpoint@28-28@LogicMonitor.Api\Websites\WebsiteMonitorCheckpoint.cs","LogicMonitor.Api\Websites\WebsiteMonitorCheckpoint.cs","WebsiteMonitorCheckpoint::Endpoint","WebsiteMonitorCheckpoint::Endpoint()",28,28
4,1,22,1,4,"Cache::if@19-22@LogicMonitor.Api\Cache.cs","LogicMonitor.Api\Cache.cs","Cache::if","Cache::if( value<TimeSpan.Zero)",19,22
7,2,31,0,7,"Cache::Cache@31-37@LogicMonitor.Api\Cache.cs","LogicMonitor.Api\Cache.cs","Cache::Cache","Cache::Cache(TimeSpan maxAge,ILogger logger)",31,37
2,1,10,0,2,"Cache::Clear@39-40@LogicMonitor.Api\Cache.cs","LogicMonitor.Api\Cache.cs","Cache::Clear","Cache::Clear()",39,40
15,6,96,0,17,"Cache::TryGetValue<T>@48-64@LogicMonitor.Api\Cache.cs","LogicMonitor.Api\Cache.cs","Cache::TryGetValue<T>","Cache::TryGetValue<T>(TIndex index,out TValue?value)",48,64
10,1,56,0,10,"Cache::AddOrUpdate@66-75@LogicMonitor.Api\Cache.cs","LogicMonitor.Api\Cache.cs","Cache::AddOrUpdate","Cache::AddOrUpdate(TIndex index,TValue value)",66,75
22,5,131,0,30,"Cache::Age@77-106@LogicMonitor.Api\Cache.cs","LogicMonitor.Api\Cache.cs","Cache::Age","Cache::Age(bool force=false)",77,106
1,1,7,0,1,"DescribedItem::ToString@18-18@LogicMonitor.Api\DescribedItem.cs","LogicMonitor.Api\DescribedItem.cs","DescribedItem::ToString","DescribedItem::ToString()",18,18
4,1,17,2,4,"DeserializationException::DeserializationException@14-17@LogicMonitor.Api\DeserializationException.cs","LogicMonitor.Api\DeserializationException.cs","DeserializationException::DeserializationException","DeserializationException::DeserializationException( string responseBody , Exception exception)",14,17
4,1,27,4,4,"DeserializationException::DeserializationException@26-29@LogicMonitor.Api\DeserializationException.cs","LogicMonitor.Api\DeserializationException.cs","DeserializationException::DeserializationException","DeserializationException::DeserializationException( HttpMethod method , string subUrl , HttpStatusCode httpStatusCode , string responseBody)",26,29
4,1,17,2,4,"DeserializationException::DeserializationException@36-39@LogicMonitor.Api\DeserializationException.cs","LogicMonitor.Api\DeserializationException.cs","DeserializationException::DeserializationException","DeserializationException::DeserializationException( SerializationInfo info , StreamingContext context)",36,39
4,1,12,1,4,"DeserializationException::DeserializationException@45-48@LogicMonitor.Api\DeserializationException.cs","LogicMonitor.Api\DeserializationException.cs","DeserializationException::DeserializationException","DeserializationException::DeserializationException( HttpResponseMessage httpResponseMessage)",45,48
3,1,5,0,3,"DeserializationException::DeserializationException@53-55@LogicMonitor.Api\DeserializationException.cs","LogicMonitor.Api\DeserializationException.cs","DeserializationException::DeserializationException","DeserializationException::DeserializationException()",53,55
4,1,32,5,4,"DeserializationException::DeserializationException@65-68@LogicMonitor.Api\DeserializationException.cs","LogicMonitor.Api\DeserializationException.cs","DeserializationException::DeserializationException","DeserializationException::DeserializationException( HttpMethod method , string subUrl , HttpStatusCode httpStatusCode , string responseBody , string message)",65,68
1,1,7,0,1,"EntityProperty::ToString@35-35@LogicMonitor.Api\EntityProperty.cs","LogicMonitor.Api\EntityProperty.cs","EntityProperty::ToString","EntityProperty::ToString()",35,35
1,2,26,1,1,"FlagsEnumConverter::CanConvert@5-5@LogicMonitor.Api\FlagsEnumConverter.cs","LogicMonitor.Api\FlagsEnumConverter.cs","FlagsEnumConverter::CanConvert","FlagsEnumConverter::CanConvert( Type objectType)",5,5
7,1,68,4,8,"FlagsEnumConverter::ReadJson@7-14@LogicMonitor.Api\FlagsEnumConverter.cs","LogicMonitor.Api\FlagsEnumConverter.cs","FlagsEnumConverter::ReadJson","FlagsEnumConverter::ReadJson( JsonReader reader , Type objectType , object ? existingValue , JsonSerializer serializer)",7,14
12,2,94,3,13,"FlagsEnumConverter::WriteJson@16-28@LogicMonitor.Api\FlagsEnumConverter.cs","LogicMonitor.Api\FlagsEnumConverter.cs","FlagsEnumConverter::WriteJson","FlagsEnumConverter::WriteJson( JsonWriter writer , object ? value , JsonSerializer serializer)",16,28
5,4,44,1,5,"IdentifiedItemBase::Equals@21-25@LogicMonitor.Api\IdentifiedItemBase.cs","LogicMonitor.Api\IdentifiedItemBase.cs","IdentifiedItemBase::Equals","IdentifiedItemBase::Equals( object ? obj)",21,25
6,1,33,0,6,"IdentifiedItemBase::GetHashCode@31-36@LogicMonitor.Api\IdentifiedItemBase.cs","LogicMonitor.Api\IdentifiedItemBase.cs","IdentifiedItemBase::GetHashCode","IdentifiedItemBase::GetHashCode()",31,36
4,1,5,0,38,"*global*@0-37@LogicMonitor.Api\IdentifiedItemBase.cs","LogicMonitor.Api\IdentifiedItemBase.cs","*global*","*global*",0,37
4,1,29,4,4,"LogicMonitorApiException::LogicMonitorApiException@16-19@LogicMonitor.Api\LogicmonitorApiException.cs","LogicMonitor.Api\LogicmonitorApiException.cs","LogicMonitorApiException::LogicMonitorApiException","LogicMonitorApiException::LogicMonitorApiException( HttpMethod method , string subUrl , HttpStatusCode httpStatusCode , string responseBody)",16,19
14,2,57,5,15,"LogicMonitorApiException::LogicMonitorApiException@29-43@LogicMonitor.Api\LogicmonitorApiException.cs","LogicMonitor.Api\LogicmonitorApiException.cs","LogicMonitorApiException::LogicMonitorApiException","LogicMonitorApiException::LogicMonitorApiException( HttpMethod method , string subUrl , HttpStatusCode httpStatusCode , string responseBody , string ? message)",29,43
4,1,12,1,4,"LogicMonitorApiException::LogicMonitorApiException@45-48@LogicMonitor.Api\LogicmonitorApiException.cs","LogicMonitor.Api\LogicmonitorApiException.cs","LogicMonitorApiException::LogicMonitorApiException","LogicMonitorApiException::LogicMonitorApiException( string message)",45,48
6,2,35,1,6,"LogicMonitorApiException::LogicMonitorApiException@54-59@LogicMonitor.Api\LogicmonitorApiException.cs","LogicMonitor.Api\LogicmonitorApiException.cs","LogicMonitorApiException::LogicMonitorApiException","LogicMonitorApiException::LogicMonitorApiException( HttpResponseMessage httpResponseMessage)",54,59
5,1,29,2,5,"LogicMonitorApiException::LogicMonitorApiException@66-70@LogicMonitor.Api\LogicmonitorApiException.cs","LogicMonitor.Api\LogicmonitorApiException.cs","LogicMonitorApiException::LogicMonitorApiException","LogicMonitorApiException::LogicMonitorApiException( string responseBody , Exception exception)",66,70
3,1,5,0,3,"LogicMonitorApiException::LogicMonitorApiException@75-77@LogicMonitor.Api\LogicmonitorApiException.cs","LogicMonitor.Api\LogicmonitorApiException.cs","LogicMonitorApiException::LogicMonitorApiException","LogicMonitorApiException::LogicMonitorApiException()",75,77
4,1,17,2,4,"LogicMonitorApiException::LogicMonitorApiException@85-88@LogicMonitor.Api\LogicmonitorApiException.cs","LogicMonitor.Api\LogicmonitorApiException.cs","LogicMonitorApiException::LogicMonitorApiException","LogicMonitorApiException::LogicMonitorApiException( SerializationInfo info , StreamingContext context)",85,88
1,2,27,1,1,"LogicMonitorApiException::Equals@106-106@LogicMonitor.Api\LogicmonitorApiException.cs","LogicMonitor.Api\LogicmonitorApiException.cs","LogicMonitorApiException::Equals","LogicMonitorApiException::Equals( LogicMonitorApiException other)",106,106
8,4,45,1,9,"LogicMonitorApiException::Equals@109-117@LogicMonitor.Api\LogicmonitorApiException.cs","LogicMonitor.Api\LogicmonitorApiException.cs","LogicMonitorApiException::Equals","LogicMonitorApiException::Equals( object ? obj)",109,117
7,3,29,0,7,"LogicMonitorApiException::GetHashCode@120-126@LogicMonitor.Api\LogicmonitorApiException.cs","LogicMonitor.Api\LogicmonitorApiException.cs","LogicMonitorApiException::GetHashCode","LogicMonitorApiException::GetHashCode()",120,126
1,1,7,0,1,"LogicMonitorApiException::ToString@129-129@LogicMonitor.Api\LogicmonitorApiException.cs","LogicMonitor.Api\LogicmonitorApiException.cs","LogicMonitorApiException::ToString","LogicMonitorApiException::ToString()",129,129
4,1,11,1,4,"LogicMonitorApiParameterException::LogicMonitorApiParameterException@18-21@LogicMonitor.Api\LogicmonitorApiParameterException.cs","LogicMonitor.Api\LogicmonitorApiParameterException.cs","LogicMonitorApiParameterException::LogicMonitorApiParameterException","LogicMonitorApiParameterException::LogicMonitorApiParameterException( string parameter)",18,21
3,1,5,0,3,"LogicMonitorApiParameterException::LogicMonitorApiParameterException@26-28@LogicMonitor.Api\LogicmonitorApiParameterException.cs","LogicMonitor.Api\LogicmonitorApiParameterException.cs","LogicMonitorApiParameterException::LogicMonitorApiParameterException","LogicMonitorApiParameterException::LogicMonitorApiParameterException()",26,28
3,1,17,2,3,"LogicMonitorApiParameterException::LogicMonitorApiParameterException@36-38@LogicMonitor.Api\LogicmonitorApiParameterException.cs","LogicMonitor.Api\LogicmonitorApiParameterException.cs","LogicMonitorApiParameterException::LogicMonitorApiParameterException","LogicMonitorApiParameterException::LogicMonitorApiParameterException( SerializationInfo info , StreamingContext context)",36,38
3,1,17,2,3,"LogicMonitorApiParameterException::LogicMonitorApiParameterException@46-48@LogicMonitor.Api\LogicmonitorApiParameterException.cs","LogicMonitor.Api\LogicmonitorApiParameterException.cs","LogicMonitorApiParameterException::LogicMonitorApiParameterException","LogicMonitorApiParameterException::LogicMonitorApiParameterException( string message , Exception innerException)",46,48
5,1,28,2,6,"LogicMonitorApiParameterException::GetObjectData@53-58@LogicMonitor.Api\LogicmonitorApiParameterException.cs","LogicMonitor.Api\LogicmonitorApiParameterException.cs","LogicMonitorApiParameterException::GetObjectData","LogicMonitorApiParameterException::GetObjectData( SerializationInfo info , StreamingContext context)",53,58
2,1,10,0,2,"LogicMonitorClient::ClearCache@63-64@LogicMonitor.Api\LogicMonitorClient.cs","LogicMonitor.Api\LogicMonitorClient.cs","LogicMonitorClient::ClearCache","LogicMonitorClient::ClearCache()",63,64
1,1,3,0,1,"LogicMonitorClient::set@69-69@LogicMonitor.Api\LogicMonitorClient.cs","LogicMonitor.Api\LogicMonitorClient.cs","LogicMonitorClient::set","LogicMonitorClient::LogicMonitorClient::ClearCache.set",69,69
4,1,20,1,4,"LogicMonitorClient::if@90-93@LogicMonitor.Api\LogicMonitorClient.cs","LogicMonitor.Api\LogicMonitorClient.cs","LogicMonitorClient::if","LogicMonitorClient::if( value<1)",90,93
21,5,197,0,26,"LogicMonitorClient::LogicMonitorClient@118-143@LogicMonitor.Api\LogicMonitorClient.cs","LogicMonitor.Api\LogicMonitorClient.cs","LogicMonitorClient::LogicMonitorClient","LogicMonitorClient::LogicMonitorClient(LogicMonitorClientOptions logicMonitorClientOptions)",118,143
8,1,86,0,9,"LogicMonitorClient::GetSignature@145-153@LogicMonitor.Api\LogicMonitorClient.cs","LogicMonitor.Api\LogicMonitorClient.cs","LogicMonitorClient::GetSignature","LogicMonitorClient::GetSignature(string httpVerb,long epoch,string data,string resourcePath,string accessKey)",145,153
6,1,24,0,7,"LogicMonitorClient::Dispose@158-164@LogicMonitor.Api\LogicMonitorClient.cs","LogicMonitor.Api\LogicMonitorClient.cs","LogicMonitorClient::Dispose","LogicMonitorClient::Dispose()",158,164
2,2,26,0,2,"LogicMonitorClient::new@175-176@LogicMonitor.Api\LogicMonitorClient.cs","LogicMonitor.Api\LogicMonitorClient.cs","LogicMonitorClient::new","LogicMonitorClient::new()",175,176
2,1,12,0,2,"LogicMonitorClient::new@189-190@LogicMonitor.Api\LogicMonitorClient.cs","LogicMonitor.Api\LogicMonitorClient.cs","LogicMonitorClient::new","LogicMonitorClient::new()",189,190
2,2,19,0,2,"LogicMonitorClient::new@198-199@LogicMonitor.Api\LogicMonitorClient.cs","LogicMonitor.Api\LogicMonitorClient.cs","LogicMonitorClient::new","LogicMonitorClient::new()",198,199
2,1,19,0,2,"LogicMonitorClient::new@207-208@LogicMonitor.Api\LogicMonitorClient.cs","LogicMonitor.Api\LogicMonitorClient.cs","LogicMonitorClient::new","LogicMonitorClient::new()",207,208
27,14,185,0,42,"LogicMonitorClient::new@217-258@LogicMonitor.Api\LogicMonitorClient.cs","LogicMonitor.Api\LogicMonitorClient.cs","LogicMonitorClient::new","LogicMonitorClient::new()",217,258
2,1,14,0,2,"IHasSingletonEndpoint::new@321-322@LogicMonitor.Api\LogicMonitorClient.cs","LogicMonitor.Api\LogicMonitorClient.cs","IHasSingletonEndpoint::new","LogicMonitorClient::new()",321,322
2,1,14,0,2,"IHasSingletonEndpoint::new@330-331@LogicMonitor.Api\LogicMonitorClient.cs","LogicMonitor.Api\LogicMonitorClient.cs","IHasSingletonEndpoint::new","LogicMonitorClient::new()",330,331
2,1,14,0,2,"IHasSingletonEndpoint::new@339-340@LogicMonitor.Api\LogicMonitorClient.cs","LogicMonitor.Api\LogicMonitorClient.cs","IHasSingletonEndpoint::new","LogicMonitorClient::new()",339,340
4,1,23,0,4,"IHasSingletonEndpoint::PatchAsync@352-355@LogicMonitor.Api\LogicMonitorClient.cs","LogicMonitor.Api\LogicMonitorClient.cs","IHasSingletonEndpoint::PatchAsync","LogicMonitorClient::PatchAsync(entity,new Dictionary<string,object>{{GetSerializationName<T>(propertyName),value}}",352,355
7,2,79,0,9,"IHasSingletonEndpoint::GetSerializationName<T>@363-371@LogicMonitor.Api\LogicMonitorClient.cs","LogicMonitor.Api\LogicMonitorClient.cs","IHasSingletonEndpoint::GetSerializationName<T>","LogicMonitorClient::GetSerializationName<T>(string propertyName)",363,371
13,3,117,0,16,"IHasSingletonEndpoint::GetSerializationNameFromEnumMember@377-392@LogicMonitor.Api\LogicMonitorClient.cs","LogicMonitor.Api\LogicMonitorClient.cs","IHasSingletonEndpoint::GetSerializationNameFromEnumMember","LogicMonitorClient::GetSerializationNameFromEnumMember(object enumObject)",377,392
58,8,429,0,82,"IHasSingletonEndpoint::PutAsync@422-503@LogicMonitor.Api\LogicMonitorClient.cs","LogicMonitor.Api\LogicMonitorClient.cs","IHasSingletonEndpoint::PutAsync","LogicMonitorClient::PutAsync(string subUrl,object@item,CancellationToken cancellationToken)",422,503
2,2,16,0,2,"IHasSingletonEndpoint::new@516-517@LogicMonitor.Api\LogicMonitorClient.cs","LogicMonitor.Api\LogicMonitorClient.cs","IHasSingletonEndpoint::new","LogicMonitorClient::new()",516,517
2,1,11,0,2,"IHasSingletonEndpoint::new@528-529@LogicMonitor.Api\LogicMonitorClient.cs","LogicMonitor.Api\LogicMonitorClient.cs","IHasSingletonEndpoint::new","LogicMonitorClient::new()",528,529
5,2,16,0,5,"IHasSingletonEndpoint::new@542-546@LogicMonitor.Api\LogicMonitorClient.cs","LogicMonitor.Api\LogicMonitorClient.cs","IHasSingletonEndpoint::new","LogicMonitorClient::new()",542,546
5,1,11,0,5,"IHasSingletonEndpoint::new@557-561@LogicMonitor.Api\LogicMonitorClient.cs","LogicMonitor.Api\LogicMonitorClient.cs","IHasSingletonEndpoint::new","LogicMonitorClient::new()",557,561
2,2,16,0,2,"IHasSingletonEndpoint::new@574-575@LogicMonitor.Api\LogicMonitorClient.cs","LogicMonitor.Api\LogicMonitorClient.cs","IHasSingletonEndpoint::new","LogicMonitorClient::new()",574,575
2,1,11,0,2,"IHasSingletonEndpoint::new@586-587@LogicMonitor.Api\LogicMonitorClient.cs","LogicMonitor.Api\LogicMonitorClient.cs","IHasSingletonEndpoint::new","LogicMonitorClient::new()",586,587
4,2,16,0,4,"IHasSingletonEndpoint::new@600-603@LogicMonitor.Api\LogicMonitorClient.cs","LogicMonitor.Api\LogicMonitorClient.cs","IHasSingletonEndpoint::new","LogicMonitorClient::new()",600,603
2,1,11,0,2,"IHasSingletonEndpoint::new@615-616@LogicMonitor.Api\LogicMonitorClient.cs","LogicMonitor.Api\LogicMonitorClient.cs","IHasSingletonEndpoint::new","LogicMonitorClient::new()",615,616
7,2,25,0,7,"IHasSingletonEndpoint::DeleteAsync@624-630@LogicMonitor.Api\LogicMonitorClient.cs","LogicMonitor.Api\LogicMonitorClient.cs","IHasSingletonEndpoint::DeleteAsync","LogicMonitorClient::DeleteAsync(ResourceDataSourceInstance resourceDataSourceInstance,bool hardDelete,CancellationToken cancellationToken)",624,630
6,1,17,0,6,"IHasSingletonEndpoint::DeleteAsync@637-642@LogicMonitor.Api\LogicMonitorClient.cs","LogicMonitor.Api\LogicMonitorClient.cs","IHasSingletonEndpoint::DeleteAsync","LogicMonitorClient::DeleteAsync(ResourceDataSourceInstance resourceDataSourceInstance,CancellationToken cancellationToken)",637,642
8,2,50,0,11,"IHasSingletonEndpoint::new@650-660@LogicMonitor.Api\LogicMonitorClient.cs","LogicMonitor.Api\LogicMonitorClient.cs","IHasSingletonEndpoint::new","LogicMonitorClient::new()",650,660
23,4,171,0,29,"IHasSingletonEndpoint::GetIntegerHeaderAsync@672-700@LogicMonitor.Api\LogicMonitorClient.cs","LogicMonitor.Api\LogicMonitorClient.cs","IHasSingletonEndpoint::GetIntegerHeaderAsync","LogicMonitorClient::GetIntegerHeaderAsync(HttpMethod httpMethod,string subUrl,HttpStatusCode httpStatusCode,HttpResponseMessage httpResponseMessage,string header)",672,700
3,2,18,0,3,"IHasSingletonEndpoint::RequestUri@702-704@LogicMonitor.Api\LogicMonitorClient.cs","LogicMonitor.Api\LogicMonitorClient.cs","IHasSingletonEndpoint::RequestUri","LogicMonitorClient::RequestUri(string subUrl)",702,704
21,4,167,0,27,"IHasSingletonEndpoint::GetHttpResponseMessage@706-732@LogicMonitor.Api\LogicMonitorClient.cs","LogicMonitor.Api\LogicMonitorClient.cs","IHasSingletonEndpoint::GetHttpResponseMessage","LogicMonitorClient::GetHttpResponseMessage(HttpRequestMessage requestMessage,string subUrl,string?data,CancellationToken cancellationToken)",706,732
43,14,162,0,45,"IHasSingletonEndpoint::UpdateSummary@734-778@LogicMonitor.Api\LogicMonitorClient.cs","LogicMonitor.Api\LogicMonitorClient.cs","IHasSingletonEndpoint::UpdateSummary","LogicMonitorClient::UpdateSummary(HttpRequestMessage requestMessage,HttpResponseMessage response)",734,778
2,1,19,0,2,"IHasSingletonEndpoint::new@780-781@LogicMonitor.Api\LogicMonitorClient.cs","LogicMonitor.Api\LogicMonitorClient.cs","IHasSingletonEndpoint::new","LogicMonitorClient::new()",780,781
5,1,22,0,138,"IHasSingletonEndpoint::new@791-928@LogicMonitor.Api\LogicMonitorClient.cs","LogicMonitor.Api\LogicMonitorClient.cs","IHasSingletonEndpoint::new","LogicMonitorClient::new()",791,928
62,8,375,0,82,"new::while@822-903@LogicMonitor.Api\LogicMonitorClient.cs","LogicMonitor.Api\LogicMonitorClient.cs","new::while","LogicMonitorClient::IHasSingletonEndpoint::new.while(true)",822,903
9,1,62,0,10,"new::if@908-917@LogicMonitor.Api\LogicMonitorClient.cs","LogicMonitor.Api\LogicMonitorClient.cs","new::if","LogicMonitorClient::IHasSingletonEndpoint::new.if(!httpResponseMessage.IsSuccessStatusCode)",908,917
6,1,56,0,7,"new::if@921-927@LogicMonitor.Api\LogicMonitorClient.cs","LogicMonitor.Api\LogicMonitorClient.cs","new::if","LogicMonitorClient::IHasSingletonEndpoint::new.if(jsonString.Contains('group is not empty'))",921,927
5,1,22,0,138,"IHasSingletonEndpoint::new@791-928@LogicMonitor.Api\LogicMonitorClient.cs","LogicMonitor.Api\LogicMonitorClient.cs","IHasSingletonEndpoint::new","LogicMonitorClient::new()",791,928
10,3,18,0,207,"new::GetPrefix@930-1136@LogicMonitor.Api\LogicMonitorClient.cs","LogicMonitor.Api\LogicMonitorClient.cs","new::GetPrefix","LogicMonitorClient::GetPrefix(HttpMethod method)",930,1136
4,1,15,0,4,"new::if@957-960@LogicMonitor.Api\LogicMonitorClient.cs","LogicMonitor.Api\LogicMonitorClient.cs","new::if","LogicMonitorClient::new::GetPrefix.if(cacheObject is not null)",957,960
72,10,472,0,100,"new::while@966-1065@LogicMonitor.Api\LogicMonitorClient.cs","LogicMonitor.Api\LogicMonitorClient.cs","new::while","LogicMonitorClient::new::GetPrefix.while(true)",966,1065
7,2,62,0,7,"new::if@1068-1074@LogicMonitor.Api\LogicMonitorClient.cs","LogicMonitor.Api\LogicMonitorClient.cs","new::if","LogicMonitorClient::new::GetPrefix.if(typeof(T).Name==nameof(XmlResponse))",1068,1074
7,2,59,0,7,"new::if@1075-1081@LogicMonitor.Api\LogicMonitorClient.cs","LogicMonitor.Api\LogicMonitorClient.cs","new::if","LogicMonitorClient::new::GetPrefix.if(typeof(T)==typeof(List<byte>))",1075,1081
12,2,93,0,13,"new::if@1082-1094@LogicMonitor.Api\LogicMonitorClient.cs","LogicMonitor.Api\LogicMonitorClient.cs","new::if","LogicMonitorClient::new::GetPrefix.if(typeof(T)==typeof(DownloadFileInfo))",1082,1094
11,1,82,0,12,"new::if@1100-1111@LogicMonitor.Api\LogicMonitorClient.cs","LogicMonitor.Api\LogicMonitorClient.cs","new::if","LogicMonitorClient::new::GetPrefix.if(!portalResponse.IsSuccessStatusCode)",1100,1111
8,1,28,0,8,"new::catch@1120-1127@LogicMonitor.Api\LogicMonitorClient.cs","LogicMonitor.Api\LogicMonitorClient.cs","new::catch","LogicMonitorClient::new::GetPrefix.catch(DeserializationException e)",1120,1127
4,1,20,0,4,"new::if@1130-1133@LogicMonitor.Api\LogicMonitorClient.cs","LogicMonitor.Api\LogicMonitorClient.cs","new::if","LogicMonitorClient::new::GetPrefix.if(useCache&&deserializedObject is not null)",1130,1133
2,1,5,0,2,"new::new@1136-1137@LogicMonitor.Api\LogicMonitorClient.cs","LogicMonitor.Api\LogicMonitorClient.cs","new::new","LogicMonitorClient::new::GetPrefix.new()",1136,1137
64,9,461,0,94,"new::new@1147-1240@LogicMonitor.Api\LogicMonitorClient.cs","LogicMonitor.Api\LogicMonitorClient.cs","new::new","LogicMonitorClient::new()",1147,1240
66,8,446,0,92,"new::PostJObjectAsync@1251-1342@LogicMonitor.Api\LogicMonitorClient.cs","LogicMonitor.Api\LogicMonitorClient.cs","new::PostJObjectAsync","LogicMonitorClient::PostJObjectAsync(JObject jObject,string subUrl,CancellationToken cancellationToken)",1251,1342
38,6,285,0,46,"new::PatchAsync@1363-1408@LogicMonitor.Api\LogicMonitorClient.cs","LogicMonitor.Api\LogicMonitorClient.cs","new::PatchAsync","LogicMonitorClient::PatchAsync(string subUrl,Dictionary<string,object>fieldsToUpdate,CancellationToken cancellationToken)",1363,1408
2,1,12,0,2,"new::new@1418-1419@LogicMonitor.Api\LogicMonitorClient.cs","LogicMonitor.Api\LogicMonitorClient.cs","new::new","LogicMonitorClient::new()",1418,1419
2,1,19,0,2,"new::new@1428-1429@LogicMonitor.Api\LogicMonitorClient.cs","LogicMonitor.Api\LogicMonitorClient.cs","new::new","LogicMonitorClient::new()",1428,1429
5,2,27,0,5,"new::new@1439-1443@LogicMonitor.Api\LogicMonitorClient.cs","LogicMonitor.Api\LogicMonitorClient.cs","new::new","LogicMonitorClient::new()",1439,1443
2,1,26,0,2,"new::ExecuteDebugCommandAsync@1455-1456@LogicMonitor.Api\LogicMonitorClient.cs","LogicMonitor.Api\LogicMonitorClient.cs","new::ExecuteDebugCommandAsync","LogicMonitorClient::ExecuteDebugCommandAsync(int collectorId,string commandText,CancellationToken cancellationToken)",1455,1456
53,1,64,0,1641,"*global*@0-1640@LogicMonitor.Api\LogicMonitorClient.cs","LogicMonitor.Api\LogicMonitorClient.cs","*global*","*global*,cancellationToken)",0,1640
2,1,23,0,2,"new::GetDebugCommandResultAsync@1464-1465@LogicMonitor.Api\LogicMonitorClient.cs","LogicMonitor.Api\LogicMonitorClient.cs","new::GetDebugCommandResultAsync","LogicMonitorClient::GetDebugCommandResultAsync(int collectorId,int sessionId,CancellationToken cancellationToken)",1464,1465
27,6,122,0,33,"new::ExecuteDebugCommandAndWaitForResultAsync@1475-1507@LogicMonitor.Api\LogicMonitorClient.cs","LogicMonitor.Api\LogicMonitorClient.cs","new::ExecuteDebugCommandAndWaitForResultAsync","LogicMonitorClient::ExecuteDebugCommandAndWaitForResultAsync(int collectorId,string commandText,int timeoutMs,int sleepIntervalMs,CancellationToken cancellationToken)",1475,1507
60,11,303,0,77,"new::SetCustomPropertyAsync@1511-1587@LogicMonitor.Api\LogicMonitorClient.cs","LogicMonitor.Api\LogicMonitorClient.cs","new::SetCustomPropertyAsync","LogicMonitorClient::SetCustomPropertyAsync(int id,string name,string?value,SetPropertyMode mode,string subUrl,CancellationToken cancellationToken)",1511,1587
2,1,18,0,2,"new::IsPropertyReadOnly@1595-1596@LogicMonitor.Api\LogicMonitorClient.cs","LogicMonitor.Api\LogicMonitorClient.cs","new::IsPropertyReadOnly","LogicMonitorClient::IsPropertyReadOnly(string name,Type logicMonitorClassType)",1595,1596
21,6,113,0,25,"new::IsPropertyReadOnly@1605-1629@LogicMonitor.Api\LogicMonitorClient.cs","LogicMonitor.Api\LogicMonitorClient.cs","new::IsPropertyReadOnly","LogicMonitorClient::IsPropertyReadOnly(string name,Type logicMonitorClassType,bool tryJsonNameFirst)",1605,1629
2,1,21,0,2,"new::new@1638-1639@LogicMonitor.Api\LogicMonitorClient.cs","LogicMonitor.Api\LogicMonitorClient.cs","new::new","LogicMonitorClient::new()",1638,1639
13,4,109,2,17,"LogicMonitorClient::GetAlertsAsync@14-30@LogicMonitor.Api\LogicMonitorClient_Alerts.cs","LogicMonitor.Api\LogicMonitorClient_Alerts.cs","LogicMonitorClient::GetAlertsAsync","LogicMonitorClient::GetAlertsAsync( AlertFilter alertFilter , CancellationToken cancellationToken)",14,30
30,4,274,2,36,"LogicMonitorClient::GetRestAlertsWithV84BugAsync@37-72@LogicMonitor.Api\LogicMonitorClient_Alerts.cs","LogicMonitor.Api\LogicMonitorClient_Alerts.cs","LogicMonitorClient::GetRestAlertsWithV84BugAsync","LogicMonitorClient::GetRestAlertsWithV84BugAsync( AlertFilter alertFilter , TimeSpan chunkSize)",37,72
61,19,387,3,79,"LogicMonitorClient::GetRestAlertsWithoutV84BugAsync@74-152@LogicMonitor.Api\LogicMonitorClient_Alerts.cs","LogicMonitor.Api\LogicMonitorClient_Alerts.cs","LogicMonitorClient::GetRestAlertsWithoutV84BugAsync","LogicMonitorClient::GetRestAlertsWithoutV84BugAsync( AlertFilter ? alertFilter , bool calledFromChunked , CancellationToken cancellationToken)",74,152
2,1,22,2,2,"LogicMonitorClient::GetAlertAsync@159-160@LogicMonitor.Api\LogicMonitorClient_Alerts.cs","LogicMonitor.Api\LogicMonitorClient_Alerts.cs","LogicMonitorClient::GetAlertAsync","LogicMonitorClient::GetAlertAsync( string id , CancellationToken cancellationToken)",159,160
5,1,29,2,5,"LogicMonitorClient::GetAlertHistoryAsync@168-172@LogicMonitor.Api\LogicMonitorClient_Alerts.cs","LogicMonitor.Api\LogicMonitorClient_Alerts.cs","LogicMonitorClient::GetAlertHistoryAsync","LogicMonitorClient::GetAlertHistoryAsync( AlertHistoryRequest request , CancellationToken cancellationToken)",168,172
22,1,391,1,22,"LogicMonitorClient::GetMessageTemplatesAsync@179-200@LogicMonitor.Api\LogicMonitorClient_Alerts.cs","LogicMonitor.Api\LogicMonitorClient_Alerts.cs","LogicMonitorClient::GetMessageTemplatesAsync","LogicMonitorClient::GetMessageTemplatesAsync( CancellationToken cancellationToken)",179,200
13,1,18,0,233,"*global*@0-232@LogicMonitor.Api\LogicMonitorClient_Alerts.cs","LogicMonitor.Api\LogicMonitorClient_Alerts.cs","*global*","*global*",0,232
6,1,26,3,6,"LogicMonitorClient::AcknowledgeAlertAsync@208-213@LogicMonitor.Api\LogicMonitorClient_Alerts.cs","LogicMonitor.Api\LogicMonitorClient_Alerts.cs","LogicMonitorClient::AcknowledgeAlertAsync","LogicMonitorClient::AcknowledgeAlertAsync( string alertId , string acknowledgementComment , CancellationToken cancellationToken)",208,213
13,1,18,0,233,"*global*@0-232@LogicMonitor.Api\LogicMonitorClient_Alerts.cs","LogicMonitor.Api\LogicMonitorClient_Alerts.cs","*global*","*global*",0,232
8,1,36,3,8,"LogicMonitorClient::SetAlertNoteAsync@224-231@LogicMonitor.Api\LogicMonitorClient_Alerts.cs","LogicMonitor.Api\LogicMonitorClient_Alerts.cs","LogicMonitorClient::SetAlertNoteAsync","LogicMonitorClient::SetAlertNoteAsync( IList<string> alertIds , string note , CancellationToken cancellationToken)",224,231
7,1,23,2,7,"LogicMonitorClient::GetAllCollectorsByCollectorGroupIdAsync@13-19@LogicMonitor.Api\LogicMonitorClient_Collectors.cs","LogicMonitor.Api\LogicMonitorClient_Collectors.cs","LogicMonitorClient::GetAllCollectorsByCollectorGroupIdAsync","LogicMonitorClient::GetAllCollectorsByCollectorGroupIdAsync( int collectorGroupId , CancellationToken cancellationToken)",13,19
9,1,51,6,9,"LogicMonitorClient::DownloadCollectorAsync@30-38@LogicMonitor.Api\LogicMonitorClient_Collectors.cs","LogicMonitor.Api\LogicMonitorClient_Collectors.cs","LogicMonitorClient::DownloadCollectorAsync","LogicMonitorClient::DownloadCollectorAsync( int collectorId , FileInfo fileInfo , CollectorPlatformAndArchitecture collectorPlatformAndArchitecture , CollectorDownloadType collectorDownloadType = CollectorDownloadType . FullPackage , CollectorSize collectorSize = CollectorSize . Small , int ? collectorVersion = null)",30,38
21,2,113,7,29,"LogicMonitorClient::DownloadCollectorAsync@50-78@LogicMonitor.Api\LogicMonitorClient_Collectors.cs","LogicMonitor.Api\LogicMonitorClient_Collectors.cs","LogicMonitorClient::DownloadCollectorAsync","LogicMonitorClient::DownloadCollectorAsync( int collectorId , FileInfo fileInfo , CollectorPlatformAndArchitecture collectorPlatformAndArchitecture , CancellationToken cancellationToken , CollectorDownloadType collectorDownloadType = CollectorDownloadType . FullPackage , CollectorSize collectorSize = CollectorSize . Small , int ? collectorVersion = null)",50,78
4,1,15,1,4,"LogicMonitorClient::GetAllCollectorVersionsAsync@84-87@LogicMonitor.Api\LogicMonitorClient_Collectors.cs","LogicMonitor.Api\LogicMonitorClient_Collectors.cs","LogicMonitorClient::GetAllCollectorVersionsAsync","LogicMonitorClient::GetAllCollectorVersionsAsync( CancellationToken cancellationToken)",84,87
8,1,58,2,8,"LogicMonitorClient::GetAllCollectorVersionsAsync@94-101@LogicMonitor.Api\LogicMonitorClient_Collectors.cs","LogicMonitor.Api\LogicMonitorClient_Collectors.cs","LogicMonitorClient::GetAllCollectorVersionsAsync","LogicMonitorClient::GetAllCollectorVersionsAsync( Filter<CollectorVersion> filter , CancellationToken cancellationToken)",94,101
8,1,22,3,8,"LogicMonitorClient::UpdateCollectorByIdAsync@109-116@LogicMonitor.Api\LogicMonitorClient_Collectors.cs","LogicMonitor.Api\LogicMonitorClient_Collectors.cs","LogicMonitorClient::UpdateCollectorByIdAsync","LogicMonitorClient::UpdateCollectorByIdAsync( int id , Collector body , CancellationToken cancellationToken)",109,116
8,1,22,3,8,"LogicMonitorClient::UpdateCollectorGroupByIdAsync@124-131@LogicMonitor.Api\LogicMonitorClient_Collectors.cs","LogicMonitor.Api\LogicMonitorClient_Collectors.cs","LogicMonitorClient::UpdateCollectorGroupByIdAsync","LogicMonitorClient::UpdateCollectorGroupByIdAsync( int id , CollectorGroup body , CancellationToken cancellationToken)",124,131
8,1,27,3,8,"LogicMonitorClient::AcknowledgeCollectorDownAsync@139-146@LogicMonitor.Api\LogicMonitorClient_Collectors.cs","LogicMonitor.Api\LogicMonitorClient_Collectors.cs","LogicMonitorClient::AcknowledgeCollectorDownAsync","LogicMonitorClient::AcknowledgeCollectorDownAsync( int id , CollectorDownAcknowledgement body , CancellationToken cancellationToken)",139,146
4,1,30,2,4,"LogicMonitorClient::GetConfigSourceXmlAsync@13-16@LogicMonitor.Api\LogicMonitorClient_ConfigSources.cs","LogicMonitor.Api\LogicMonitorClient_ConfigSources.cs","LogicMonitorClient::GetConfigSourceXmlAsync","LogicMonitorClient::GetConfigSourceXmlAsync( int configSourceId , CancellationToken cancellationToken)",13,16
7,1,27,3,7,"LogicMonitorClient::AddConfigSourceAuditVersionAsync@24-30@LogicMonitor.Api\LogicMonitorClient_ConfigSources.cs","LogicMonitor.Api\LogicMonitorClient_ConfigSources.cs","LogicMonitorClient::AddConfigSourceAuditVersionAsync","LogicMonitorClient::AddConfigSourceAuditVersionAsync( int id , Audit body , CancellationToken cancellationToken)",24,30
5,2,51,2,5,"LogicMonitorClient::GetWidgetsByDashboardNameAsync@13-17@LogicMonitor.Api\LogicMonitorClient_Dashboards.cs","LogicMonitor.Api\LogicMonitorClient_Dashboards.cs","LogicMonitorClient::GetWidgetsByDashboardNameAsync","LogicMonitorClient::GetWidgetsByDashboardNameAsync( string dashboardName , CancellationToken cancellationToken)",13,17
8,1,39,2,8,"LogicMonitorClient::GetDashboardGroupByFullPathAsync@24-31@LogicMonitor.Api\LogicMonitorClient_Dashboards.cs","LogicMonitor.Api\LogicMonitorClient_Dashboards.cs","LogicMonitorClient::GetDashboardGroupByFullPathAsync","LogicMonitorClient::GetDashboardGroupByFullPathAsync( string dashboardGroupFullPath , CancellationToken cancellationToken)",24,31
17,1,42,0,226,"*global*@0-225@LogicMonitor.Api\LogicMonitorClient_Dashboards.cs","LogicMonitor.Api\LogicMonitorClient_Dashboards.cs","*global*","*global*",0,225
9,1,25,3,9,"LogicMonitorClient::GetChildDashboardGroupsAsync@39-47@LogicMonitor.Api\LogicMonitorClient_Dashboards.cs","LogicMonitor.Api\LogicMonitorClient_Dashboards.cs","LogicMonitorClient::GetChildDashboardGroupsAsync","LogicMonitorClient::GetChildDashboardGroupsAsync( int parentDashboardGroupId , Filter<DashboardGroup> filter , CancellationToken cancellationToken)",39,47
10,1,25,3,10,"LogicMonitorClient::GetChildDashboardsAsync@55-64@LogicMonitor.Api\LogicMonitorClient_Dashboards.cs","LogicMonitor.Api\LogicMonitorClient_Dashboards.cs","LogicMonitorClient::GetChildDashboardsAsync","LogicMonitorClient::GetChildDashboardsAsync( int parentDashboardGroupId , Filter<Dashboard> filter , CancellationToken cancellationToken)",55,64
4,1,24,2,4,"LogicMonitorClient::AddDashboardAsync@71-74@LogicMonitor.Api\LogicMonitorClient_Dashboards.cs","LogicMonitor.Api\LogicMonitorClient_Dashboards.cs","LogicMonitorClient::AddDashboardAsync","LogicMonitorClient::AddDashboardAsync( DashboardCreationDto body , CancellationToken cancellationToken)",71,74
16,3,70,4,19,"LogicMonitorClient::GetWidgetDataAsync@83-101@LogicMonitor.Api\LogicMonitorClient_Dashboards.cs","LogicMonitor.Api\LogicMonitorClient_Dashboards.cs","LogicMonitorClient::GetWidgetDataAsync","LogicMonitorClient::GetWidgetDataAsync( int widgetId , DateTimeOffset start , DateTimeOffset end , CancellationToken cancellationToken)",83,101
11,1,43,2,11,"LogicMonitorClient::GetWidgetsByDashboardIdAsync@108-118@LogicMonitor.Api\LogicMonitorClient_Dashboards.cs","LogicMonitor.Api\LogicMonitorClient_Dashboards.cs","LogicMonitorClient::GetWidgetsByDashboardIdAsync","LogicMonitorClient::GetWidgetsByDashboardIdAsync( int dashboardId , CancellationToken cancellationToken)",108,118
17,1,42,0,226,"*global*@0-225@LogicMonitor.Api\LogicMonitorClient_Dashboards.cs","LogicMonitor.Api\LogicMonitorClient_Dashboards.cs","*global*","*global*",0,225
4,1,24,2,4,"LogicMonitorClient::SaveNewWidgetAsync@126-129@LogicMonitor.Api\LogicMonitorClient_Dashboards.cs","LogicMonitor.Api\LogicMonitorClient_Dashboards.cs","LogicMonitorClient::SaveNewWidgetAsync","LogicMonitorClient::SaveNewWidgetAsync( IWidget widget , CancellationToken cancellationToken)",126,129
21,1,153,2,27,"LogicMonitorClient::DeleteDashboardGroupRecursivelyByIdAsync@136-162@LogicMonitor.Api\LogicMonitorClient_Dashboards.cs","LogicMonitor.Api\LogicMonitorClient_Dashboards.cs","LogicMonitorClient::DeleteDashboardGroupRecursivelyByIdAsync","LogicMonitorClient::DeleteDashboardGroupRecursivelyByIdAsync( int id , CancellationToken cancellationToken)",136,162
8,1,22,3,8,"LogicMonitorClient::PatchWidgetByIdAsync@170-177@LogicMonitor.Api\LogicMonitorClient_Dashboards.cs","LogicMonitor.Api\LogicMonitorClient_Dashboards.cs","LogicMonitorClient::PatchWidgetByIdAsync","LogicMonitorClient::PatchWidgetByIdAsync( int id , Widget body , CancellationToken cancellationToken)",170,177
4,1,19,2,4,"LogicMonitorClient::GetWidgetByIdAsync@184-187@LogicMonitor.Api\LogicMonitorClient_Dashboards.cs","LogicMonitor.Api\LogicMonitorClient_Dashboards.cs","LogicMonitorClient::GetWidgetByIdAsync","LogicMonitorClient::GetWidgetByIdAsync( int id , CancellationToken cancellationToken)",184,187
4,1,22,2,4,"LogicMonitorClient::GetWidgetListAsync@194-197@LogicMonitor.Api\LogicMonitorClient_Dashboards.cs","LogicMonitor.Api\LogicMonitorClient_Dashboards.cs","LogicMonitorClient::GetWidgetListAsync","LogicMonitorClient::GetWidgetListAsync( Filter<Widget> filter , CancellationToken cancellationToken)",194,197
8,1,37,5,8,"LogicMonitorClient::GetWidgetDataByIdAsync@207-214@LogicMonitor.Api\LogicMonitorClient_Dashboards.cs","LogicMonitor.Api\LogicMonitorClient_Dashboards.cs","LogicMonitorClient::GetWidgetDataByIdAsync","LogicMonitorClient::GetWidgetDataByIdAsync( int id , CancellationToken cancellationToken , int ? start = null , int ? end = null , string format = '')",207,214
4,1,17,2,4,"LogicMonitorClient::DeleteWidgetAsync@221-224@LogicMonitor.Api\LogicMonitorClient_Dashboards.cs","LogicMonitor.Api\LogicMonitorClient_Dashboards.cs","LogicMonitorClient::DeleteWidgetAsync","LogicMonitorClient::DeleteWidgetAsync( int id , CancellationToken cancellationToken)",221,224
12,1,65,2,16,"LogicMonitorClient::GetForecastGraphDataAsync@13-28@LogicMonitor.Api\LogicMonitorClient_Data.cs","LogicMonitor.Api\LogicMonitorClient_Data.cs","LogicMonitorClient::GetForecastGraphDataAsync","LogicMonitorClient::GetForecastGraphDataAsync( ForecastDataRequest forecastDataRequest , CancellationToken cancellationToken)",13,28
9,1,58,2,13,"LogicMonitorClient::GetGraphDataAsync@36-48@LogicMonitor.Api\LogicMonitorClient_Data.cs","LogicMonitor.Api\LogicMonitorClient_Data.cs","LogicMonitorClient::GetGraphDataAsync","LogicMonitorClient::GetGraphDataAsync( GraphDataRequest graphDataRequest , CancellationToken cancellationToken)",36,48
11,2,74,3,11,"LogicMonitorClient::GetResourceOverviewGraphsAsync@56-66@LogicMonitor.Api\LogicMonitorClient_Data.cs","LogicMonitor.Api\LogicMonitorClient_Data.cs","LogicMonitorClient::GetResourceOverviewGraphsAsync","LogicMonitorClient::GetResourceOverviewGraphsAsync( int resourceId , int resourceDataSourceId , CancellationToken cancellationToken)",56,66
7,1,43,4,7,"LogicMonitorClient::GetResourceOverviewGraphByNameAsync@75-81@LogicMonitor.Api\LogicMonitorClient_Data.cs","LogicMonitor.Api\LogicMonitorClient_Data.cs","LogicMonitorClient::GetResourceOverviewGraphByNameAsync","LogicMonitorClient::GetResourceOverviewGraphByNameAsync( int resourceId , int resourceDataSourceId , string name , CancellationToken cancellationToken)",75,81
11,3,54,6,11,"LogicMonitorClient::GetRawDataSetAsync@92-102@LogicMonitor.Api\LogicMonitorClient_Data.cs","LogicMonitor.Api\LogicMonitorClient_Data.cs","LogicMonitorClient::GetRawDataSetAsync","LogicMonitorClient::GetRawDataSetAsync( int resourceId , int resourceDataSourceId , int resourceDataSourceInstanceId , DateTime ? startDateTimeUtc , DateTime ? endDateTimeUtc , CancellationToken cancellationToken)",92,102
3,1,23,2,3,"LogicMonitorClient::GetWebsiteCheckpointRawDataSet@110-112@LogicMonitor.Api\LogicMonitorClient_Data.cs","LogicMonitor.Api\LogicMonitorClient_Data.cs","LogicMonitorClient::GetWebsiteCheckpointRawDataSet","LogicMonitorClient::GetWebsiteCheckpointRawDataSet( WebsiteCheckPointRawDataRequest request , CancellationToken cancellationToken)",110,112
6,1,33,4,6,"LogicMonitorClient::GetPollNowRequestAsync@122-127@LogicMonitor.Api\LogicMonitorClient_Data.cs","LogicMonitor.Api\LogicMonitorClient_Data.cs","LogicMonitorClient::GetPollNowRequestAsync","LogicMonitorClient::GetPollNowRequestAsync( int resourceId , int resourceDataSourceId , int resourceDataSourceInstanceId , CancellationToken cancellationToken)",122,127
7,1,31,5,7,"LogicMonitorClient::GetPollNowResponseAsync@137-143@LogicMonitor.Api\LogicMonitorClient_Data.cs","LogicMonitor.Api\LogicMonitorClient_Data.cs","LogicMonitorClient::GetPollNowResponseAsync","LogicMonitorClient::GetPollNowResponseAsync( int resourceId , int resourceDataSourceId , int resourceDataSourceInstanceId , long requestId , CancellationToken cancellationToken)",137,143
17,3,96,4,21,"LogicMonitorClient::PollNowAsync@152-172@LogicMonitor.Api\LogicMonitorClient_Data.cs","LogicMonitor.Api\LogicMonitorClient_Data.cs","LogicMonitorClient::PollNowAsync","LogicMonitorClient::PollNowAsync( int resourceId , int resourceDataSourceId , int resourceDataSourceInstanceId , CancellationToken cancellationToken)",152,172
13,1,72,4,13,"LogicMonitorClient::GetFetchDataResponseAsync@182-194@LogicMonitor.Api\LogicMonitorClient_Data.cs","LogicMonitor.Api\LogicMonitorClient_Data.cs","LogicMonitorClient::GetFetchDataResponseAsync","LogicMonitorClient::GetFetchDataResponseAsync( List<int> resourceDataSourceInstanceIds , DateTimeOffset start , DateTimeOffset end , CancellationToken cancellationToken)",182,194
5,1,23,3,5,"LogicMonitorClient::GetResourceDataSourceDataAsync@202-206@LogicMonitor.Api\LogicMonitorClient_Data.cs","LogicMonitor.Api\LogicMonitorClient_Data.cs","LogicMonitorClient::GetResourceDataSourceDataAsync","LogicMonitorClient::GetResourceDataSourceDataAsync( int resourceId , int id , CancellationToken cancellationToken)",202,206
15,2,69,2,18,"LogicMonitorClient::GetDataSourceGraphsAsync@13-30@LogicMonitor.Api\LogicMonitorClient_DataSources.cs","LogicMonitor.Api\LogicMonitorClient_DataSources.cs","LogicMonitorClient::GetDataSourceGraphsAsync","LogicMonitorClient::GetDataSourceGraphsAsync( int dataSourceId , CancellationToken cancellationToken)",13,30
6,1,38,3,6,"LogicMonitorClient::GetDataSourceGraphByNameAsync@38-43@LogicMonitor.Api\LogicMonitorClient_DataSources.cs","LogicMonitor.Api\LogicMonitorClient_DataSources.cs","LogicMonitorClient::GetDataSourceGraphByNameAsync","LogicMonitorClient::GetDataSourceGraphByNameAsync( int dataSourceId , string graphName , CancellationToken cancellationToken)",38,43
4,1,30,2,4,"LogicMonitorClient::GetDataSourceXmlAsync@50-53@LogicMonitor.Api\LogicMonitorClient_DataSources.cs","LogicMonitor.Api\LogicMonitorClient_DataSources.cs","LogicMonitorClient::GetDataSourceXmlAsync","LogicMonitorClient::GetDataSourceXmlAsync( int dataSourceId , CancellationToken cancellationToken)",50,53
7,1,42,3,7,"LogicMonitorClient::GetDataSourceOverviewGraphByNameAsync@61-67@LogicMonitor.Api\LogicMonitorClient_DataSources.cs","LogicMonitor.Api\LogicMonitorClient_DataSources.cs","LogicMonitorClient::GetDataSourceOverviewGraphByNameAsync","LogicMonitorClient::GetDataSourceOverviewGraphByNameAsync( int dataSourceId , string graphName , CancellationToken cancellationToken)",61,67
29,1,128,2,35,"LogicMonitorClient::GetDataSourceByUniqueNameAsync@75-109@LogicMonitor.Api\LogicMonitorClient_DataSources.cs","LogicMonitor.Api\LogicMonitorClient_DataSources.cs","LogicMonitorClient::GetDataSourceByUniqueNameAsync","LogicMonitorClient::GetDataSourceByUniqueNameAsync( string dataSourceName , CancellationToken cancellationToken)",75,109
5,1,23,3,5,"LogicMonitorClient::GetResourceGroupDataSourceByIdAsync@117-121@LogicMonitor.Api\LogicMonitorClient_DataSources.cs","LogicMonitor.Api\LogicMonitorClient_DataSources.cs","LogicMonitorClient::GetResourceGroupDataSourceByIdAsync","LogicMonitorClient::GetResourceGroupDataSourceByIdAsync( int resourceGroupId , int id , CancellationToken cancellationToken)",117,121
3,1,23,3,3,"LogicMonitorClient::GetDataSourceGraphAsync@129-131@LogicMonitor.Api\LogicMonitorClient_DataSources.cs","LogicMonitor.Api\LogicMonitorClient_DataSources.cs","LogicMonitorClient::GetDataSourceGraphAsync","LogicMonitorClient::GetDataSourceGraphAsync( int dataSourceId , int graphId , CancellationToken cancellationToken)",129,131
5,1,27,3,5,"LogicMonitorClient::CreateDataSourceGraphAsync@140-144@LogicMonitor.Api\LogicMonitorClient_DataSources.cs","LogicMonitor.Api\LogicMonitorClient_DataSources.cs","LogicMonitorClient::CreateDataSourceGraphAsync","LogicMonitorClient::CreateDataSourceGraphAsync( int dataSourceId , DataSourceGraph dataSourceGraph , CancellationToken cancellationToken)",140,144
5,1,22,3,5,"LogicMonitorClient::UpdateDataSourceGraphAsync@152-156@LogicMonitor.Api\LogicMonitorClient_DataSources.cs","LogicMonitor.Api\LogicMonitorClient_DataSources.cs","LogicMonitorClient::UpdateDataSourceGraphAsync","LogicMonitorClient::UpdateDataSourceGraphAsync( int dataSourceId , DataSourceGraph dataSourceGraph , CancellationToken cancellationToken)",152,156
5,1,20,3,5,"LogicMonitorClient::DeleteDataSourceGraphAsync@164-168@LogicMonitor.Api\LogicMonitorClient_DataSources.cs","LogicMonitor.Api\LogicMonitorClient_DataSources.cs","LogicMonitorClient::DeleteDataSourceGraphAsync","LogicMonitorClient::DeleteDataSourceGraphAsync( int dataSourceId , int graphId , CancellationToken cancellationToken)",164,168
13,2,78,3,17,"LogicMonitorClient::GetDataSourceOverviewGraphsPageAsync@176-192@LogicMonitor.Api\LogicMonitorClient_DataSources.cs","LogicMonitor.Api\LogicMonitorClient_DataSources.cs","LogicMonitorClient::GetDataSourceOverviewGraphsPageAsync","LogicMonitorClient::GetDataSourceOverviewGraphsPageAsync( int dataSourceId , Filter<DataSourceGraph> ? filter , CancellationToken cancellationToken)",176,192
5,1,23,3,5,"LogicMonitorClient::GetDataSourceOverviewGraphAsync@200-204@LogicMonitor.Api\LogicMonitorClient_DataSources.cs","LogicMonitor.Api\LogicMonitorClient_DataSources.cs","LogicMonitorClient::GetDataSourceOverviewGraphAsync","LogicMonitorClient::GetDataSourceOverviewGraphAsync( int dataSourceId , int overviewGraphId , CancellationToken cancellationToken)",200,204
5,1,29,3,5,"LogicMonitorClient::GetDataSourceDataPointsPageAsync@212-216@LogicMonitor.Api\LogicMonitorClient_DataSources.cs","LogicMonitor.Api\LogicMonitorClient_DataSources.cs","LogicMonitorClient::GetDataSourceDataPointsPageAsync","LogicMonitorClient::GetDataSourceDataPointsPageAsync( int dataSourceId , Filter<DataPoint> filter , CancellationToken cancellationToken)",212,216
5,1,26,3,5,"LogicMonitorClient::GetAllResourceDataSourcesAsync@224-228@LogicMonitor.Api\LogicMonitorClient_DataSources.cs","LogicMonitor.Api\LogicMonitorClient_DataSources.cs","LogicMonitorClient::GetAllResourceDataSourcesAsync","LogicMonitorClient::GetAllResourceDataSourcesAsync( int resourceId , Filter<ResourceDataSource> ? filter , CancellationToken cancellationToken)",224,228
5,1,23,3,5,"LogicMonitorClient::GetResourceDataSourceAsync@236-240@LogicMonitor.Api\LogicMonitorClient_DataSources.cs","LogicMonitor.Api\LogicMonitorClient_DataSources.cs","LogicMonitorClient::GetResourceDataSourceAsync","LogicMonitorClient::GetResourceDataSourceAsync( int resourceId , int resourceDataSourceId , CancellationToken cancellationToken)",236,240
6,1,32,4,6,"LogicMonitorClient::GetResourceDataSourceGroupsPageAsync@249-254@LogicMonitor.Api\LogicMonitorClient_DataSources.cs","LogicMonitor.Api\LogicMonitorClient_DataSources.cs","LogicMonitorClient::GetResourceDataSourceGroupsPageAsync","LogicMonitorClient::GetResourceDataSourceGroupsPageAsync( int resourceId , int resourceDataSourceId , Filter<ResourceDataSourceGroup> filter , CancellationToken cancellationToken)",249,254
7,1,31,5,7,"LogicMonitorClient::GetResourceDataSourceInstancePropertiesPageAsync@264-270@LogicMonitor.Api\LogicMonitorClient_DataSources.cs","LogicMonitor.Api\LogicMonitorClient_DataSources.cs","LogicMonitorClient::GetResourceDataSourceInstancePropertiesPageAsync","LogicMonitorClient::GetResourceDataSourceInstancePropertiesPageAsync( int resourceId , int resourceDataSourceId , int resourceDataSourceInstanceId , Filter<InstanceProperty> filter , CancellationToken cancellationToken)",264,270
5,1,25,3,5,"LogicMonitorClient::GetAllResourceDataSourceInstancesAsync@278-282@LogicMonitor.Api\LogicMonitorClient_DataSources.cs","LogicMonitor.Api\LogicMonitorClient_DataSources.cs","LogicMonitorClient::GetAllResourceDataSourceInstancesAsync","LogicMonitorClient::GetAllResourceDataSourceInstancesAsync( int resourceId , int resourceDataSourceId , CancellationToken cancellationToken)",278,282
23,5,119,4,25,"LogicMonitorClient::GetAllResourceDataSourceInstancesAsync@291-315@LogicMonitor.Api\LogicMonitorClient_DataSources.cs","LogicMonitor.Api\LogicMonitorClient_DataSources.cs","LogicMonitorClient::GetAllResourceDataSourceInstancesAsync","LogicMonitorClient::GetAllResourceDataSourceInstancesAsync( int resourceId , int resourceDataSourceId , Filter<ResourceDataSourceInstance> filter , CancellationToken cancellationToken)",291,315
4,1,24,2,4,"LogicMonitorClient::GetAllResourceDataSourceInstancesAsync@322-325@LogicMonitor.Api\LogicMonitorClient_DataSources.cs","LogicMonitor.Api\LogicMonitorClient_DataSources.cs","LogicMonitorClient::GetAllResourceDataSourceInstancesAsync","LogicMonitorClient::GetAllResourceDataSourceInstancesAsync( int resourceId , CancellationToken cancellationToken)",322,325
22,5,116,3,24,"LogicMonitorClient::GetAllResourceDataSourceInstancesAsync@333-356@LogicMonitor.Api\LogicMonitorClient_DataSources.cs","LogicMonitor.Api\LogicMonitorClient_DataSources.cs","LogicMonitorClient::GetAllResourceDataSourceInstancesAsync","LogicMonitorClient::GetAllResourceDataSourceInstancesAsync( int resourceId , Filter<ResourceDataSourceInstance> filter , CancellationToken cancellationToken)",333,356
27,3,105,5,30,"LogicMonitorClient::GetAllResourceDataSourceInstancePropertiesAsync@366-395@LogicMonitor.Api\LogicMonitorClient_DataSources.cs","LogicMonitor.Api\LogicMonitorClient_DataSources.cs","LogicMonitorClient::GetAllResourceDataSourceInstancePropertiesAsync","LogicMonitorClient::GetAllResourceDataSourceInstancePropertiesAsync( int resourceId , int resourceDataSourceId , int resourceDataSourceInstanceId , Filter<InstanceProperty> filter , CancellationToken cancellationToken)",366,395
75,7,519,7,90,"LogicMonitorClient::GetInstancesAsync@400-489@LogicMonitor.Api\LogicMonitorClient_DataSources.cs","LogicMonitor.Api\LogicMonitorClient_DataSources.cs","LogicMonitorClient::GetInstancesAsync","LogicMonitorClient::GetInstancesAsync( LogicModuleType logicModuleType , int rootResourceGroupId , List<int> logicModuleIds , string ? instanceProperty , Regex ? instancePropertyValueRegex , Filter<InstanceProperty> filter , CancellationToken cancellationToken)",400,489
6,1,26,4,6,"LogicMonitorClient::GetResourceDataSourceInstanceAsync@498-503@LogicMonitor.Api\LogicMonitorClient_DataSources.cs","LogicMonitor.Api\LogicMonitorClient_DataSources.cs","LogicMonitorClient::GetResourceDataSourceInstanceAsync","LogicMonitorClient::GetResourceDataSourceInstanceAsync( int resourceId , int resourceDataSourceId , int resourceDataSourceInstanceId , CancellationToken cancellationToken)",498,503
12,1,42,3,12,"LogicMonitorClient::GetResourceDataSourceInstanceGroupsAsync@511-522@LogicMonitor.Api\LogicMonitorClient_DataSources.cs","LogicMonitor.Api\LogicMonitorClient_DataSources.cs","LogicMonitorClient::GetResourceDataSourceInstanceGroupsAsync","LogicMonitorClient::GetResourceDataSourceInstanceGroupsAsync( int resourceId , int resourceDataSourceId , CancellationToken cancellationToken)",511,522
51,1,64,0,907,"*global*@0-906@LogicMonitor.Api\LogicMonitorClient_DataSources.cs","LogicMonitor.Api\LogicMonitorClient_DataSources.cs","*global*","*global*",0,906
6,1,43,4,6,"LogicMonitorClient::GetResourceDataSourceInstanceGroupByNameAsync@533-538@LogicMonitor.Api\LogicMonitorClient_DataSources.cs","LogicMonitor.Api\LogicMonitorClient_DataSources.cs","LogicMonitorClient::GetResourceDataSourceInstanceGroupByNameAsync","LogicMonitorClient::GetResourceDataSourceInstanceGroupByNameAsync( int resourceId , int resourceDataSourceId , string name , CancellationToken cancellationToken)",533,538
22,3,57,5,23,"LogicMonitorClient::GetResourceDataSourceInstanceGroupAsync@548-570@LogicMonitor.Api\LogicMonitorClient_DataSources.cs","LogicMonitor.Api\LogicMonitorClient_DataSources.cs","LogicMonitorClient::GetResourceDataSourceInstanceGroupAsync","LogicMonitorClient::GetResourceDataSourceInstanceGroupAsync( int resourceId , int resourceDataSourceId , int resourceDataSourceInstanceGroupId , bool sendNullIfError , CancellationToken cancellationToken)",548,570
9,1,35,5,9,"LogicMonitorClient::GetResourceDataSourceInstanceGroupInstancesPageAsync@580-588@LogicMonitor.Api\LogicMonitorClient_DataSources.cs","LogicMonitor.Api\LogicMonitorClient_DataSources.cs","LogicMonitorClient::GetResourceDataSourceInstanceGroupInstancesPageAsync","LogicMonitorClient::GetResourceDataSourceInstanceGroupInstancesPageAsync( int resourceId , int resourceDataSourceId , int resourceDataSourceInstanceGroupId , Filter<ResourceDataSourceInstance> filter , CancellationToken cancellationToken)",580,588
4,1,20,2,4,"LogicMonitorClient::GetAllResourceGroupDataSourcesAsync@595-598@LogicMonitor.Api\LogicMonitorClient_DataSources.cs","LogicMonitor.Api\LogicMonitorClient_DataSources.cs","LogicMonitorClient::GetAllResourceGroupDataSourcesAsync","LogicMonitorClient::GetAllResourceGroupDataSourcesAsync( int resourceGroupId , CancellationToken cancellationToken)",595,598
8,1,26,4,8,"LogicMonitorClient::GetResourceDataSourceInstanceDataPointConfigurationsAsync@607-614@LogicMonitor.Api\LogicMonitorClient_DataSources.cs","LogicMonitor.Api\LogicMonitorClient_DataSources.cs","LogicMonitorClient::GetResourceDataSourceInstanceDataPointConfigurationsAsync","LogicMonitorClient::GetResourceDataSourceInstanceDataPointConfigurationsAsync( int resourceId , int resourceDataSourceId , int resourceDataSourceInstanceId , CancellationToken cancellationToken)",607,614
10,1,31,5,10,"LogicMonitorClient::GetAllResourceDataSourceInstanceConfigsAsync@624-633@LogicMonitor.Api\LogicMonitorClient_DataSources.cs","LogicMonitor.Api\LogicMonitorClient_DataSources.cs","LogicMonitorClient::GetAllResourceDataSourceInstanceConfigsAsync","LogicMonitorClient::GetAllResourceDataSourceInstanceConfigsAsync( int resourceId , int resourceDataSourceId , int resourceDataSourceInstanceId , Filter<ResourceDataSourceInstanceConfig> filter , CancellationToken cancellationToken)",624,633
9,1,29,5,9,"LogicMonitorClient::GetSingleResourceDataSourceInstanceDataPointConfigurationAsync@643-651@LogicMonitor.Api\LogicMonitorClient_DataSources.cs","LogicMonitor.Api\LogicMonitorClient_DataSources.cs","LogicMonitorClient::GetSingleResourceDataSourceInstanceDataPointConfigurationAsync","LogicMonitorClient::GetSingleResourceDataSourceInstanceDataPointConfigurationAsync( int resourceId , int resourceDataSourceId , int resourceDataSourceInstanceId , int dataPointId , CancellationToken cancellationToken)",643,651
9,1,31,6,9,"LogicMonitorClient::SetResourceDataSourceInstanceDataPointConfigurationAsync@662-670@LogicMonitor.Api\LogicMonitorClient_DataSources.cs","LogicMonitor.Api\LogicMonitorClient_DataSources.cs","LogicMonitorClient::SetResourceDataSourceInstanceDataPointConfigurationAsync","LogicMonitorClient::SetResourceDataSourceInstanceDataPointConfigurationAsync( int resourceId , int resourceDataSourceId , int resourceDataSourceInstanceId , int dataPointId , DataPointConfiguration dataPointConfiguration , CancellationToken cancellationToken)",662,670
11,1,31,6,11,"LogicMonitorClient::UpdateDataPointConfigurationAsync@681-691@LogicMonitor.Api\LogicMonitorClient_DataSources.cs","LogicMonitor.Api\LogicMonitorClient_DataSources.cs","LogicMonitorClient::UpdateDataPointConfigurationAsync","LogicMonitorClient::UpdateDataPointConfigurationAsync( int resourceId , int resourceDataSourceId , int resourceDataSourceInstanceId , int dataPointId , DataPointConfigurationCreationDTO dataPointConfiguration , CancellationToken cancellationToken)",681,691
14,1,70,3,14,"LogicMonitorClient::GetResourceDataSourceByResourceIdAndDataSourceIdAsync@699-712@LogicMonitor.Api\LogicMonitorClient_DataSources.cs","LogicMonitor.Api\LogicMonitorClient_DataSources.cs","LogicMonitorClient::GetResourceDataSourceByResourceIdAndDataSourceIdAsync","LogicMonitorClient::GetResourceDataSourceByResourceIdAndDataSourceIdAsync( int resourceId , int dataSourceId , CancellationToken cancellationToken)",699,712
8,1,30,4,8,"LogicMonitorClient::AddResourceDataSourceInstanceAsync@721-728@LogicMonitor.Api\LogicMonitorClient_DataSources.cs","LogicMonitor.Api\LogicMonitorClient_DataSources.cs","LogicMonitorClient::AddResourceDataSourceInstanceAsync","LogicMonitorClient::AddResourceDataSourceInstanceAsync( int resourceId , int resourceDataSourceId , ResourceDataSourceInstanceCreationDto deviceDataSourceInstanceCreationDto , CancellationToken cancellationToken)",721,728
7,1,27,3,7,"LogicMonitorClient::AddDataSourceAuditVersionAsync@736-742@LogicMonitor.Api\LogicMonitorClient_DataSources.cs","LogicMonitor.Api\LogicMonitorClient_DataSources.cs","LogicMonitorClient::AddDataSourceAuditVersionAsync","LogicMonitorClient::AddDataSourceAuditVersionAsync( int id , Audit body , CancellationToken cancellationToken)",736,742
6,1,26,4,6,"LogicMonitorClient::CollectResourceConfigSourceConfig@751-756@LogicMonitor.Api\LogicMonitorClient_DataSources.cs","LogicMonitor.Api\LogicMonitorClient_DataSources.cs","LogicMonitorClient::CollectResourceConfigSourceConfig","LogicMonitorClient::CollectResourceConfigSourceConfig( int resourceId , int resourceDataSourceId , int instanceId , CancellationToken cancellationToken)",751,756
5,1,25,3,5,"LogicMonitorClient::GetDataSourceUpdateReasonAsync@764-768@LogicMonitor.Api\LogicMonitorClient_DataSources.cs","LogicMonitor.Api\LogicMonitorClient_DataSources.cs","LogicMonitorClient::GetDataSourceUpdateReasonAsync","LogicMonitorClient::GetDataSourceUpdateReasonAsync( int id , Filter<DataSourceUpdateReason> filter , CancellationToken cancellationToken)",764,768
9,1,28,5,9,"LogicMonitorClient::UpdateResourceDataSourceInstanceAsync@779-787@LogicMonitor.Api\LogicMonitorClient_DataSources.cs","LogicMonitor.Api\LogicMonitorClient_DataSources.cs","LogicMonitorClient::UpdateResourceDataSourceInstanceAsync","LogicMonitorClient::UpdateResourceDataSourceInstanceAsync( int resourceId , int resourceDataSourceId , int resourceDataSourceInstanceId , ResourceDataSourceInstance resourceDataSourceInstance , CancellationToken cancellationToken)",779,787
9,1,33,5,9,"LogicMonitorClient::PatchResourceDataSourceInstanceAsync@810-818@LogicMonitor.Api\LogicMonitorClient_DataSources.cs","LogicMonitor.Api\LogicMonitorClient_DataSources.cs","LogicMonitorClient::PatchResourceDataSourceInstanceAsync","LogicMonitorClient::PatchResourceDataSourceInstanceAsync( int resourceId , int resourceDataSourceId , int resourceDataSourceInstanceId , Dictionary<string,object> fieldsToUpdate , CancellationToken cancellationToken)",810,818
10,1,40,5,10,"LogicMonitorClient::SetResourceDataSourceInstanceAlertingAsync@832-841@LogicMonitor.Api\LogicMonitorClient_DataSources.cs","LogicMonitor.Api\LogicMonitorClient_DataSources.cs","LogicMonitorClient::SetResourceDataSourceInstanceAlertingAsync","LogicMonitorClient::SetResourceDataSourceInstanceAlertingAsync( int resourceId , int resourceDataSourceId , int resourceDataSourceInstanceId , bool disableAlerting , CancellationToken cancellationToken)",832,841
51,1,64,0,907,"*global*@0-906@LogicMonitor.Api\LogicMonitorClient_DataSources.cs","LogicMonitor.Api\LogicMonitorClient_DataSources.cs","*global*","*global*",0,906
13,1,40,3,14,"LogicMonitorClient::SetResourceDataSourceInstanceAlertingAsync@850-863@LogicMonitor.Api\LogicMonitorClient_DataSources.cs","LogicMonitor.Api\LogicMonitorClient_DataSources.cs","LogicMonitorClient::SetResourceDataSourceInstanceAlertingAsync","LogicMonitorClient::SetResourceDataSourceInstanceAlertingAsync( ResourceDataSourceInstance resourceDataSourceInstance , bool disableAlerting , CancellationToken cancellationToken)",850,863
10,1,40,5,10,"LogicMonitorClient::SetResourceDataSourceInstanceMonitoringAsync@874-883@LogicMonitor.Api\LogicMonitorClient_DataSources.cs","LogicMonitor.Api\LogicMonitorClient_DataSources.cs","LogicMonitorClient::SetResourceDataSourceInstanceMonitoringAsync","LogicMonitorClient::SetResourceDataSourceInstanceMonitoringAsync( int resourceId , int resourceDataSourceId , int resourceDataSourceInstanceId , bool stopMonitoring , CancellationToken cancellationToken)",874,883
51,1,64,0,907,"*global*@0-906@LogicMonitor.Api\LogicMonitorClient_DataSources.cs","LogicMonitor.Api\LogicMonitorClient_DataSources.cs","*global*","*global*",0,906
13,1,40,3,14,"LogicMonitorClient::SetResourceDataSourceInstanceMonitoringAsync@892-905@LogicMonitor.Api\LogicMonitorClient_DataSources.cs","LogicMonitor.Api\LogicMonitorClient_DataSources.cs","LogicMonitorClient::SetResourceDataSourceInstanceMonitoringAsync","LogicMonitorClient::SetResourceDataSourceInstanceMonitoringAsync( ResourceDataSourceInstance resourceDataSourceInstance , bool stopMonitoring , CancellationToken cancellationToken)",892,905
7,1,23,2,7,"LogicMonitorClient::ExecuteDiagnosticSourceManuallyAsync@14-20@LogicMonitor.Api\LogicMonitorClient_DiagnosticSources.cs","LogicMonitor.Api\LogicMonitorClient_DiagnosticSources.cs","LogicMonitorClient::ExecuteDiagnosticSourceManuallyAsync","LogicMonitorClient::ExecuteDiagnosticSourceManuallyAsync( DiagnosticSourceExecution execution , CancellationToken cancellationToken)",14,20
2,1,30,2,2,"LogicMonitorClient::GetEventSourceXmlAsync@13-14@LogicMonitor.Api\LogicMonitorClient_EventSources.cs","LogicMonitor.Api\LogicMonitorClient_EventSources.cs","LogicMonitorClient::GetEventSourceXmlAsync","LogicMonitorClient::GetEventSourceXmlAsync( int eventSourceId , CancellationToken cancellationToken)",13,14
4,1,20,2,4,"LogicMonitorClient::GetAllResourceGroupEventSourcesAsync@21-24@LogicMonitor.Api\LogicMonitorClient_EventSources.cs","LogicMonitor.Api\LogicMonitorClient_EventSources.cs","LogicMonitorClient::GetAllResourceGroupEventSourcesAsync","LogicMonitorClient::GetAllResourceGroupEventSourcesAsync( int resourceGroupId , CancellationToken cancellationToken)",21,24
5,1,29,3,5,"LogicMonitorClient::GetResourceEventSourcesPageAsync@32-36@LogicMonitor.Api\LogicMonitorClient_EventSources.cs","LogicMonitor.Api\LogicMonitorClient_EventSources.cs","LogicMonitorClient::GetResourceEventSourcesPageAsync","LogicMonitorClient::GetResourceEventSourcesPageAsync( int resourceId , Filter<ResourceEventSource> filter , CancellationToken cancellationToken)",32,36
5,1,23,3,5,"LogicMonitorClient::GetResourceEventSourceAsync@44-48@LogicMonitor.Api\LogicMonitorClient_EventSources.cs","LogicMonitor.Api\LogicMonitorClient_EventSources.cs","LogicMonitorClient::GetResourceEventSourceAsync","LogicMonitorClient::GetResourceEventSourceAsync( int resourceId , int deviceEventSourceId , CancellationToken cancellationToken)",44,48
6,1,32,4,6,"LogicMonitorClient::GetResourceEventSourceGroupsPageAsync@57-62@LogicMonitor.Api\LogicMonitorClient_EventSources.cs","LogicMonitor.Api\LogicMonitorClient_EventSources.cs","LogicMonitorClient::GetResourceEventSourceGroupsPageAsync","LogicMonitorClient::GetResourceEventSourceGroupsPageAsync( int resourceId , int deviceEventSourceId , Filter<ResourceEventSourceGroup> filter , CancellationToken cancellationToken)",57,62
7,1,57,2,8,"LogicMonitorClient::GetResourceEventSourceByResourceIdAndEventSourceIdAsync@69-76@LogicMonitor.Api\LogicMonitorClient_EventSources.cs","LogicMonitor.Api\LogicMonitorClient_EventSources.cs","LogicMonitorClient::GetResourceEventSourceByResourceIdAndEventSourceIdAsync","LogicMonitorClient::GetResourceEventSourceByResourceIdAndEventSourceIdAsync( int resourceId , int eventSourceId)",69,76
6,1,27,3,6,"LogicMonitorClient::AddEventSourceAuditVersionAsync@84-89@LogicMonitor.Api\LogicMonitorClient_EventSources.cs","LogicMonitor.Api\LogicMonitorClient_EventSources.cs","LogicMonitorClient::AddEventSourceAuditVersionAsync","LogicMonitorClient::AddEventSourceAuditVersionAsync( int id , Audit body , CancellationToken cancellationToken)",84,89
2,1,26,2,2,"LogicMonitorClient::GetFlowsPageAsync@10-11@LogicMonitor.Api\LogicMonitorClient_Flows.cs","LogicMonitor.Api\LogicMonitorClient_Flows.cs","LogicMonitorClient::GetFlowsPageAsync","LogicMonitorClient::GetFlowsPageAsync( FlowRequest flowRequest , CancellationToken cancellationToken)",10,11
2,1,26,2,2,"LogicMonitorClient::GetFlowPortsPageAsync@18-19@LogicMonitor.Api\LogicMonitorClient_Flows.cs","LogicMonitor.Api\LogicMonitorClient_Flows.cs","LogicMonitorClient::GetFlowPortsPageAsync","LogicMonitorClient::GetFlowPortsPageAsync( FlowPortsRequest flowPortsRequest , CancellationToken cancellationToken)",18,19
2,1,26,2,2,"LogicMonitorClient::GetFlowApplicationsPageAsync@26-27@LogicMonitor.Api\LogicMonitorClient_Flows.cs","LogicMonitor.Api\LogicMonitorClient_Flows.cs","LogicMonitorClient::GetFlowApplicationsPageAsync","LogicMonitorClient::GetFlowApplicationsPageAsync( FlowApplicationsRequest flowApplicationsRequest , CancellationToken cancellationToken)",26,27
5,1,29,3,5,"LogicMonitorClient::GetResourceFlowInterfacesPageAsync@35-39@LogicMonitor.Api\LogicMonitorClient_Flows.cs","LogicMonitor.Api\LogicMonitorClient_Flows.cs","LogicMonitorClient::GetResourceFlowInterfacesPageAsync","LogicMonitorClient::GetResourceFlowInterfacesPageAsync( int resourceId , Filter<FlowInterface> filter , CancellationToken cancellationToken)",35,39
2,1,15,1,2,"LogicMonitorClient::GetNetflowFlowPageAsync@45-46@LogicMonitor.Api\LogicMonitorClient_Flows.cs","LogicMonitor.Api\LogicMonitorClient_Flows.cs","LogicMonitorClient::GetNetflowFlowPageAsync","LogicMonitorClient::GetNetflowFlowPageAsync( int id)",45,46
4,1,23,2,4,"LogicMonitorClient::GetNetflowFlowPageAsync@53-56@LogicMonitor.Api\LogicMonitorClient_Flows.cs","LogicMonitor.Api\LogicMonitorClient_Flows.cs","LogicMonitorClient::GetNetflowFlowPageAsync","LogicMonitorClient::GetNetflowFlowPageAsync( int id , CancellationToken cancellationToken)",53,56
4,1,26,2,4,"LogicMonitorClient::GetResourceGroupFlowsPageAsync@65-68@LogicMonitor.Api\LogicMonitorClient_Flows.cs","LogicMonitor.Api\LogicMonitorClient_Flows.cs","LogicMonitorClient::GetResourceGroupFlowsPageAsync","LogicMonitorClient::GetResourceGroupFlowsPageAsync( ResourceGroupFlowRequest flowRequest , CancellationToken cancellationToken)",65,68
4,1,26,2,4,"LogicMonitorClient::GetResourceGroupFlowApplicationsPageAsync@75-78@LogicMonitor.Api\LogicMonitorClient_Flows.cs","LogicMonitor.Api\LogicMonitorClient_Flows.cs","LogicMonitorClient::GetResourceGroupFlowApplicationsPageAsync","LogicMonitorClient::GetResourceGroupFlowApplicationsPageAsync( ResourceGroupFlowApplicationsRequest flowRequest , CancellationToken cancellationToken)",75,78
4,1,26,2,4,"LogicMonitorClient::GetResourceGroupFlowBandwidthsPageAsync@85-88@LogicMonitor.Api\LogicMonitorClient_Flows.cs","LogicMonitor.Api\LogicMonitorClient_Flows.cs","LogicMonitorClient::GetResourceGroupFlowBandwidthsPageAsync","LogicMonitorClient::GetResourceGroupFlowBandwidthsPageAsync( ResourceGroupFlowBandwidthsRequest flowRequest , CancellationToken cancellationToken)",85,88
9,1,50,2,9,"LogicMonitorClient::GetAppliesToAsync@11-19@LogicMonitor.Api\LogicMonitorClient_Functions.cs","LogicMonitor.Api\LogicMonitorClient_Functions.cs","LogicMonitorClient::GetAppliesToAsync","LogicMonitorClient::GetAppliesToAsync( string query , CancellationToken cancellationToken)",11,19
22,1,75,3,22,"LogicMonitorClient::GetResourceDataSourceInstanceSummaryAsync@16-37@LogicMonitor.Api\LogicMonitorClient_Hierarchy.cs","LogicMonitor.Api\LogicMonitorClient_Hierarchy.cs","LogicMonitorClient::GetResourceDataSourceInstanceSummaryAsync","LogicMonitorClient::GetResourceDataSourceInstanceSummaryAsync( int resourceId , int dataSourceId , CancellationToken cancellationToken)",16,37
5,1,9,0,41,"*global*@0-40@LogicMonitor.Api\LogicMonitorClient_Hierarchy.cs","LogicMonitor.Api\LogicMonitorClient_Hierarchy.cs","*global*","*global*",0,40
4,1,20,2,4,"LogicMonitorClient::GetResourceHistorySdtsAsync@10-13@LogicMonitor.Api\LogicMonitorClient_HistorySdts.cs","LogicMonitor.Api\LogicMonitorClient_HistorySdts.cs","LogicMonitorClient::GetResourceHistorySdtsAsync","LogicMonitorClient::GetResourceHistorySdtsAsync( int resourceId , CancellationToken cancellationToken)",10,13
4,1,20,2,4,"LogicMonitorClient::GetResourceGroupHistorySdtsAsync@20-23@LogicMonitor.Api\LogicMonitorClient_HistorySdts.cs","LogicMonitor.Api\LogicMonitorClient_HistorySdts.cs","LogicMonitorClient::GetResourceGroupHistorySdtsAsync","LogicMonitorClient::GetResourceGroupHistorySdtsAsync( int resourceGroupId , CancellationToken cancellationToken)",20,23
5,1,23,3,5,"LogicMonitorClient::GetResourceDataSourceHistorySdtsAsync@31-35@LogicMonitor.Api\LogicMonitorClient_HistorySdts.cs","LogicMonitor.Api\LogicMonitorClient_HistorySdts.cs","LogicMonitorClient::GetResourceDataSourceHistorySdtsAsync","LogicMonitorClient::GetResourceDataSourceHistorySdtsAsync( int resourceId , int resourceDataSourceId , CancellationToken cancellationToken)",31,35
6,1,26,4,6,"LogicMonitorClient::GetResourceDataSourceInstanceHistorySdtsAsync@44-49@LogicMonitor.Api\LogicMonitorClient_HistorySdts.cs","LogicMonitor.Api\LogicMonitorClient_HistorySdts.cs","LogicMonitorClient::GetResourceDataSourceInstanceHistorySdtsAsync","LogicMonitorClient::GetResourceDataSourceInstanceHistorySdtsAsync( int resourceId , int resourceDataSourceId , int resourceDataSourceInstanceId , CancellationToken cancellationToken)",44,49
5,1,25,3,5,"LogicMonitorClient::GetAllSdtListByWebsiteGroupIdAsync@57-61@LogicMonitor.Api\LogicMonitorClient_HistorySdts.cs","LogicMonitor.Api\LogicMonitorClient_HistorySdts.cs","LogicMonitorClient::GetAllSdtListByWebsiteGroupIdAsync","LogicMonitorClient::GetAllSdtListByWebsiteGroupIdAsync( int id , Filter<ScheduledDownTime> filter , CancellationToken cancellationToken)",57,61
5,1,25,3,5,"LogicMonitorClient::GetSdtHistoryListByWebsiteGroupIdAsync@69-73@LogicMonitor.Api\LogicMonitorClient_HistorySdts.cs","LogicMonitor.Api\LogicMonitorClient_HistorySdts.cs","LogicMonitorClient::GetSdtHistoryListByWebsiteGroupIdAsync","LogicMonitorClient::GetSdtHistoryListByWebsiteGroupIdAsync( int id , Filter<ScheduledDownTimeHistory> filter , CancellationToken cancellationToken)",69,73
5,1,25,3,5,"LogicMonitorClient::GetSdtHistoryByWebsiteIdAsync@81-85@LogicMonitor.Api\LogicMonitorClient_HistorySdts.cs","LogicMonitor.Api\LogicMonitorClient_HistorySdts.cs","LogicMonitorClient::GetSdtHistoryByWebsiteIdAsync","LogicMonitorClient::GetSdtHistoryByWebsiteIdAsync( int id , Filter<ScheduledDownTimeHistory> filter , CancellationToken cancellationToken)",81,85
2,1,18,2,2,"LogicMonitorClient::GetLogsAsync@16-17@LogicMonitor.Api\LogicMonitorClient_LmLogs.cs","LogicMonitor.Api\LogicMonitorClient_LmLogs.cs","LogicMonitorClient::GetLogsAsync","LogicMonitorClient::GetLogsAsync( LogQueryRequest request , CancellationToken cancellationToken)",16,17
25,10,199,3,34,"LogicMonitorClient::GetLogsAsync@28-61@LogicMonitor.Api\LogicMonitorClient_LmLogs.cs","LogicMonitor.Api\LogicMonitorClient_LmLogs.cs","LogicMonitorClient::GetLogsAsync","LogicMonitorClient::GetLogsAsync( LogQueryRequest request , TimeSpan ? timeout , CancellationToken cancellationToken)",28,61
2,1,13,1,2,"LogicMonitorClient::GetLogItemsAsync@15-16@LogicMonitor.Api\LogicMonitorClient_Log.cs","LogicMonitor.Api\LogicMonitorClient_Log.cs","LogicMonitorClient::GetLogItemsAsync","LogicMonitorClient::GetLogItemsAsync( CancellationToken cancellationToken)",15,16
58,9,301,2,76,"LogicMonitorClient::GetLogItemsAsync@24-99@LogicMonitor.Api\LogicMonitorClient_Log.cs","LogicMonitor.Api\LogicMonitorClient_Log.cs","LogicMonitorClient::GetLogItemsAsync","LogicMonitorClient::GetLogItemsAsync( LogFilter ? logFilter , CancellationToken cancellationToken)",24,99
4,1,29,2,4,"LogicMonitorClient::WriteLogAsync@14-17@LogicMonitor.Api\LogicMonitorClient_Logging.cs","LogicMonitor.Api\LogicMonitorClient_Logging.cs","LogicMonitorClient::WriteLogAsync","LogicMonitorClient::WriteLogAsync( IEnumerable<WriteLogRequest> writeLogRequests , CancellationToken cancellationToken)",14,17
4,1,18,2,4,"LogicMonitorClient::WriteLogAsync@25-28@LogicMonitor.Api\LogicMonitorClient_Logging.cs","LogicMonitor.Api\LogicMonitorClient_Logging.cs","LogicMonitorClient::WriteLogAsync","LogicMonitorClient::WriteLogAsync( WriteLogRequest writeLogRequest , CancellationToken cancellationToken)",25,28
6,1,32,4,6,"LogicMonitorClient::WriteLogAsync@38-43@LogicMonitor.Api\LogicMonitorClient_Logging.cs","LogicMonitor.Api\LogicMonitorClient_Logging.cs","LogicMonitorClient::WriteLogAsync","LogicMonitorClient::WriteLogAsync( WriteLogLevel writeLogLevel , int resourceId , string message , CancellationToken cancellationToken)",38,43
6,1,32,4,6,"LogicMonitorClient::WriteLogAsync@53-58@LogicMonitor.Api\LogicMonitorClient_Logging.cs","LogicMonitor.Api\LogicMonitorClient_Logging.cs","LogicMonitorClient::WriteLogAsync","LogicMonitorClient::WriteLogAsync( WriteLogLevel writeLogLevel , string deviceDisplayName , string message , CancellationToken cancellationToken)",53,58
7,1,37,5,7,"LogicMonitorClient::WriteLogAsync@72-78@LogicMonitor.Api\LogicMonitorClient_Logging.cs","LogicMonitor.Api\LogicMonitorClient_Logging.cs","LogicMonitorClient::WriteLogAsync","LogicMonitorClient::WriteLogAsync( WriteLogLevel writeLogLevel , string customPropertyName , string customPropertyValue , string message , CancellationToken cancellationToken)",72,78
6,1,37,4,6,"LogicMonitorClient::WriteLogAsync@91-96@LogicMonitor.Api\LogicMonitorClient_Logging.cs","LogicMonitor.Api\LogicMonitorClient_Logging.cs","LogicMonitorClient::WriteLogAsync","LogicMonitorClient::WriteLogAsync( WriteLogLevel writeLogLevel , Dictionary<string,string> propertyDictionary , string message , CancellationToken cancellationToken)",91,96
4,1,30,2,4,"LogicMonitorClient::GetDataSourceJsonAsync@16-19@LogicMonitor.Api\LogicMonitorClient_LogicModuleExportImport.cs","LogicMonitor.Api\LogicMonitorClient_LogicModuleExportImport.cs","LogicMonitorClient::GetDataSourceJsonAsync","LogicMonitorClient::GetDataSourceJsonAsync( int dataSourceId , CancellationToken cancellationToken)",16,19
4,1,30,2,4,"LogicMonitorClient::GetEventSourceJsonAsync@27-30@LogicMonitor.Api\LogicMonitorClient_LogicModuleExportImport.cs","LogicMonitor.Api\LogicMonitorClient_LogicModuleExportImport.cs","LogicMonitorClient::GetEventSourceJsonAsync","LogicMonitorClient::GetEventSourceJsonAsync( int eventSourceId , CancellationToken cancellationToken)",27,30
4,1,30,2,4,"LogicMonitorClient::GetConfigSourceJsonAsync@38-41@LogicMonitor.Api\LogicMonitorClient_LogicModuleExportImport.cs","LogicMonitor.Api\LogicMonitorClient_LogicModuleExportImport.cs","LogicMonitorClient::GetConfigSourceJsonAsync","LogicMonitorClient::GetConfigSourceJsonAsync( int configSourceId , CancellationToken cancellationToken)",38,41
4,1,30,2,4,"LogicMonitorClient::GetTopologySourceJsonAsync@49-52@LogicMonitor.Api\LogicMonitorClient_LogicModuleExportImport.cs","LogicMonitor.Api\LogicMonitorClient_LogicModuleExportImport.cs","LogicMonitorClient::GetTopologySourceJsonAsync","LogicMonitorClient::GetTopologySourceJsonAsync( int topologySourceId , CancellationToken cancellationToken)",49,52
4,1,30,2,4,"LogicMonitorClient::GetDiagnosticSourceJsonAsync@60-63@LogicMonitor.Api\LogicMonitorClient_LogicModuleExportImport.cs","LogicMonitor.Api\LogicMonitorClient_LogicModuleExportImport.cs","LogicMonitorClient::GetDiagnosticSourceJsonAsync","LogicMonitorClient::GetDiagnosticSourceJsonAsync( int diagnosticSourceId , CancellationToken cancellationToken)",60,63
4,1,30,2,4,"LogicMonitorClient::GetJobMonitorJsonAsync@71-74@LogicMonitor.Api\LogicMonitorClient_LogicModuleExportImport.cs","LogicMonitor.Api\LogicMonitorClient_LogicModuleExportImport.cs","LogicMonitorClient::GetJobMonitorJsonAsync","LogicMonitorClient::GetJobMonitorJsonAsync( int jobMonitorId , CancellationToken cancellationToken)",71,74
4,1,30,2,4,"LogicMonitorClient::GetAppliesToFunctionJsonAsync@82-85@LogicMonitor.Api\LogicMonitorClient_LogicModuleExportImport.cs","LogicMonitor.Api\LogicMonitorClient_LogicModuleExportImport.cs","LogicMonitorClient::GetAppliesToFunctionJsonAsync","LogicMonitorClient::GetAppliesToFunctionJsonAsync( int appliesToFunctionId , CancellationToken cancellationToken)",82,85
16,1,113,3,16,"LogicMonitorClient::GetLogicModuleJsonAsync@95-110@LogicMonitor.Api\LogicMonitorClient_LogicModuleExportImport.cs","LogicMonitor.Api\LogicMonitorClient_LogicModuleExportImport.cs","LogicMonitorClient::GetLogicModuleJsonAsync","LogicMonitorClient::GetLogicModuleJsonAsync( LogicModuleType logicModuleType , int logicModuleId , CancellationToken cancellationToken)",95,110
35,1,49,0,407,"*global*@0-406@LogicMonitor.Api\LogicMonitorClient_LogicModuleExportImport.cs","LogicMonitor.Api\LogicMonitorClient_LogicModuleExportImport.cs","*global*","*global*",0,406
12,1,69,3,12,"LogicMonitorClient::GetLogicModuleXmlAsync@120-131@LogicMonitor.Api\LogicMonitorClient_LogicModuleExportImport.cs","LogicMonitor.Api\LogicMonitorClient_LogicModuleExportImport.cs","LogicMonitorClient::GetLogicModuleXmlAsync","LogicMonitorClient::GetLogicModuleXmlAsync( LogicModuleType logicModuleType , int logicModuleId , CancellationToken cancellationToken)",120,131
35,1,49,0,407,"*global*@0-406@LogicMonitor.Api\LogicMonitorClient_LogicModuleExportImport.cs","LogicMonitor.Api\LogicMonitorClient_LogicModuleExportImport.cs","*global*","*global*",0,406
4,1,21,2,4,"LogicMonitorClient::ImportDataSourceJsonAsync@143-146@LogicMonitor.Api\LogicMonitorClient_LogicModuleExportImport.cs","LogicMonitor.Api\LogicMonitorClient_LogicModuleExportImport.cs","LogicMonitorClient::ImportDataSourceJsonAsync","LogicMonitorClient::ImportDataSourceJsonAsync( string json , CancellationToken cancellationToken)",143,146
4,1,21,2,4,"LogicMonitorClient::ImportEventSourceJsonAsync@154-157@LogicMonitor.Api\LogicMonitorClient_LogicModuleExportImport.cs","LogicMonitor.Api\LogicMonitorClient_LogicModuleExportImport.cs","LogicMonitorClient::ImportEventSourceJsonAsync","LogicMonitorClient::ImportEventSourceJsonAsync( string json , CancellationToken cancellationToken)",154,157
4,1,21,2,4,"LogicMonitorClient::ImportConfigSourceJsonAsync@165-168@LogicMonitor.Api\LogicMonitorClient_LogicModuleExportImport.cs","LogicMonitor.Api\LogicMonitorClient_LogicModuleExportImport.cs","LogicMonitorClient::ImportConfigSourceJsonAsync","LogicMonitorClient::ImportConfigSourceJsonAsync( string json , CancellationToken cancellationToken)",165,168
4,1,21,2,4,"LogicMonitorClient::ImportPropertySourceJsonAsync@176-179@LogicMonitor.Api\LogicMonitorClient_LogicModuleExportImport.cs","LogicMonitor.Api\LogicMonitorClient_LogicModuleExportImport.cs","LogicMonitorClient::ImportPropertySourceJsonAsync","LogicMonitorClient::ImportPropertySourceJsonAsync( string json , CancellationToken cancellationToken)",176,179
4,1,21,2,4,"LogicMonitorClient::ImportTopologySourceJsonAsync@187-190@LogicMonitor.Api\LogicMonitorClient_LogicModuleExportImport.cs","LogicMonitor.Api\LogicMonitorClient_LogicModuleExportImport.cs","LogicMonitorClient::ImportTopologySourceJsonAsync","LogicMonitorClient::ImportTopologySourceJsonAsync( string json , CancellationToken cancellationToken)",187,190
4,1,27,2,4,"LogicMonitorClient::ImportDiagnosticSourceJsonAsync@198-201@LogicMonitor.Api\LogicMonitorClient_LogicModuleExportImport.cs","LogicMonitor.Api\LogicMonitorClient_LogicModuleExportImport.cs","LogicMonitorClient::ImportDiagnosticSourceJsonAsync","LogicMonitorClient::ImportDiagnosticSourceJsonAsync( string json , CancellationToken cancellationToken)",198,201
4,1,21,2,4,"LogicMonitorClient::ImportJobMonitorJsonAsync@209-212@LogicMonitor.Api\LogicMonitorClient_LogicModuleExportImport.cs","LogicMonitor.Api\LogicMonitorClient_LogicModuleExportImport.cs","LogicMonitorClient::ImportJobMonitorJsonAsync","LogicMonitorClient::ImportJobMonitorJsonAsync( string json , CancellationToken cancellationToken)",209,212
4,1,21,2,4,"LogicMonitorClient::ImportAppliesToFunctionJsonAsync@220-223@LogicMonitor.Api\LogicMonitorClient_LogicModuleExportImport.cs","LogicMonitor.Api\LogicMonitorClient_LogicModuleExportImport.cs","LogicMonitorClient::ImportAppliesToFunctionJsonAsync","LogicMonitorClient::ImportAppliesToFunctionJsonAsync( string json , CancellationToken cancellationToken)",220,223
7,3,55,0,14,"LogicMonitorClient::T@232-245@LogicMonitor.Api\LogicMonitorClient_LogicModuleExportImport.cs","LogicMonitor.Api\LogicMonitorClient_LogicModuleExportImport.cs","LogicMonitorClient::T","LogicMonitorClient::T",232,245
9,1,43,4,11,"new::ExportLogicModuleToXmlFileAsync@281-291@LogicMonitor.Api\LogicMonitorClient_LogicModuleExportImport.cs","LogicMonitor.Api\LogicMonitorClient_LogicModuleExportImport.cs","new::ExportLogicModuleToXmlFileAsync","LogicMonitorClient::ExportLogicModuleToXmlFileAsync( LogicModuleType logicModuleType , int logicModuleId , string filePath , CancellationToken cancellationToken)",281,291
7,1,28,2,7,"new::ImportDataSourceFromJsonFileAsync@299-305@LogicMonitor.Api\LogicMonitorClient_LogicModuleExportImport.cs","LogicMonitor.Api\LogicMonitorClient_LogicModuleExportImport.cs","new::ImportDataSourceFromJsonFileAsync","LogicMonitorClient::ImportDataSourceFromJsonFileAsync( string filePath , CancellationToken cancellationToken)",299,305
7,1,28,2,7,"new::ImportEventSourceFromJsonFileAsync@313-319@LogicMonitor.Api\LogicMonitorClient_LogicModuleExportImport.cs","LogicMonitor.Api\LogicMonitorClient_LogicModuleExportImport.cs","new::ImportEventSourceFromJsonFileAsync","LogicMonitorClient::ImportEventSourceFromJsonFileAsync( string filePath , CancellationToken cancellationToken)",313,319
7,1,28,2,7,"new::ImportConfigSourceFromJsonFileAsync@327-333@LogicMonitor.Api\LogicMonitorClient_LogicModuleExportImport.cs","LogicMonitor.Api\LogicMonitorClient_LogicModuleExportImport.cs","new::ImportConfigSourceFromJsonFileAsync","LogicMonitorClient::ImportConfigSourceFromJsonFileAsync( string filePath , CancellationToken cancellationToken)",327,333
7,1,28,2,7,"new::ImportPropertySourceFromJsonFileAsync@341-347@LogicMonitor.Api\LogicMonitorClient_LogicModuleExportImport.cs","LogicMonitor.Api\LogicMonitorClient_LogicModuleExportImport.cs","new::ImportPropertySourceFromJsonFileAsync","LogicMonitorClient::ImportPropertySourceFromJsonFileAsync( string filePath , CancellationToken cancellationToken)",341,347
7,1,28,2,7,"new::ImportTopologySourceFromJsonFileAsync@355-361@LogicMonitor.Api\LogicMonitorClient_LogicModuleExportImport.cs","LogicMonitor.Api\LogicMonitorClient_LogicModuleExportImport.cs","new::ImportTopologySourceFromJsonFileAsync","LogicMonitorClient::ImportTopologySourceFromJsonFileAsync( string filePath , CancellationToken cancellationToken)",355,361
7,1,28,2,7,"new::ImportDiagnosticSourceFromJsonFileAsync@369-375@LogicMonitor.Api\LogicMonitorClient_LogicModuleExportImport.cs","LogicMonitor.Api\LogicMonitorClient_LogicModuleExportImport.cs","new::ImportDiagnosticSourceFromJsonFileAsync","LogicMonitorClient::ImportDiagnosticSourceFromJsonFileAsync( string filePath , CancellationToken cancellationToken)",369,375
7,1,28,2,7,"new::ImportJobMonitorFromJsonFileAsync@383-389@LogicMonitor.Api\LogicMonitorClient_LogicModuleExportImport.cs","LogicMonitor.Api\LogicMonitorClient_LogicModuleExportImport.cs","new::ImportJobMonitorFromJsonFileAsync","LogicMonitorClient::ImportJobMonitorFromJsonFileAsync( string filePath , CancellationToken cancellationToken)",383,389
7,1,28,2,7,"new::ImportAppliesToFunctionFromJsonFileAsync@397-403@LogicMonitor.Api\LogicMonitorClient_LogicModuleExportImport.cs","LogicMonitor.Api\LogicMonitorClient_LogicModuleExportImport.cs","new::ImportAppliesToFunctionFromJsonFileAsync","LogicMonitorClient::ImportAppliesToFunctionFromJsonFileAsync( string filePath , CancellationToken cancellationToken)",397,403
18,1,71,3,19,"LogicMonitorClient::GetLogicModuleMetadataAsync@14-32@LogicMonitor.Api\LogicMonitorClient_LogicModules.cs","LogicMonitor.Api\LogicMonitorClient_LogicModules.cs","LogicMonitorClient::GetLogicModuleMetadataAsync","LogicMonitorClient::GetLogicModuleMetadataAsync( LogicModuleType logicModuleType , int id , CancellationToken cancellationToken)",14,32
10,1,74,1,16,"LogicMonitorClient::GetExchangeLogicModulesAsync@42-57@LogicMonitor.Api\LogicMonitorClient_LogicModules.cs","LogicMonitor.Api\LogicMonitorClient_LogicModules.cs","LogicMonitorClient::GetExchangeLogicModulesAsync","LogicMonitorClient::GetExchangeLogicModulesAsync( CancellationToken cancellationToken)",42,57
42,11,151,2,44,"LogicMonitorClient::GetLogicModuleUpdatesAsync@66-109@LogicMonitor.Api\LogicMonitorClient_LogicModules.cs","LogicMonitor.Api\LogicMonitorClient_LogicModules.cs","LogicMonitorClient::GetLogicModuleUpdatesAsync","LogicMonitorClient::GetLogicModuleUpdatesAsync( LogicModuleType logicModuleType , CancellationToken cancellationToken)",66,109
4,1,26,3,4,"LogicMonitorClient::AuditDataSourceAsync@117-120@LogicMonitor.Api\LogicMonitorClient_LogicModules.cs","LogicMonitor.Api\LogicMonitorClient_LogicModules.cs","LogicMonitorClient::AuditDataSourceAsync","LogicMonitorClient::AuditDataSourceAsync( int dataSourceId , long auditVersion , CancellationToken cancellationToken)",117,120
38,1,91,0,283,"*global*@0-282@LogicMonitor.Api\LogicMonitorClient_LogicModules.cs","LogicMonitor.Api\LogicMonitorClient_LogicModules.cs","*global*","*global*",0,282
4,1,26,3,4,"LogicMonitorClient::AuditEventSourceAsync@130-133@LogicMonitor.Api\LogicMonitorClient_LogicModules.cs","LogicMonitor.Api\LogicMonitorClient_LogicModules.cs","LogicMonitorClient::AuditEventSourceAsync","LogicMonitorClient::AuditEventSourceAsync( int eventSourceId , long auditVersion , CancellationToken cancellationToken)",130,133
38,1,91,0,283,"*global*@0-282@LogicMonitor.Api\LogicMonitorClient_LogicModules.cs","LogicMonitor.Api\LogicMonitorClient_LogicModules.cs","*global*","*global*",0,282
4,1,26,3,4,"LogicMonitorClient::AuditConfigSourceAsync@143-146@LogicMonitor.Api\LogicMonitorClient_LogicModules.cs","LogicMonitor.Api\LogicMonitorClient_LogicModules.cs","LogicMonitorClient::AuditConfigSourceAsync","LogicMonitorClient::AuditConfigSourceAsync( int configSourceId , long auditVersion , CancellationToken cancellationToken)",143,146
38,1,91,0,283,"*global*@0-282@LogicMonitor.Api\LogicMonitorClient_LogicModules.cs","LogicMonitor.Api\LogicMonitorClient_LogicModules.cs","*global*","*global*",0,282
4,1,32,3,4,"LogicMonitorClient::AuditDiagnosticSourceAsync@156-159@LogicMonitor.Api\LogicMonitorClient_LogicModules.cs","LogicMonitor.Api\LogicMonitorClient_LogicModules.cs","LogicMonitorClient::AuditDiagnosticSourceAsync","LogicMonitorClient::AuditDiagnosticSourceAsync( int diagnosticSourceId , long auditVersion , CancellationToken cancellationToken)",156,159
38,1,91,0,283,"*global*@0-282@LogicMonitor.Api\LogicMonitorClient_LogicModules.cs","LogicMonitor.Api\LogicMonitorClient_LogicModules.cs","*global*","*global*",0,282
4,1,26,3,4,"LogicMonitorClient::AuditPropertySourceAsync@169-172@LogicMonitor.Api\LogicMonitorClient_LogicModules.cs","LogicMonitor.Api\LogicMonitorClient_LogicModules.cs","LogicMonitorClient::AuditPropertySourceAsync","LogicMonitorClient::AuditPropertySourceAsync( int propertySourceId , long auditVersion , CancellationToken cancellationToken)",169,172
38,1,91,0,283,"*global*@0-282@LogicMonitor.Api\LogicMonitorClient_LogicModules.cs","LogicMonitor.Api\LogicMonitorClient_LogicModules.cs","*global*","*global*",0,282
4,1,26,3,4,"LogicMonitorClient::AuditTopologySourceAsync@182-185@LogicMonitor.Api\LogicMonitorClient_LogicModules.cs","LogicMonitor.Api\LogicMonitorClient_LogicModules.cs","LogicMonitorClient::AuditTopologySourceAsync","LogicMonitorClient::AuditTopologySourceAsync( int topologySourceId , long auditVersion , CancellationToken cancellationToken)",182,185
38,1,91,0,283,"*global*@0-282@LogicMonitor.Api\LogicMonitorClient_LogicModules.cs","LogicMonitor.Api\LogicMonitorClient_LogicModules.cs","*global*","*global*",0,282
4,1,26,3,4,"LogicMonitorClient::AuditJobMonitorAsync@195-198@LogicMonitor.Api\LogicMonitorClient_LogicModules.cs","LogicMonitor.Api\LogicMonitorClient_LogicModules.cs","LogicMonitorClient::AuditJobMonitorAsync","LogicMonitorClient::AuditJobMonitorAsync( int jobMonitorId , long auditVersion , CancellationToken cancellationToken)",195,198
38,1,91,0,283,"*global*@0-282@LogicMonitor.Api\LogicMonitorClient_LogicModules.cs","LogicMonitor.Api\LogicMonitorClient_LogicModules.cs","*global*","*global*",0,282
4,1,26,3,4,"LogicMonitorClient::AuditAppliesToFunctionAsync@208-211@LogicMonitor.Api\LogicMonitorClient_LogicModules.cs","LogicMonitor.Api\LogicMonitorClient_LogicModules.cs","LogicMonitorClient::AuditAppliesToFunctionAsync","LogicMonitorClient::AuditAppliesToFunctionAsync( int appliesToFunctionId , long auditVersion , CancellationToken cancellationToken)",208,211
38,1,91,0,283,"*global*@0-282@LogicMonitor.Api\LogicMonitorClient_LogicModules.cs","LogicMonitor.Api\LogicMonitorClient_LogicModules.cs","*global*","*global*",0,282
4,1,26,3,4,"LogicMonitorClient::AuditSnmpSysOidMapAsync@221-224@LogicMonitor.Api\LogicMonitorClient_LogicModules.cs","LogicMonitor.Api\LogicMonitorClient_LogicModules.cs","LogicMonitorClient::AuditSnmpSysOidMapAsync","LogicMonitorClient::AuditSnmpSysOidMapAsync( int snmpSysOidMapId , long auditVersion , CancellationToken cancellationToken)",221,224
38,1,91,0,283,"*global*@0-282@LogicMonitor.Api\LogicMonitorClient_LogicModules.cs","LogicMonitor.Api\LogicMonitorClient_LogicModules.cs","*global*","*global*",0,282
26,1,117,3,27,"LogicMonitorClient::ImportLogicModulesAsync@234-260@LogicMonitor.Api\LogicMonitorClient_LogicModules.cs","LogicMonitor.Api\LogicMonitorClient_LogicModules.cs","LogicMonitorClient::ImportLogicModulesAsync","LogicMonitorClient::ImportLogicModulesAsync( LogicModuleType logicModuleType , List<string> logicModuleNames , CancellationToken cancellationToken)",234,260
10,1,31,2,10,"LogicMonitorClient::ImportSnmpSysOidMapAsync@267-276@LogicMonitor.Api\LogicMonitorClient_LogicModules.cs","LogicMonitor.Api\LogicMonitorClient_LogicModules.cs","LogicMonitorClient::ImportSnmpSysOidMapAsync","LogicMonitorClient::ImportSnmpSysOidMapAsync( List<SnmpSysOidMapImportItem> snmpSysOidMapImportItems , CancellationToken cancellationToken)",267,276
38,1,91,0,283,"*global*@0-282@LogicMonitor.Api\LogicMonitorClient_LogicModules.cs","LogicMonitor.Api\LogicMonitorClient_LogicModules.cs","*global*","*global*",0,282
7,1,63,2,7,"LogicMonitorClient::GetImageByteArrayAsync@11-17@LogicMonitor.Api\LogicMonitorClient_Logos.cs","LogicMonitor.Api\LogicMonitorClient_Logos.cs","LogicMonitorClient::GetImageByteArrayAsync","LogicMonitorClient::GetImageByteArrayAsync( ImageType imageType , CancellationToken cancellationToken)",11,17
5,1,6,0,28,"*global*@0-27@LogicMonitor.Api\LogicMonitorClient_Logos.cs","LogicMonitor.Api\LogicMonitorClient_Logos.cs","*global*","*global*",0,27
2,1,36,2,2,"LogicMonitorClient::DownloadImage@19-20@LogicMonitor.Api\LogicMonitorClient_Logos.cs","LogicMonitor.Api\LogicMonitorClient_Logos.cs","LogicMonitorClient::DownloadImage","LogicMonitorClient::DownloadImage( string subUrl , CancellationToken cancellationToken)",19,20
5,1,45,3,5,"LogicMonitorClient::DownloadFile@22-26@LogicMonitor.Api\LogicMonitorClient_Logos.cs","LogicMonitor.Api\LogicMonitorClient_Logos.cs","LogicMonitorClient::DownloadFile","LogicMonitorClient::DownloadFile( string subUrl , FileInfo fileInfo , CancellationToken cancellationToken)",22,26
3,1,20,1,3,"LogicMonitorClient::GetNetscanListAsync@9-11@LogicMonitor.Api\LogicMonitorClient_NetscanPolicies.cs","LogicMonitor.Api\LogicMonitorClient_NetscanPolicies.cs","LogicMonitorClient::GetNetscanListAsync","LogicMonitorClient::GetNetscanListAsync( CancellationToken cancellationToken)",9,11
4,1,20,2,4,"LogicMonitorClient::GetNetscanByIdAsync@18-21@LogicMonitor.Api\LogicMonitorClient_NetscanPolicies.cs","LogicMonitor.Api\LogicMonitorClient_NetscanPolicies.cs","LogicMonitorClient::GetNetscanByIdAsync","LogicMonitorClient::GetNetscanByIdAsync( int id , CancellationToken cancellationToken)",18,21
4,1,24,2,4,"LogicMonitorClient::AddNetscanAsync@26-29@LogicMonitor.Api\LogicMonitorClient_NetscanPolicies.cs","LogicMonitor.Api\LogicMonitorClient_NetscanPolicies.cs","LogicMonitorClient::AddNetscanAsync","LogicMonitorClient::AddNetscanAsync( NetscanCreationDto body , CancellationToken cancellationToken)",26,29
4,1,30,2,4,"LogicMonitorClient::GetPropertySourceJsonAsync@13-16@LogicMonitor.Api\LogicMonitorClient_PropertySources.cs","LogicMonitor.Api\LogicMonitorClient_PropertySources.cs","LogicMonitorClient::GetPropertySourceJsonAsync","LogicMonitorClient::GetPropertySourceJsonAsync( int propertySourceId , CancellationToken cancellationToken)",13,16
6,1,27,3,6,"LogicMonitorClient::AddPropertySourceAuditVersionAsync@25-30@LogicMonitor.Api\LogicMonitorClient_PropertySources.cs","LogicMonitor.Api\LogicMonitorClient_PropertySources.cs","LogicMonitorClient::AddPropertySourceAuditVersionAsync","LogicMonitorClient::AddPropertySourceAuditVersionAsync( int id , Audit body , CancellationToken cancellationToken)",25,30
4,1,23,2,4,"LogicMonitorClient::PushMetricAsync@14-17@LogicMonitor.Api\LogicMonitorClient_PushMetrics.cs","LogicMonitor.Api\LogicMonitorClient_PushMetrics.cs","LogicMonitorClient::PushMetricAsync","LogicMonitorClient::PushMetricAsync( PushMetric pushMetric , CancellationToken cancellationToken)",14,17
2,1,29,2,2,"LogicMonitorClient::RunReportById@14-15@LogicMonitor.Api\LogicMonitorClient_Report.cs","LogicMonitor.Api\LogicMonitorClient_Report.cs","LogicMonitorClient::RunReportById","LogicMonitorClient::RunReportById( int reportId , CancellationToken cancellationToken = default)",14,15
26,2,113,2,29,"LogicMonitorClient::GetAllSubResourceGroups@8-36@LogicMonitor.Api\LogicMonitorClient_Resources.cs","LogicMonitor.Api\LogicMonitorClient_Resources.cs","LogicMonitorClient::GetAllSubResourceGroups","LogicMonitorClient::GetAllSubResourceGroups( int resourceGroupId , CancellationToken cancellationToken)",8,36
7,1,53,3,7,"LogicMonitorClient::GetResourcesByHostNameAsync@44-50@LogicMonitor.Api\LogicMonitorClient_Resources.cs","LogicMonitor.Api\LogicMonitorClient_Resources.cs","LogicMonitorClient::GetResourcesByHostNameAsync","LogicMonitorClient::GetResourcesByHostNameAsync( string hostName , int maxResultCount , CancellationToken cancellationToken)",44,50
27,3,124,2,30,"LogicMonitorClient::GetResourceByDisplayNameAsync@57-86@LogicMonitor.Api\LogicMonitorClient_Resources.cs","LogicMonitor.Api\LogicMonitorClient_Resources.cs","LogicMonitorClient::GetResourceByDisplayNameAsync","LogicMonitorClient::GetResourceByDisplayNameAsync( string displayName , CancellationToken cancellationToken)",57,86
4,1,20,2,4,"LogicMonitorClient::GetResourcePropertiesAsync@97-100@LogicMonitor.Api\LogicMonitorClient_Resources.cs","LogicMonitor.Api\LogicMonitorClient_Resources.cs","LogicMonitorClient::GetResourcePropertiesAsync","LogicMonitorClient::GetResourcePropertiesAsync( int resourceId , CancellationToken cancellationToken)",97,100
7,1,27,2,7,"LogicMonitorClient::ScheduleActiveDiscovery@107-113@LogicMonitor.Api\LogicMonitorClient_Resources.cs","LogicMonitor.Api\LogicMonitorClient_Resources.cs","LogicMonitorClient::ScheduleActiveDiscovery","LogicMonitorClient::ScheduleActiveDiscovery( int resourceId , CancellationToken cancellationToken)",107,113
6,1,29,4,6,"LogicMonitorClient::GetResourceAlertsPageAsync@122-127@LogicMonitor.Api\LogicMonitorClient_Resources.cs","LogicMonitor.Api\LogicMonitorClient_Resources.cs","LogicMonitorClient::GetResourceAlertsPageAsync","LogicMonitorClient::GetResourceAlertsPageAsync( int resourceId , int skip , int take , CancellationToken cancellationToken)",122,127
15,1,34,5,15,"LogicMonitorClient::SetResourceCustomPropertyAsync@142-156@LogicMonitor.Api\LogicMonitorClient_Resources.cs","LogicMonitor.Api\LogicMonitorClient_Resources.cs","LogicMonitorClient::SetResourceCustomPropertyAsync","LogicMonitorClient::SetResourceCustomPropertyAsync( int resourceId , string name , string ? value , SetPropertyMode mode , CancellationToken cancellationToken)",142,156
13,1,33,4,13,"LogicMonitorClient::SetResourceCustomPropertyAsync@166-178@LogicMonitor.Api\LogicMonitorClient_Resources.cs","LogicMonitor.Api\LogicMonitorClient_Resources.cs","LogicMonitorClient::SetResourceCustomPropertyAsync","LogicMonitorClient::SetResourceCustomPropertyAsync( int resourceId , string name , string ? value , CancellationToken cancellationToken)",166,178
14,1,34,5,14,"LogicMonitorClient::SetResourceGroupCustomPropertyAsync@193-206@LogicMonitor.Api\LogicMonitorClient_Resources.cs","LogicMonitor.Api\LogicMonitorClient_Resources.cs","LogicMonitorClient::SetResourceGroupCustomPropertyAsync","LogicMonitorClient::SetResourceGroupCustomPropertyAsync( int resourceGroupId , string name , string ? value , SetPropertyMode mode , CancellationToken cancellationToken)",193,206
15,1,83,3,15,"LogicMonitorClient::SetCustomPropertyAsync@223-237@LogicMonitor.Api\LogicMonitorClient_Resources.cs","LogicMonitor.Api\LogicMonitorClient_Resources.cs","LogicMonitorClient::SetCustomPropertyAsync","LogicMonitorClient::SetCustomPropertyAsync( EntityPropertyWrite write , SetPropertyMode mode , CancellationToken cancellationToken)",223,237
11,1,47,3,11,"LogicMonitorClient::SetCustomPropertiesAsync@246-256@LogicMonitor.Api\LogicMonitorClient_Resources.cs","LogicMonitor.Api\LogicMonitorClient_Resources.cs","LogicMonitorClient::SetCustomPropertiesAsync","LogicMonitorClient::SetCustomPropertiesAsync( IEnumerable<EntityPropertyWrite> writes , SetPropertyMode mode , CancellationToken cancellationToken)",246,256
10,3,69,2,11,"LogicMonitorClient::GetResourcesPageAsync@263-273@LogicMonitor.Api\LogicMonitorClient_Resources.cs","LogicMonitor.Api\LogicMonitorClient_Resources.cs","LogicMonitorClient::GetResourcesPageAsync","LogicMonitorClient::GetResourcesPageAsync( Filter<Resource> filter , CancellationToken cancellationToken)",263,273
5,1,26,3,5,"LogicMonitorClient::GetResourcesByResourceGroupIdAsync@281-285@LogicMonitor.Api\LogicMonitorClient_Resources.cs","LogicMonitor.Api\LogicMonitorClient_Resources.cs","LogicMonitorClient::GetResourcesByResourceGroupIdAsync","LogicMonitorClient::GetResourcesByResourceGroupIdAsync( int resourceGroupId , Filter<Resource> ? filter , CancellationToken cancellationToken)",281,285
93,11,413,3,109,"LogicMonitorClient::GetResourcesByResourceGroupFullPathAsync@294-402@LogicMonitor.Api\LogicMonitorClient_Resources.cs","LogicMonitor.Api\LogicMonitorClient_Resources.cs","LogicMonitorClient::GetResourcesByResourceGroupFullPathAsync","LogicMonitorClient::GetResourcesByResourceGroupFullPathAsync( string resourceGroupFullPaths , bool recurse , CancellationToken cancellationToken)",294,402
5,1,29,3,5,"LogicMonitorClient::GetResourcesAndInstancesAssociatedWithDataSourceByIdPageAsync@410-414@LogicMonitor.Api\LogicMonitorClient_Resources.cs","LogicMonitor.Api\LogicMonitorClient_Resources.cs","LogicMonitorClient::GetResourcesAndInstancesAssociatedWithDataSourceByIdPageAsync","LogicMonitorClient::GetResourcesAndInstancesAssociatedWithDataSourceByIdPageAsync( int dataSourceId , Filter<ResourceWithDataSourceInstanceInformation> filter , CancellationToken cancellationToken)",410,414
20,1,88,3,23,"LogicMonitorClient::GetResourcesByNameAsync@423-445@LogicMonitor.Api\LogicMonitorClient_Resources.cs","LogicMonitor.Api\LogicMonitorClient_Resources.cs","LogicMonitorClient::GetResourcesByNameAsync","LogicMonitorClient::GetResourcesByNameAsync( string searchString , int maxResultCount , CancellationToken cancellationToken)",423,445
37,6,203,2,45,"LogicMonitorClient::GetResourceGroupByFullPathAsync@452-496@LogicMonitor.Api\LogicMonitorClient_Resources.cs","LogicMonitor.Api\LogicMonitorClient_Resources.cs","LogicMonitorClient::GetResourceGroupByFullPathAsync","LogicMonitorClient::GetResourceGroupByFullPathAsync( string resourceGroupFullPath , CancellationToken cancellationToken)",452,496
4,1,20,2,4,"LogicMonitorClient::GetResourceGroupPropertiesAsync@503-506@LogicMonitor.Api\LogicMonitorClient_Resources.cs","LogicMonitor.Api\LogicMonitorClient_Resources.cs","LogicMonitorClient::GetResourceGroupPropertiesAsync","LogicMonitorClient::GetResourceGroupPropertiesAsync( int resourceGroupId , CancellationToken cancellationToken)",503,506
5,1,23,3,5,"LogicMonitorClient::GetResourceGroupPropertiesByNameAsync@514-518@LogicMonitor.Api\LogicMonitorClient_Resources.cs","LogicMonitor.Api\LogicMonitorClient_Resources.cs","LogicMonitorClient::GetResourceGroupPropertiesByNameAsync","LogicMonitorClient::GetResourceGroupPropertiesByNameAsync( int resourceGroupId , string name , CancellationToken cancellationToken)",514,518
5,1,20,3,5,"LogicMonitorClient::DeleteResourceGroupPropertyAsync@526-530@LogicMonitor.Api\LogicMonitorClient_Resources.cs","LogicMonitor.Api\LogicMonitorClient_Resources.cs","LogicMonitorClient::DeleteResourceGroupPropertyAsync","LogicMonitorClient::DeleteResourceGroupPropertyAsync( int resourceGroupId , string name , CancellationToken cancellationToken)",526,530
5,1,28,3,5,"LogicMonitorClient::TreeNodeFreeSearchAsync@538-542@LogicMonitor.Api\LogicMonitorClient_Resources.cs","LogicMonitor.Api\LogicMonitorClient_Resources.cs","LogicMonitorClient::TreeNodeFreeSearchAsync","LogicMonitorClient::TreeNodeFreeSearchAsync( string searchText , int maxResultCount , TreeNodeFreeSearchResultType ? treeNodeFreeSearchResultType = null)",538,542
24,1,129,4,26,"LogicMonitorClient::TreeNodeFreeSearchAsync@551-576@LogicMonitor.Api\LogicMonitorClient_Resources.cs","LogicMonitor.Api\LogicMonitorClient_Resources.cs","LogicMonitorClient::TreeNodeFreeSearchAsync","LogicMonitorClient::TreeNodeFreeSearchAsync( string searchText , int maxResultCount , CancellationToken cancellationToken , TreeNodeFreeSearchResultType ? treeNodeFreeSearchResultType = null)",551,576
50,9,292,2,58,"LogicMonitorClient::GetFullResourceTreeAsync@583-640@LogicMonitor.Api\LogicMonitorClient_Resources.cs","LogicMonitor.Api\LogicMonitorClient_Resources.cs","LogicMonitorClient::GetFullResourceTreeAsync","LogicMonitorClient::GetFullResourceTreeAsync( int resourceGroupId = - 1 , CancellationToken cancellationToken = default)",583,640
31,2,160,3,32,"LogicMonitorClient::GetMonitoredResourceProcessesAsync@648-679@LogicMonitor.Api\LogicMonitorClient_Resources.cs","LogicMonitor.Api\LogicMonitorClient_Resources.cs","LogicMonitorClient::GetMonitoredResourceProcessesAsync","LogicMonitorClient::GetMonitoredResourceProcessesAsync( int resourceId , ResourceProcessServiceTaskType deviceProcessServiceTaskType , CancellationToken cancellationToken)",648,679
9,1,26,3,9,"LogicMonitorClient::GetProcessServiceTaskForResourceAsync@687-695@LogicMonitor.Api\LogicMonitorClient_Resources.cs","LogicMonitor.Api\LogicMonitorClient_Resources.cs","LogicMonitorClient::GetProcessServiceTaskForResourceAsync","LogicMonitorClient::GetProcessServiceTaskForResourceAsync( int resourceId , ResourceProcessServiceTaskType resourceProcessServiceTaskType , CancellationToken cancellationToken)",687,695
52,1,61,0,1217,"*global*@0-1216@LogicMonitor.Api\LogicMonitorClient_Resources.cs","LogicMonitor.Api\LogicMonitorClient_Resources.cs","*global*","*global*",0,1216
17,6,107,3,18,"ProcessServiceTaskResultError::GetProcessServiceTaskResultsAsync@723-740@LogicMonitor.Api\LogicMonitorClient_Resources.cs","LogicMonitor.Api\LogicMonitorClient_Resources.cs","ProcessServiceTaskResultError::GetProcessServiceTaskResultsAsync","LogicMonitorClient::GetProcessServiceTaskResultsAsync( int resourceId , int taskId , CancellationToken cancellationToken)",723,740
8,1,49,3,8,"ProcessServiceTaskResultError::GetResourceProcessesAsync@748-755@LogicMonitor.Api\LogicMonitorClient_Resources.cs","LogicMonitor.Api\LogicMonitorClient_Resources.cs","ProcessServiceTaskResultError::GetResourceProcessesAsync","LogicMonitorClient::GetResourceProcessesAsync( int resourceId , ResourceProcessServiceTaskType resourceProcessServiceTaskType , CancellationToken cancellationToken)",748,755
6,1,20,2,6,"ProcessServiceTaskResultError::GetResourceDataPointConfigurationsAsync@762-767@LogicMonitor.Api\LogicMonitorClient_Resources.cs","LogicMonitor.Api\LogicMonitorClient_Resources.cs","ProcessServiceTaskResultError::GetResourceDataPointConfigurationsAsync","LogicMonitorClient::GetResourceDataPointConfigurationsAsync( int resourceId , CancellationToken cancellationToken)",762,767
14,1,40,7,14,"ProcessServiceTaskResultError::SetResourceDataSourceInstanceGroupDataPointThresholdsAsync@779-792@LogicMonitor.Api\LogicMonitorClient_Resources.cs","LogicMonitor.Api\LogicMonitorClient_Resources.cs","ProcessServiceTaskResultError::SetResourceDataSourceInstanceGroupDataPointThresholdsAsync","LogicMonitorClient::SetResourceDataSourceInstanceGroupDataPointThresholdsAsync( int resourceId , int resourceDataSourceId , int resourceDataSourceInstanceGroupId , int dataPointId , string alertExpression , string alertExpressionNote , CancellationToken cancellationToken)",779,792
52,1,61,0,1217,"*global*@0-1216@LogicMonitor.Api\LogicMonitorClient_Resources.cs","LogicMonitor.Api\LogicMonitorClient_Resources.cs","*global*","*global*",0,1216
38,9,175,7,45,"ProcessServiceTaskResultError::SetResourceGroupDataSourceDataPointThresholdsAsync@804-848@LogicMonitor.Api\LogicMonitorClient_Resources.cs","LogicMonitor.Api\LogicMonitorClient_Resources.cs","ProcessServiceTaskResultError::SetResourceGroupDataSourceDataPointThresholdsAsync","LogicMonitorClient::SetResourceGroupDataSourceDataPointThresholdsAsync( int resourceGroupId , int dataSourceId , int dataPointId , string alertExpression , string alertExpressionNote , bool ? disableAlerting , CancellationToken cancellationToken)",804,848
5,1,33,3,5,"ProcessServiceTaskResultError::GetResourceGroupDataPointConfigurationAsync@856-860@LogicMonitor.Api\LogicMonitorClient_Resources.cs","LogicMonitor.Api\LogicMonitorClient_Resources.cs","ProcessServiceTaskResultError::GetResourceGroupDataPointConfigurationAsync","LogicMonitorClient::GetResourceGroupDataPointConfigurationAsync( int resourceGroupId , int dataSourceId , CancellationToken cancellationToken)",856,860
5,1,25,3,5,"ProcessServiceTaskResultError::GetResourceInstanceListAsync@868-872@LogicMonitor.Api\LogicMonitorClient_Resources.cs","LogicMonitor.Api\LogicMonitorClient_Resources.cs","ProcessServiceTaskResultError::GetResourceInstanceListAsync","LogicMonitorClient::GetResourceInstanceListAsync( int id , Filter<ResourceDataSourceInstance> filter , CancellationToken cancellationToken)",868,872
3,1,20,2,3,"ProcessServiceTaskResultError::GetTopTalkersGraphAsync@877-879@LogicMonitor.Api\LogicMonitorClient_Resources.cs","LogicMonitor.Api\LogicMonitorClient_Resources.cs","ProcessServiceTaskResultError::GetTopTalkersGraphAsync","LogicMonitorClient::GetTopTalkersGraphAsync( int id , CancellationToken cancellationToken)",877,879
24,6,126,3,30,"ProcessServiceTaskResultError::GetResourceAlertsByIdAsync@888-917@LogicMonitor.Api\LogicMonitorClient_Resources.cs","LogicMonitor.Api\LogicMonitorClient_Resources.cs","ProcessServiceTaskResultError::GetResourceAlertsByIdAsync","LogicMonitorClient::GetResourceAlertsByIdAsync( int resourceId , AlertFilter filter , CancellationToken cancellationToken)",888,917
35,4,288,4,44,"ProcessServiceTaskResultError::GetResourceAlertsByIdChunkedAsync@926-969@LogicMonitor.Api\LogicMonitorClient_Resources.cs","LogicMonitor.Api\LogicMonitorClient_Resources.cs","ProcessServiceTaskResultError::GetResourceAlertsByIdChunkedAsync","LogicMonitorClient::GetResourceAlertsByIdChunkedAsync( int resourceId , AlertFilter filter , TimeSpan chunkSize , CancellationToken cancellationToken)",926,969
48,11,275,4,61,"ProcessServiceTaskResultError::GetResourceAlertsByIdNormalAsync@979-1039@LogicMonitor.Api\LogicMonitorClient_Resources.cs","LogicMonitor.Api\LogicMonitorClient_Resources.cs","ProcessServiceTaskResultError::GetResourceAlertsByIdNormalAsync","LogicMonitorClient::GetResourceAlertsByIdNormalAsync( int resourceId , AlertFilter filter , bool calledFromChunked , CancellationToken cancellationToken)",979,1039
2,1,17,1,2,"ProcessServiceTaskResultError::GetExternalIdAsync@1044-1045@LogicMonitor.Api\LogicMonitorClient_Resources.cs","LogicMonitor.Api\LogicMonitorClient_Resources.cs","ProcessServiceTaskResultError::GetExternalIdAsync","LogicMonitorClient::GetExternalIdAsync( CancellationToken cancellationToken)",1044,1045
5,1,25,3,5,"ProcessServiceTaskResultError::GetResourceGroupSdtsAsync@1053-1057@LogicMonitor.Api\LogicMonitorClient_Resources.cs","LogicMonitor.Api\LogicMonitorClient_Resources.cs","ProcessServiceTaskResultError::GetResourceGroupSdtsAsync","LogicMonitorClient::GetResourceGroupSdtsAsync( int id , Filter<ScheduledDownTime> filter , CancellationToken cancellationToken)",1053,1057
10,1,55,8,10,"ProcessServiceTaskResultError::GetResourceGroupAlertsAsync@1070-1079@LogicMonitor.Api\LogicMonitorClient_Resources.cs","LogicMonitor.Api\LogicMonitorClient_Resources.cs","ProcessServiceTaskResultError::GetResourceGroupAlertsAsync","LogicMonitorClient::GetResourceGroupAlertsAsync( int resourceGroupId , string customColumns = '' , bool needMessage = false , string fields = '' , int size = 50 , int offset = 0 , string filter = '' , CancellationToken cancellationToken = default)",1070,1079
4,1,22,2,4,"ProcessServiceTaskResultError::GetUnmonitoredResourcesAsync@1086-1089@LogicMonitor.Api\LogicMonitorClient_Resources.cs","LogicMonitor.Api\LogicMonitorClient_Resources.cs","ProcessServiceTaskResultError::GetUnmonitoredResourcesAsync","LogicMonitorClient::GetUnmonitoredResourcesAsync( Filter<UnmonitoredResource> filter , CancellationToken cancellationToken)",1086,1089
13,1,48,2,14,"ProcessServiceTaskResultError::GetAllResourceGroupClusterAlertConfigsAsync@1096-1109@LogicMonitor.Api\LogicMonitorClient_Resources.cs","LogicMonitor.Api\LogicMonitorClient_Resources.cs","ProcessServiceTaskResultError::GetAllResourceGroupClusterAlertConfigsAsync","LogicMonitorClient::GetAllResourceGroupClusterAlertConfigsAsync( int resourceGroupId , CancellationToken cancellationToken)",1096,1109
15,2,59,3,16,"ProcessServiceTaskResultError::GetResourceGroupClusterAlertConfigsPageAsync@1117-1132@LogicMonitor.Api\LogicMonitorClient_Resources.cs","LogicMonitor.Api\LogicMonitorClient_Resources.cs","ProcessServiceTaskResultError::GetResourceGroupClusterAlertConfigsPageAsync","LogicMonitorClient::GetResourceGroupClusterAlertConfigsPageAsync( int resourceGroupId , Filter<ResourceGroupClusterAlertConfig> ? filter , CancellationToken cancellationToken)",1117,1132
11,1,42,3,11,"ProcessServiceTaskResultError::GetResourceGroupClusterAlertConfigAsync@1140-1150@LogicMonitor.Api\LogicMonitorClient_Resources.cs","LogicMonitor.Api\LogicMonitorClient_Resources.cs","ProcessServiceTaskResultError::GetResourceGroupClusterAlertConfigAsync","LogicMonitorClient::GetResourceGroupClusterAlertConfigAsync( int resourceGroupId , int id , CancellationToken cancellationToken)",1140,1150
12,1,46,3,12,"ProcessServiceTaskResultError::CreateResourceGroupClusterAlertConfigAsync@1158-1169@LogicMonitor.Api\LogicMonitorClient_Resources.cs","LogicMonitor.Api\LogicMonitorClient_Resources.cs","ProcessServiceTaskResultError::CreateResourceGroupClusterAlertConfigAsync","LogicMonitorClient::CreateResourceGroupClusterAlertConfigAsync( int resourceGroupId , ResourceGroupClusterAlertConfig config , CancellationToken cancellationToken)",1158,1169
8,1,22,3,8,"ProcessServiceTaskResultError::UpdateResourceGroupClusterAlertConfigAsync@1177-1184@LogicMonitor.Api\LogicMonitorClient_Resources.cs","LogicMonitor.Api\LogicMonitorClient_Resources.cs","ProcessServiceTaskResultError::UpdateResourceGroupClusterAlertConfigAsync","LogicMonitorClient::UpdateResourceGroupClusterAlertConfigAsync( int resourceGroupId , ResourceGroupClusterAlertConfig config , CancellationToken cancellationToken)",1177,1184
9,1,30,4,9,"ProcessServiceTaskResultError::PatchResourceGroupClusterAlertConfigAsync@1193-1201@LogicMonitor.Api\LogicMonitorClient_Resources.cs","LogicMonitor.Api\LogicMonitorClient_Resources.cs","ProcessServiceTaskResultError::PatchResourceGroupClusterAlertConfigAsync","LogicMonitorClient::PatchResourceGroupClusterAlertConfigAsync( int resourceGroupId , int id , Dictionary<string,object> fieldsToUpdate , CancellationToken cancellationToken)",1193,1201
7,1,20,3,7,"ProcessServiceTaskResultError::DeleteResourceGroupClusterAlertConfigAsync@1209-1215@LogicMonitor.Api\LogicMonitorClient_Resources.cs","LogicMonitor.Api\LogicMonitorClient_Resources.cs","ProcessServiceTaskResultError::DeleteResourceGroupClusterAlertConfigAsync","LogicMonitorClient::DeleteResourceGroupClusterAlertConfigAsync( int resourceGroupId , int id , CancellationToken cancellationToken)",1209,1215
2,1,18,1,2,"LogicMonitorClient::GetTimeZoneSettingAsync@13-14@LogicMonitor.Api\LogicMonitorClient_Settings.cs","LogicMonitor.Api\LogicMonitorClient_Settings.cs","LogicMonitorClient::GetTimeZoneSettingAsync","LogicMonitorClient::GetTimeZoneSettingAsync( CancellationToken cancellationToken)",13,14
12,3,71,2,13,"LogicMonitorClient::GetRolesForCurrentUserPageAsync@21-33@LogicMonitor.Api\LogicMonitorClient_Settings.cs","LogicMonitor.Api\LogicMonitorClient_Settings.cs","LogicMonitorClient::GetRolesForCurrentUserPageAsync","LogicMonitorClient::GetRolesForCurrentUserPageAsync( Filter<Role> filter , CancellationToken cancellationToken)",21,33
12,3,71,2,13,"LogicMonitorClient::GetEscalationChainsPageAsync@41-53@LogicMonitor.Api\LogicMonitorClient_Settings.cs","LogicMonitor.Api\LogicMonitorClient_Settings.cs","LogicMonitorClient::GetEscalationChainsPageAsync","LogicMonitorClient::GetEscalationChainsPageAsync( Filter<EscalationChain> filter , CancellationToken cancellationToken)",41,53
4,1,24,2,4,"LogicMonitorClient::AddEscalationChainAsync@60-63@LogicMonitor.Api\LogicMonitorClient_Settings.cs","LogicMonitor.Api\LogicMonitorClient_Settings.cs","LogicMonitorClient::AddEscalationChainAsync","LogicMonitorClient::AddEscalationChainAsync( EscalationChain body , CancellationToken cancellationToken)",60,63
4,1,20,2,4,"LogicMonitorClient::GetEscalationChainAsync@70-73@LogicMonitor.Api\LogicMonitorClient_Settings.cs","LogicMonitor.Api\LogicMonitorClient_Settings.cs","LogicMonitorClient::GetEscalationChainAsync","LogicMonitorClient::GetEscalationChainAsync( int id , CancellationToken cancellationToken)",70,73
2,1,19,2,2,"LogicMonitorClient::SaveAlertRuleAsync@80-81@LogicMonitor.Api\LogicMonitorClient_Settings.cs","LogicMonitor.Api\LogicMonitorClient_Settings.cs","LogicMonitorClient::SaveAlertRuleAsync","LogicMonitorClient::SaveAlertRuleAsync( AlertRule alertRule , CancellationToken cancellationToken)",80,81
3,1,20,1,3,"LogicMonitorClient::GetIntegrationAuditLogsAsync@87-89@LogicMonitor.Api\LogicMonitorClient_Settings.cs","LogicMonitor.Api\LogicMonitorClient_Settings.cs","LogicMonitorClient::GetIntegrationAuditLogsAsync","LogicMonitorClient::GetIntegrationAuditLogsAsync( CancellationToken cancellationToken)",87,89
6,1,32,4,6,"LogicMonitorClient::AddApiTokensAsync@98-103@LogicMonitor.Api\LogicMonitorClient_Settings.cs","LogicMonitor.Api\LogicMonitorClient_Settings.cs","LogicMonitorClient::AddApiTokensAsync","LogicMonitorClient::AddApiTokensAsync( int adminId , ApiToken body , string ? type , CancellationToken cancellationToken)",98,103
6,1,26,2,6,"LogicMonitorClient::GetApiTokenListAsync@108-113@LogicMonitor.Api\LogicMonitorClient_Settings.cs","LogicMonitor.Api\LogicMonitorClient_Settings.cs","LogicMonitorClient::GetApiTokenListAsync","LogicMonitorClient::GetApiTokenListAsync( Filter<ApiToken> filter , CancellationToken cancellationToken)",108,113
3,1,21,1,3,"LogicMonitorClient::GetExternalApiAsync@118-120@LogicMonitor.Api\LogicMonitorClient_Settings.cs","LogicMonitor.Api\LogicMonitorClient_Settings.cs","LogicMonitorClient::GetExternalApiAsync","LogicMonitorClient::GetExternalApiAsync( CancellationToken cancellationToken)",118,120
9,1,37,5,9,"LogicMonitorClient::UpdateAppliesToFunctionAsync@126-134@LogicMonitor.Api\LogicMonitorClient_Settings.cs","LogicMonitor.Api\LogicMonitorClient_Settings.cs","LogicMonitorClient::UpdateAppliesToFunctionAsync","LogicMonitorClient::UpdateAppliesToFunctionAsync( AppliesToFunctionCreationDto body , int id , string reason , bool ignoreReference = false , CancellationToken cancellationToken = default)",126,134
6,1,20,2,6,"LogicMonitorClient::GetAppliesToFunctionAsync@141-146@LogicMonitor.Api\LogicMonitorClient_Settings.cs","LogicMonitor.Api\LogicMonitorClient_Settings.cs","LogicMonitorClient::GetAppliesToFunctionAsync","LogicMonitorClient::GetAppliesToFunctionAsync( int id , CancellationToken cancellationToken)",141,146
5,1,24,2,5,"LogicMonitorClient::AddAppliesToFunctionAsync@153-157@LogicMonitor.Api\LogicMonitorClient_Settings.cs","LogicMonitor.Api\LogicMonitorClient_Settings.cs","LogicMonitorClient::AddAppliesToFunctionAsync","LogicMonitorClient::AddAppliesToFunctionAsync( AppliesToFunctionCreationDto body , CancellationToken cancellationToken)",153,157
4,1,22,2,4,"LogicMonitorClient::GetAppliesToFunctionListAsync@164-167@LogicMonitor.Api\LogicMonitorClient_Settings.cs","LogicMonitor.Api\LogicMonitorClient_Settings.cs","LogicMonitorClient::GetAppliesToFunctionListAsync","LogicMonitorClient::GetAppliesToFunctionListAsync( Filter<AppliesToFunction> filter , CancellationToken cancellationToken)",164,167
3,1,17,1,3,"LogicMonitorClient::GetMetricsAsync@172-174@LogicMonitor.Api\LogicMonitorClient_Settings.cs","LogicMonitor.Api\LogicMonitorClient_Settings.cs","LogicMonitorClient::GetMetricsAsync","LogicMonitorClient::GetMetricsAsync( CancellationToken cancellationToken)",172,174
8,1,33,2,9,"LogicMonitorClient::GetTopologyDataAsync@15-23@LogicMonitor.Api\LogicMonitorClient_TopologyData.cs","LogicMonitor.Api\LogicMonitorClient_TopologyData.cs","LogicMonitorClient::GetTopologyDataAsync","LogicMonitorClient::GetTopologyDataAsync( TopologyDataRequest dataRequest , CancellationToken cancellationToken)",15,23
4,1,20,2,4,"LogicMonitorClient::GetTopologyGroupAsync@28-31@LogicMonitor.Api\LogicMonitorClient_TopologyData.cs","LogicMonitor.Api\LogicMonitorClient_TopologyData.cs","LogicMonitorClient::GetTopologyGroupAsync","LogicMonitorClient::GetTopologyGroupAsync( int id , CancellationToken cancellationToken)",28,31
4,1,23,2,4,"LogicMonitorClient::GetTopologiesFromGroupAsync@36-39@LogicMonitor.Api\LogicMonitorClient_TopologyData.cs","LogicMonitor.Api\LogicMonitorClient_TopologyData.cs","LogicMonitorClient::GetTopologiesFromGroupAsync","LogicMonitorClient::GetTopologiesFromGroupAsync( int id , CancellationToken cancellationToken)",36,39
4,1,20,2,4,"LogicMonitorClient::GetTopologyAsync@44-47@LogicMonitor.Api\LogicMonitorClient_TopologyData.cs","LogicMonitor.Api\LogicMonitorClient_TopologyData.cs","LogicMonitorClient::GetTopologyAsync","LogicMonitorClient::GetTopologyAsync( int id , CancellationToken cancellationToken)",44,47
2,1,13,1,2,"LogicMonitorClient::GetVersionAsync@12-13@LogicMonitor.Api\LogicMonitorClient_Version.cs","LogicMonitor.Api\LogicMonitorClient_Version.cs","LogicMonitorClient::GetVersionAsync","LogicMonitorClient::GetVersionAsync( CancellationToken cancellationToken)",12,13
11,2,91,2,14,"LogicMonitorClient::GetVersionAsync@20-33@LogicMonitor.Api\LogicMonitorClient_Version.cs","LogicMonitor.Api\LogicMonitorClient_Version.cs","LogicMonitorClient::GetVersionAsync","LogicMonitorClient::GetVersionAsync( string accountName , CancellationToken cancellationToken)",20,33
21,5,146,2,26,"LogicMonitorClient::GetWebsiteGroupByFullPathAsync@14-39@LogicMonitor.Api\LogicMonitorClient_Websites.cs","LogicMonitor.Api\LogicMonitorClient_Websites.cs","LogicMonitorClient::GetWebsiteGroupByFullPathAsync","LogicMonitorClient::GetWebsiteGroupByFullPathAsync( string websiteGroupFullPath , CancellationToken cancellationToken)",14,39
8,1,41,5,8,"LogicMonitorClient::SetWebsiteCustomPropertyAsync@54-61@LogicMonitor.Api\LogicMonitorClient_Websites.cs","LogicMonitor.Api\LogicMonitorClient_Websites.cs","LogicMonitorClient::SetWebsiteCustomPropertyAsync","LogicMonitorClient::SetWebsiteCustomPropertyAsync( int websiteId , string name , string ? value , SetPropertyMode mode = SetPropertyMode . Automatic , CancellationToken cancellationToken = default)",54,61
59,12,239,0,73,"LogicMonitorClient::new@68-140@LogicMonitor.Api\LogicMonitorClient_Websites.cs","LogicMonitor.Api\LogicMonitorClient_Websites.cs","LogicMonitorClient::new","LogicMonitorClient::new()",68,140
8,1,41,5,8,"LogicMonitorClient::SetWebsiteGroupCustomPropertyAsync@155-162@LogicMonitor.Api\LogicMonitorClient_Websites.cs","LogicMonitor.Api\LogicMonitorClient_Websites.cs","LogicMonitorClient::SetWebsiteGroupCustomPropertyAsync","LogicMonitorClient::SetWebsiteGroupCustomPropertyAsync( int websiteGroupId , string name , string ? value , SetPropertyMode mode = SetPropertyMode . Automatic , CancellationToken cancellationToken = default)",155,162
5,1,33,3,5,"LogicMonitorClient::GetWebsitesByWebsiteGroupIdAsync@170-174@LogicMonitor.Api\LogicMonitorClient_Websites.cs","LogicMonitor.Api\LogicMonitorClient_Websites.cs","LogicMonitorClient::GetWebsitesByWebsiteGroupIdAsync","LogicMonitorClient::GetWebsitesByWebsiteGroupIdAsync( int id , Filter<Website> filter , CancellationToken cancellationToken)",170,174
2,1,20,2,2,"LogicMonitorClient::GetWebsitePropertiesAsync@185-186@LogicMonitor.Api\LogicMonitorClient_Websites.cs","LogicMonitor.Api\LogicMonitorClient_Websites.cs","LogicMonitorClient::GetWebsitePropertiesAsync","LogicMonitorClient::GetWebsitePropertiesAsync( int websiteId , CancellationToken cancellationToken)",185,186
2,1,20,2,2,"LogicMonitorClient::GetWebsiteGroupPropertiesAsync@193-194@LogicMonitor.Api\LogicMonitorClient_Websites.cs","LogicMonitor.Api\LogicMonitorClient_Websites.cs","LogicMonitorClient::GetWebsiteGroupPropertiesAsync","LogicMonitorClient::GetWebsiteGroupPropertiesAsync( int websiteGroupId , CancellationToken cancellationToken)",193,194
19,6,124,3,25,"LogicMonitorClient::GetWebsiteAlertsByIdAsync@203-227@LogicMonitor.Api\LogicMonitorClient_Websites.cs","LogicMonitor.Api\LogicMonitorClient_Websites.cs","LogicMonitorClient::GetWebsiteAlertsByIdAsync","LogicMonitorClient::GetWebsiteAlertsByIdAsync( int websiteId , AlertFilter filter , CancellationToken cancellationToken)",203,227
34,4,285,3,42,"LogicMonitorClient::GetWebsiteAlertsByIdChunkedAsync@235-276@LogicMonitor.Api\LogicMonitorClient_Websites.cs","LogicMonitor.Api\LogicMonitorClient_Websites.cs","LogicMonitorClient::GetWebsiteAlertsByIdChunkedAsync","LogicMonitorClient::GetWebsiteAlertsByIdChunkedAsync( int websiteId , AlertFilter filter , TimeSpan chunkSize)",235,276
48,11,275,4,61,"LogicMonitorClient::GetWebsiteAlertsByIdNormalAsync@286-346@LogicMonitor.Api\LogicMonitorClient_Websites.cs","LogicMonitor.Api\LogicMonitorClient_Websites.cs","LogicMonitorClient::GetWebsiteAlertsByIdNormalAsync","LogicMonitorClient::GetWebsiteAlertsByIdNormalAsync( int websiteId , AlertFilter filter , bool calledFromChunked , CancellationToken cancellationToken)",286,346
5,1,25,3,5,"LogicMonitorClient::GetWebsiteSdtListAsync@351-355@LogicMonitor.Api\LogicMonitorClient_Websites.cs","LogicMonitor.Api\LogicMonitorClient_Websites.cs","LogicMonitorClient::GetWebsiteSdtListAsync","LogicMonitorClient::GetWebsiteSdtListAsync( int websiteId , Filter<ScheduledDownTime> filter , CancellationToken cancellationToken)",351,355
9,5,48,0,11,"LogicMonitorJsonReader::Read@5-15@LogicMonitor.Api\LogicMonitorJsonReader.cs","LogicMonitor.Api\LogicMonitorJsonReader.cs","LogicMonitorJsonReader::Read","Read()",5,15
5,1,16,1,5,"LogicMonitorServiceUnavailableException::LogicMonitorServiceUnavailableException@14-18@LogicMonitor.Api\LogicMonitorServiceUnavailableException.cs","LogicMonitor.Api\LogicMonitorServiceUnavailableException.cs","LogicMonitorServiceUnavailableException::LogicMonitorServiceUnavailableException","LogicMonitorServiceUnavailableException::LogicMonitorServiceUnavailableException( string responseBody)",14,18
3,1,33,5,3,"LogicMonitorServiceUnavailableException::LogicMonitorServiceUnavailableException@23-25@LogicMonitor.Api\LogicMonitorServiceUnavailableException.cs","LogicMonitor.Api\LogicMonitorServiceUnavailableException.cs","LogicMonitorServiceUnavailableException::LogicMonitorServiceUnavailableException","LogicMonitorServiceUnavailableException::LogicMonitorServiceUnavailableException( HttpMethod method , string subUrl , HttpStatusCode httpStatusCode , string responseBody , string ? message)",23,25
3,1,29,4,3,"LogicMonitorServiceUnavailableException::LogicMonitorServiceUnavailableException@30-32@LogicMonitor.Api\LogicMonitorServiceUnavailableException.cs","LogicMonitor.Api\LogicMonitorServiceUnavailableException.cs","LogicMonitorServiceUnavailableException::LogicMonitorServiceUnavailableException","LogicMonitorServiceUnavailableException::LogicMonitorServiceUnavailableException( HttpMethod method , string subUrl , HttpStatusCode httpStatusCode , string responseBody)",30,32
3,1,14,1,3,"LogicMonitorServiceUnavailableException::LogicMonitorServiceUnavailableException@37-39@LogicMonitor.Api\LogicMonitorServiceUnavailableException.cs","LogicMonitor.Api\LogicMonitorServiceUnavailableException.cs","LogicMonitorServiceUnavailableException::LogicMonitorServiceUnavailableException","LogicMonitorServiceUnavailableException::LogicMonitorServiceUnavailableException( Exception exception)",37,39
3,1,5,0,3,"LogicMonitorServiceUnavailableException::LogicMonitorServiceUnavailableException@44-46@LogicMonitor.Api\LogicMonitorServiceUnavailableException.cs","LogicMonitor.Api\LogicMonitorServiceUnavailableException.cs","LogicMonitorServiceUnavailableException::LogicMonitorServiceUnavailableException","LogicMonitorServiceUnavailableException::LogicMonitorServiceUnavailableException()",44,46
3,1,12,1,3,"LogicMonitorServiceUnavailableException::LogicMonitorServiceUnavailableException@51-53@LogicMonitor.Api\LogicMonitorServiceUnavailableException.cs","LogicMonitor.Api\LogicMonitorServiceUnavailableException.cs","LogicMonitorServiceUnavailableException::LogicMonitorServiceUnavailableException","LogicMonitorServiceUnavailableException::LogicMonitorServiceUnavailableException( HttpResponseMessage httpResponseMessage)",51,53
3,1,17,2,3,"LogicMonitorServiceUnavailableException::LogicMonitorServiceUnavailableException@60-62@LogicMonitor.Api\LogicMonitorServiceUnavailableException.cs","LogicMonitor.Api\LogicMonitorServiceUnavailableException.cs","LogicMonitorServiceUnavailableException::LogicMonitorServiceUnavailableException","LogicMonitorServiceUnavailableException::LogicMonitorServiceUnavailableException( string responseBody , Exception exception)",60,62
3,1,10,2,3,"LogicMonitorServiceUnavailableException::LogicMonitorServiceUnavailableException@67-69@LogicMonitor.Api\LogicMonitorServiceUnavailableException.cs","LogicMonitor.Api\LogicMonitorServiceUnavailableException.cs","LogicMonitorServiceUnavailableException::LogicMonitorServiceUnavailableException","LogicMonitorServiceUnavailableException::LogicMonitorServiceUnavailableException( SerializationInfo serializationInfo , StreamingContext streamingContext)",67,69
1,1,6,0,1,"NamedEntity::ToString@23-23@LogicMonitor.Api\NamedEntity.cs","LogicMonitor.Api\NamedEntity.cs","NamedEntity::ToString","NamedEntity::ToString()",23,23
12,7,59,1,13,"NamedItem::Equals@19-31@LogicMonitor.Api\NamedItem.cs","LogicMonitor.Api\NamedItem.cs","NamedItem::Equals","NamedItem::Equals( object ? obj)",19,31
3,3,38,0,3,"NamedItem::GetHashCode@36-38@LogicMonitor.Api\NamedItem.cs","LogicMonitor.Api\NamedItem.cs","NamedItem::GetHashCode","NamedItem::GetHashCode()",36,38
1,1,7,0,1,"NamedItem::ToString@44-44@LogicMonitor.Api\NamedItem.cs","LogicMonitor.Api\NamedItem.cs","NamedItem::ToString","NamedItem::ToString()",44,44
1,1,7,0,1,"NamedStringIdentifiedItem::ToString@22-22@LogicMonitor.Api\NamedStringIdentifiedItem.cs","LogicMonitor.Api\NamedStringIdentifiedItem.cs","NamedStringIdentifiedItem::ToString","NamedStringIdentifiedItem::ToString()",22,22
3,1,5,0,3,"PagingException::PagingException@12-14@LogicMonitor.Api\PagingException.cs","LogicMonitor.Api\PagingException.cs","PagingException::PagingException","PagingException::PagingException()",12,14
3,1,12,1,3,"PagingException::PagingException@20-22@LogicMonitor.Api\PagingException.cs","LogicMonitor.Api\PagingException.cs","PagingException::PagingException","PagingException::PagingException( string message)",20,22
5,1,17,2,5,"PagingException::PagingException@29-33@LogicMonitor.Api\PagingException.cs","LogicMonitor.Api\PagingException.cs","PagingException::PagingException","PagingException::PagingException( string message , Exception innerException)",29,33
5,1,17,2,5,"PagingException::PagingException@40-44@LogicMonitor.Api\PagingException.cs","LogicMonitor.Api\PagingException.cs","PagingException::PagingException","PagingException::PagingException( SerializationInfo info , StreamingContext context)",40,44
7,1,29,4,7,"PagingException::PagingException@53-59@LogicMonitor.Api\PagingException.cs","LogicMonitor.Api\PagingException.cs","PagingException::PagingException","PagingException::PagingException( HttpMethod method , string subUrl , HttpStatusCode httpStatusCode , string responseBody)",53,59
8,1,33,5,8,"PagingException::PagingException@69-76@LogicMonitor.Api\PagingException.cs","LogicMonitor.Api\PagingException.cs","PagingException::PagingException","PagingException::PagingException( HttpMethod method , string subUrl , HttpStatusCode httpStatusCode , string responseBody , string ? message)",69,76
3,1,12,1,3,"PagingException::PagingException@82-84@LogicMonitor.Api\PagingException.cs","LogicMonitor.Api\PagingException.cs","PagingException::PagingException","PagingException::PagingException( HttpResponseMessage httpResponseMessage)",82,84
25,13,170,1,32,"PortalResponse::Init@26-57@LogicMonitor.Api\PortalResponse.cs","LogicMonitor.Api\PortalResponse.cs","PortalResponse::Init","Init( string jsonString)",26,57
44,10,193,1,54,"PortalResponse::GetObject@103-156@LogicMonitor.Api\PortalResponse.cs","LogicMonitor.Api\PortalResponse.cs","PortalResponse::GetObject","GetObject( JsonConverter [ ] ? converters = null)",103,156
3,1,5,0,3,"PropertyNotFoundException::PropertyNotFoundException@12-14@LogicMonitor.Api\PropertyNotFoundException.cs","LogicMonitor.Api\PropertyNotFoundException.cs","PropertyNotFoundException::PropertyNotFoundException","PropertyNotFoundException::PropertyNotFoundException()",12,14
3,1,12,1,3,"PropertyNotFoundException::PropertyNotFoundException@20-22@LogicMonitor.Api\PropertyNotFoundException.cs","LogicMonitor.Api\PropertyNotFoundException.cs","PropertyNotFoundException::PropertyNotFoundException","PropertyNotFoundException::PropertyNotFoundException( string message)",20,22
3,1,17,2,3,"PropertyNotFoundException::PropertyNotFoundException@29-31@LogicMonitor.Api\PropertyNotFoundException.cs","LogicMonitor.Api\PropertyNotFoundException.cs","PropertyNotFoundException::PropertyNotFoundException","PropertyNotFoundException::PropertyNotFoundException( string message , Exception innerException)",29,31
29,5,132,4,33,"Retry::Do<T>@13-45@LogicMonitor.Api\Retry.cs","LogicMonitor.Api\Retry.cs","Retry::Do<T>","Retry::Do<T>( Func<Task<T>> action , int maxTryCount , TimeSpan retryInterval , CancellationToken cancellationToken)",13,45
8,2,42,0,14,"TimeBasedRequest::GetTimePartialQueryString@27-40@LogicMonitor.Api\TimeBasedRequest.cs","LogicMonitor.Api\TimeBasedRequest.cs","TimeBasedRequest::GetTimePartialQueryString","TimeBasedRequest::GetTimePartialQueryString()",27,40
3,1,4,0,46,"*global*@0-45@LogicMonitor.Api\TimeBasedRequest.cs","LogicMonitor.Api\TimeBasedRequest.cs","*global*","*global*",0,45
11,6,53,1,12,"UndescribedNamedItem::Equals@19-30@LogicMonitor.Api\UndescribedNamedItem.cs","LogicMonitor.Api\UndescribedNamedItem.cs","UndescribedNamedItem::Equals","UndescribedNamedItem::Equals( object ? obj)",19,30
2,2,22,0,2,"UndescribedNamedItem::GetHashCode@35-36@LogicMonitor.Api\UndescribedNamedItem.cs","LogicMonitor.Api\UndescribedNamedItem.cs","UndescribedNamedItem::GetHashCode","UndescribedNamedItem::GetHashCode()",35,36
1,1,7,0,1,"UndescribedNamedItem::ToString@42-42@LogicMonitor.Api\UndescribedNamedItem.cs","LogicMonitor.Api\UndescribedNamedItem.cs","UndescribedNamedItem::ToString","UndescribedNamedItem::ToString()",42,42
18,1,208,0,21,"AlertDependencyRuleTests::AlertDependencyRule_DeserialisesRealSchema_WithNoMissingMembers@26-46@LogicMonitor.Api.Test\Alerts\AlertDependencyRuleTests.cs","LogicMonitor.Api.Test\Alerts\AlertDependencyRuleTests.cs","AlertDependencyRuleTests::AlertDependencyRule_DeserialisesRealSchema_WithNoMissingMembers","AlertDependencyRule_DeserialisesRealSchema_WithNoMissingMembers()",26,46
6,1,29,0,8,"AlertDependencyRuleTests::GetAllAlertDependencyRules_DoesNotThrow@49-56@LogicMonitor.Api.Test\Alerts\AlertDependencyRuleTests.cs","LogicMonitor.Api.Test\Alerts\AlertDependencyRuleTests.cs","AlertDependencyRuleTests::GetAllAlertDependencyRules_DoesNotThrow","GetAllAlertDependencyRules_DoesNotThrow()",49,56
7,1,54,0,7,"AlertHistoryTests::GetRecentAlertIdAsync@5-11@LogicMonitor.Api.Test\Alerts\AlertHistoryTests.cs","LogicMonitor.Api.Test\Alerts\AlertHistoryTests.cs","AlertHistoryTests::GetRecentAlertIdAsync","GetRecentAlertIdAsync()",5,11
13,1,68,0,15,"AlertHistoryTests::GetAlertHistory_Last24Hours_Returns25Items@14-28@LogicMonitor.Api.Test\Alerts\AlertHistoryTests.cs","LogicMonitor.Api.Test\Alerts\AlertHistoryTests.cs","AlertHistoryTests::GetAlertHistory_Last24Hours_Returns25Items","GetAlertHistory_Last24Hours_Returns25Items()",14,28
13,1,68,0,15,"AlertHistoryTests::GetAlertHistory_Last7Days_Returns8Items@31-45@LogicMonitor.Api.Test\Alerts\AlertHistoryTests.cs","LogicMonitor.Api.Test\Alerts\AlertHistoryTests.cs","AlertHistoryTests::GetAlertHistory_Last7Days_Returns8Items","GetAlertHistory_Last7Days_Returns8Items()",31,45
13,1,68,0,15,"AlertHistoryTests::GetAlertHistory_Last30Days_Returns31Items@48-62@LogicMonitor.Api.Test\Alerts\AlertHistoryTests.cs","LogicMonitor.Api.Test\Alerts\AlertHistoryTests.cs","AlertHistoryTests::GetAlertHistory_Last30Days_Returns31Items","GetAlertHistory_Last30Days_Returns31Items()",48,62
17,1,99,0,21,"AlertHistoryTests::GetAlertHistory_Custom24Hours_Returns25Items@65-85@LogicMonitor.Api.Test\Alerts\AlertHistoryTests.cs","LogicMonitor.Api.Test\Alerts\AlertHistoryTests.cs","AlertHistoryTests::GetAlertHistory_Custom24Hours_Returns25Items","GetAlertHistory_Custom24Hours_Returns25Items()",65,85
17,1,84,0,21,"AlertHistoryTests::GetAlertHistory_Custom24HoursWithNoStartSpecified_ThrowsArgumentException@88-108@LogicMonitor.Api.Test\Alerts\AlertHistoryTests.cs","LogicMonitor.Api.Test\Alerts\AlertHistoryTests.cs","AlertHistoryTests::GetAlertHistory_Custom24HoursWithNoStartSpecified_ThrowsArgumentException","GetAlertHistory_Custom24HoursWithNoStartSpecified_ThrowsArgumentException()",88,108
16,1,74,0,20,"AlertHistoryTests::GetAlertHistory_Custom24HoursWithNoEndSpecified_ThrowsArgumentException@111-130@LogicMonitor.Api.Test\Alerts\AlertHistoryTests.cs","LogicMonitor.Api.Test\Alerts\AlertHistoryTests.cs","AlertHistoryTests::GetAlertHistory_Custom24HoursWithNoEndSpecified_ThrowsArgumentException","GetAlertHistory_Custom24HoursWithNoEndSpecified_ThrowsArgumentException()",111,130
17,1,85,0,21,"AlertHistoryTests::GetAlertHistory_Custom24HoursWithEndBeforeStart_ThrowsArgumentException@133-153@LogicMonitor.Api.Test\Alerts\AlertHistoryTests.cs","LogicMonitor.Api.Test\Alerts\AlertHistoryTests.cs","AlertHistoryTests::GetAlertHistory_Custom24HoursWithEndBeforeStart_ThrowsArgumentException","GetAlertHistory_Custom24HoursWithEndBeforeStart_ThrowsArgumentException()",133,153
6,1,29,0,6,"AlertStatTests::GetAlertStat@6-11@LogicMonitor.Api.Test\Alerts\AlertStatTests.cs","LogicMonitor.Api.Test\Alerts\AlertStatTests.cs","AlertStatTests::GetAlertStat","GetAlertStat()",6,11
12,1,60,1,13,"AlertTests::CheckAlertsAreValid@12-24@LogicMonitor.Api.Test\Alerts\AlertTests.cs","LogicMonitor.Api.Test\Alerts\AlertTests.cs","AlertTests::CheckAlertsAreValid","CheckAlertsAreValid( List<Alert> alerts)",12,24
22,1,133,0,22,"AlertTests::ClosedAlerts@27-48@LogicMonitor.Api.Test\Alerts\AlertTests.cs","LogicMonitor.Api.Test\Alerts\AlertTests.cs","AlertTests::ClosedAlerts","ClosedAlerts()",27,48
28,1,169,0,33,"AlertTests::AddNoteToAlert@51-83@LogicMonitor.Api.Test\Alerts\AlertTests.cs","LogicMonitor.Api.Test\Alerts\AlertTests.cs","AlertTests::AddNoteToAlert","AddNoteToAlert()",51,83
28,1,170,0,28,"AlertTests::AlertLevelPropertyIsPopulated@86-113@LogicMonitor.Api.Test\Alerts\AlertTests.cs","LogicMonitor.Api.Test\Alerts\AlertTests.cs","AlertTests::AlertLevelPropertyIsPopulated","AlertLevelPropertyIsPopulated()",86,113
39,1,264,0,52,"AlertTests::GetAlerts_SdtsMatchRequest@117-168@LogicMonitor.Api.Test\Alerts\AlertTests.cs","LogicMonitor.Api.Test\Alerts\AlertTests.cs","AlertTests::GetAlerts_SdtsMatchRequest","GetAlerts_SdtsMatchRequest()",117,168
15,2,95,0,17,"AlertTests::GetAlertsAndCheckUnique@171-187@LogicMonitor.Api.Test\Alerts\AlertTests.cs","LogicMonitor.Api.Test\Alerts\AlertTests.cs","AlertTests::GetAlertsAndCheckUnique","GetAlertsAndCheckUnique()",171,187
24,1,158,0,26,"AlertTests::GetAlertsFilteredByResource@190-215@LogicMonitor.Api.Test\Alerts\AlertTests.cs","LogicMonitor.Api.Test\Alerts\AlertTests.cs","AlertTests::GetAlertsFilteredByResource","GetAlertsFilteredByResource()",190,215
33,2,251,0,36,"AlertTests::GetAlertsFilteredByResourceRest@218-253@LogicMonitor.Api.Test\Alerts\AlertTests.cs","LogicMonitor.Api.Test\Alerts\AlertTests.cs","AlertTests::GetAlertsFilteredByResourceRest","GetAlertsFilteredByResourceRest()",218,253
34,1,248,0,37,"AlertTests::GetAlertsIncludeInactiveShouldWork@257-293@LogicMonitor.Api.Test\Alerts\AlertTests.cs","LogicMonitor.Api.Test\Alerts\AlertTests.cs","AlertTests::GetAlertsIncludeInactiveShouldWork","GetAlertsIncludeInactiveShouldWork()",257,293
34,1,292,0,38,"AlertTests::GetFilteredAlerts_LevelsMatch@297-334@LogicMonitor.Api.Test\Alerts\AlertTests.cs","LogicMonitor.Api.Test\Alerts\AlertTests.cs","AlertTests::GetFilteredAlerts_LevelsMatch","GetFilteredAlerts_LevelsMatch()",297,334
16,1,75,0,16,"AlertTests::GetFilteredAlertsBroken_Rm1959@337-352@LogicMonitor.Api.Test\Alerts\AlertTests.cs","LogicMonitor.Api.Test\Alerts\AlertTests.cs","AlertTests::GetFilteredAlertsBroken_Rm1959","GetFilteredAlertsBroken_Rm1959()",337,352
7,1,33,0,7,"AlertTests::GetFilteredAlertsDefaultPeriod@356-362@LogicMonitor.Api.Test\Alerts\AlertTests.cs","LogicMonitor.Api.Test\Alerts\AlertTests.cs","AlertTests::GetFilteredAlertsDefaultPeriod","GetFilteredAlertsDefaultPeriod()",356,362
10,1,63,0,10,"AlertTests::GetFilteredAlertsFor2YearsAgoReturnsNoAlerts@365-374@LogicMonitor.Api.Test\Alerts\AlertTests.cs","LogicMonitor.Api.Test\Alerts\AlertTests.cs","AlertTests::GetFilteredAlertsFor2YearsAgoReturnsNoAlerts","GetFilteredAlertsFor2YearsAgoReturnsNoAlerts()",365,374
13,1,76,0,13,"AlertTests::GetFilteredAlertsForAlertsStartedThisWeekButNotCleared@377-389@LogicMonitor.Api.Test\Alerts\AlertTests.cs","LogicMonitor.Api.Test\Alerts\AlertTests.cs","AlertTests::GetFilteredAlertsForAlertsStartedThisWeekButNotCleared","GetFilteredAlertsForAlertsStartedThisWeekButNotCleared()",377,389
12,1,76,0,12,"AlertTests::GetFilteredAlertsForAlertsStartedThisWeekAndCleared@392-403@LogicMonitor.Api.Test\Alerts\AlertTests.cs","LogicMonitor.Api.Test\Alerts\AlertTests.cs","AlertTests::GetFilteredAlertsForAlertsStartedThisWeekAndCleared","GetFilteredAlertsForAlertsStartedThisWeekAndCleared()",392,403
26,1,201,0,28,"AlertTests::GetFilteredAlertsForDatacenter@406-433@LogicMonitor.Api.Test\Alerts\AlertTests.cs","LogicMonitor.Api.Test\Alerts\AlertTests.cs","AlertTests::GetFilteredAlertsForDatacenter","GetFilteredAlertsForDatacenter()",406,433
4,2,30,0,4,"AlertTests::GetOfNonExistentAlertShouldThrowException@436-439@LogicMonitor.Api.Test\Alerts\AlertTests.cs","LogicMonitor.Api.Test\Alerts\AlertTests.cs","AlertTests::GetOfNonExistentAlertShouldThrowException","GetOfNonExistentAlertShouldThrowException()",436,439
28,1,54,0,648,"*global*@0-647@LogicMonitor.Api.Test\Alerts\AlertTests.cs","LogicMonitor.Api.Test\Alerts\AlertTests.cs","*global*","*global*",0,647
21,1,152,0,23,"AlertTests::GetFilteredAlertsForOneDay@446-468@LogicMonitor.Api.Test\Alerts\AlertTests.cs","LogicMonitor.Api.Test\Alerts\AlertTests.cs","AlertTests::GetFilteredAlertsForOneDay","GetFilteredAlertsForOneDay()",446,468
24,3,191,0,34,"AlertTests::GetFilteredAlerts_SpecificLevels@471-504@LogicMonitor.Api.Test\Alerts\AlertTests.cs","LogicMonitor.Api.Test\Alerts\AlertTests.cs","AlertTests::GetFilteredAlerts_SpecificLevels","GetFilteredAlerts_SpecificLevels()",471,504
14,1,127,0,15,"AlertTests::GetAlertsMatchingProblemSignature@507-521@LogicMonitor.Api.Test\Alerts\AlertTests.cs","LogicMonitor.Api.Test\Alerts\AlertTests.cs","AlertTests::GetAlertsMatchingProblemSignature","GetAlertsMatchingProblemSignature()",507,521
7,1,62,0,7,"AlertTests::LevelDefaultsToError@524-530@LogicMonitor.Api.Test\Alerts\AlertTests.cs","LogicMonitor.Api.Test\Alerts\AlertTests.cs","AlertTests::LevelDefaultsToError","LevelDefaultsToError()",524,530
25,1,196,0,33,"AlertTests::SdtFilter_Works@533-565@LogicMonitor.Api.Test\Alerts\AlertTests.cs","LogicMonitor.Api.Test\Alerts\AlertTests.cs","AlertTests::SdtFilter_Works","SdtFilter_Works()",533,565
30,4,158,0,36,"AlertTests::AckAlert@568-603@LogicMonitor.Api.Test\Alerts\AlertTests.cs","LogicMonitor.Api.Test\Alerts\AlertTests.cs","AlertTests::AckAlert","AckAlert()",568,603
17,1,135,0,25,"AlertTests::LastUpdatedOnMs_ConvertsCorrectlyToDateTime@606-630@LogicMonitor.Api.Test\Alerts\AlertTests.cs","LogicMonitor.Api.Test\Alerts\AlertTests.cs","AlertTests::LastUpdatedOnMs_ConvertsCorrectlyToDateTime","LastUpdatedOnMs_ConvertsCorrectlyToDateTime()",606,630
9,1,33,0,14,"AlertTests::LastUpdatedOnMs_WhenNull_ReturnsNull@633-646@LogicMonitor.Api.Test\Alerts\AlertTests.cs","LogicMonitor.Api.Test\Alerts\AlertTests.cs","AlertTests::LastUpdatedOnMs_WhenNull_ReturnsNull","LastUpdatedOnMs_WhenNull_ReturnsNull()",633,646
2,1,21,1,2,"EscalationChainCreationDtoSerializationTests::Serialize@21-22@LogicMonitor.Api.Test\Alerts\EscalationChainCreationDtoSerializationTests.cs","LogicMonitor.Api.Test\Alerts\EscalationChainCreationDtoSerializationTests.cs","EscalationChainCreationDtoSerializationTests::Serialize","EscalationChainCreationDtoSerializationTests::Serialize( EscalationChainCreationDto dto)",21,22
8,1,15,0,90,"*global*@0-89@LogicMonitor.Api.Test\Alerts\EscalationChainCreationDtoSerializationTests.cs","LogicMonitor.Api.Test\Alerts\EscalationChainCreationDtoSerializationTests.cs","*global*","*global*",0,89
5,1,17,0,5,"EscalationChainCreationDtoSerializationTests::BuildDto@24-28@LogicMonitor.Api.Test\Alerts\EscalationChainCreationDtoSerializationTests.cs","LogicMonitor.Api.Test\Alerts\EscalationChainCreationDtoSerializationTests.cs","EscalationChainCreationDtoSerializationTests::BuildDto","EscalationChainCreationDtoSerializationTests::BuildDto()",24,28
8,1,15,0,90,"*global*@0-89@LogicMonitor.Api.Test\Alerts\EscalationChainCreationDtoSerializationTests.cs","LogicMonitor.Api.Test\Alerts\EscalationChainCreationDtoSerializationTests.cs","*global*","*global*",0,89
8,1,61,0,10,"EscalationChainCreationDtoSerializationTests::WhenCcDestinationsSet_SerializesUnderTheWriteName@31-40@LogicMonitor.Api.Test\Alerts\EscalationChainCreationDtoSerializationTests.cs","LogicMonitor.Api.Test\Alerts\EscalationChainCreationDtoSerializationTests.cs","EscalationChainCreationDtoSerializationTests::WhenCcDestinationsSet_SerializesUnderTheWriteName","EscalationChainCreationDtoSerializationTests::WhenCcDestinationsSet_SerializesUnderTheWriteName()",31,40
8,1,61,0,12,"EscalationChainCreationDtoSerializationTests::ReadShapedAliases_AreNotSerialized@43-54@LogicMonitor.Api.Test\Alerts\EscalationChainCreationDtoSerializationTests.cs","LogicMonitor.Api.Test\Alerts\EscalationChainCreationDtoSerializationTests.cs","EscalationChainCreationDtoSerializationTests::ReadShapedAliases_AreNotSerialized","EscalationChainCreationDtoSerializationTests::ReadShapedAliases_AreNotSerialized()",43,54
14,1,149,0,21,"EscalationChainCreationDtoSerializationTests::SettingTheReadShapedAlias_PopulatesTheCanonicalField@57-77@LogicMonitor.Api.Test\Alerts\EscalationChainCreationDtoSerializationTests.cs","LogicMonitor.Api.Test\Alerts\EscalationChainCreationDtoSerializationTests.cs","EscalationChainCreationDtoSerializationTests::SettingTheReadShapedAlias_PopulatesTheCanonicalField","EscalationChainCreationDtoSerializationTests::SettingTheReadShapedAlias_PopulatesTheCanonicalField()",57,77
6,1,46,0,9,"EscalationChainCreationDtoSerializationTests::ReadShapedAlias_ReflectsTheCanonicalField@80-88@LogicMonitor.Api.Test\Alerts\EscalationChainCreationDtoSerializationTests.cs","LogicMonitor.Api.Test\Alerts\EscalationChainCreationDtoSerializationTests.cs","EscalationChainCreationDtoSerializationTests::ReadShapedAlias_ReflectsTheCanonicalField","EscalationChainCreationDtoSerializationTests::ReadShapedAlias_ReflectsTheCanonicalField()",80,88
38,1,282,0,47,"NewAlertTests::GetAlerts_SdtsMatchRequest@10-56@LogicMonitor.Api.Test\Alerts\NewAlertTests.cs","LogicMonitor.Api.Test\Alerts\NewAlertTests.cs","NewAlertTests::GetAlerts_SdtsMatchRequest","GetAlerts_SdtsMatchRequest()",10,56
22,2,114,0,25,"NewAlertTests::GetAlertsAndCheckUnique@59-83@LogicMonitor.Api.Test\Alerts\NewAlertTests.cs","LogicMonitor.Api.Test\Alerts\NewAlertTests.cs","NewAlertTests::GetAlertsAndCheckUnique","GetAlertsAndCheckUnique()",59,83
22,1,120,0,24,"NewAlertTests::GetAlertsFilteredByResource@86-109@LogicMonitor.Api.Test\Alerts\NewAlertTests.cs","LogicMonitor.Api.Test\Alerts\NewAlertTests.cs","NewAlertTests::GetAlertsFilteredByResource","GetAlertsFilteredByResource()",86,109
16,1,118,0,18,"NewAlertTests::MultipleLevels@112-129@LogicMonitor.Api.Test\Alerts\NewAlertTests.cs","LogicMonitor.Api.Test\Alerts\NewAlertTests.cs","NewAlertTests::MultipleLevels","MultipleLevels()",112,129
5,2,43,0,5,"NewAlertTests::GetNonExistentAlertAsJObject@132-136@LogicMonitor.Api.Test\Alerts\NewAlertTests.cs","LogicMonitor.Api.Test\Alerts\NewAlertTests.cs","NewAlertTests::GetNonExistentAlertAsJObject","GetNonExistentAlertAsJObject()",132,136
2,1,26,2,2,"IsPropertyReadonlyTests::IsPropertyReadonlyTest_ShouldReturnTrue@13-14@LogicMonitor.Api.Test\Attributes\IsPropertyReadonlyTests.cs","LogicMonitor.Api.Test\Attributes\IsPropertyReadonlyTests.cs","IsPropertyReadonlyTests::IsPropertyReadonlyTest_ShouldReturnTrue","IsPropertyReadonlyTests::IsPropertyReadonlyTest_ShouldReturnTrue( string propertyName , Type classType)",13,14
2,1,26,2,2,"IsPropertyReadonlyTests::IsPropertyReadonlyTest_ShouldReturnFalse@20-21@LogicMonitor.Api.Test\Attributes\IsPropertyReadonlyTests.cs","LogicMonitor.Api.Test\Attributes\IsPropertyReadonlyTests.cs","IsPropertyReadonlyTests::IsPropertyReadonlyTest_ShouldReturnFalse","IsPropertyReadonlyTests::IsPropertyReadonlyTest_ShouldReturnFalse( string propertyName , Type classType)",20,21
2,1,28,2,2,"IsPropertyReadonlyTests::IsPropertyReadonlyTest_PreferJsonName_ShouldReturnTrue@27-28@LogicMonitor.Api.Test\Attributes\IsPropertyReadonlyTests.cs","LogicMonitor.Api.Test\Attributes\IsPropertyReadonlyTests.cs","IsPropertyReadonlyTests::IsPropertyReadonlyTest_PreferJsonName_ShouldReturnTrue","IsPropertyReadonlyTests::IsPropertyReadonlyTest_PreferJsonName_ShouldReturnTrue( string propertyName , Type classType)",27,28
2,1,28,2,2,"IsPropertyReadonlyTests::IsPropertyReadonlyTest_PreferJsonName_ShouldReturnFalse@34-35@LogicMonitor.Api.Test\Attributes\IsPropertyReadonlyTests.cs","LogicMonitor.Api.Test\Attributes\IsPropertyReadonlyTests.cs","IsPropertyReadonlyTests::IsPropertyReadonlyTest_PreferJsonName_ShouldReturnFalse","IsPropertyReadonlyTests::IsPropertyReadonlyTest_PreferJsonName_ShouldReturnFalse( string propertyName , Type classType)",34,35
7,1,72,0,7,"IsPropertyReadonlyTests::IsPropertyReadonlyTest_NonExistentProperty_ShouldThrowException@38-44@LogicMonitor.Api.Test\Attributes\IsPropertyReadonlyTests.cs","LogicMonitor.Api.Test\Attributes\IsPropertyReadonlyTests.cs","IsPropertyReadonlyTests::IsPropertyReadonlyTest_NonExistentProperty_ShouldThrowException","IsPropertyReadonlyTests::IsPropertyReadonlyTest_NonExistentProperty_ShouldThrowException()",38,44
17,1,144,0,30,"CacheTests::CacheTestFasterSecondTimeAround@6-35@LogicMonitor.Api.Test\Cache\CacheTests.cs","LogicMonitor.Api.Test\Cache\CacheTests.cs","CacheTests::CacheTestFasterSecondTimeAround","CacheTestFasterSecondTimeAround()",6,35
20,1,163,0,33,"CacheTests::CacheRefetchesAfterTimeout@38-70@LogicMonitor.Api.Test\Cache\CacheTests.cs","LogicMonitor.Api.Test\Cache\CacheTests.cs","CacheTests::CacheRefetchesAfterTimeout","CacheRefetchesAfterTimeout()",38,70
12,2,77,0,13,"CacheTests::RateLimitCheckGetDeviceByDisplayNameAsync@73-85@LogicMonitor.Api.Test\Cache\CacheTests.cs","LogicMonitor.Api.Test\Cache\CacheTests.cs","CacheTests::RateLimitCheckGetDeviceByDisplayNameAsync","RateLimitCheckGetDeviceByDisplayNameAsync()",73,85
30,1,123,0,32,"DoubleOrNAConverterTests::ReadJson_DataIsThreeValidDoubles_DeserializesCorrectly@8-39@LogicMonitor.Api.Test\Converters\DoubleOrNAConverterTests.cs","LogicMonitor.Api.Test\Converters\DoubleOrNAConverterTests.cs","DoubleOrNAConverterTests::ReadJson_DataIsThreeValidDoubles_DeserializesCorrectly","DoubleOrNAConverterTests::ReadJson_DataIsThreeValidDoubles_DeserializesCorrectly()",8,39
32,1,144,0,34,"DoubleOrNAConverterTests::ReadJson_DataIsThreeValidDoublesPlusOneNAString_DeserializesCorrectly@42-75@LogicMonitor.Api.Test\Converters\DoubleOrNAConverterTests.cs","LogicMonitor.Api.Test\Converters\DoubleOrNAConverterTests.cs","DoubleOrNAConverterTests::ReadJson_DataIsThreeValidDoublesPlusOneNAString_DeserializesCorrectly","DoubleOrNAConverterTests::ReadJson_DataIsThreeValidDoublesPlusOneNAString_DeserializesCorrectly()",42,75
32,1,162,0,34,"DoubleOrNAConverterTests::ReadJson_FourNAStrings_DeserializesCorrectly@78-111@LogicMonitor.Api.Test\Converters\DoubleOrNAConverterTests.cs","LogicMonitor.Api.Test\Converters\DoubleOrNAConverterTests.cs","DoubleOrNAConverterTests::ReadJson_FourNAStrings_DeserializesCorrectly","DoubleOrNAConverterTests::ReadJson_FourNAStrings_DeserializesCorrectly()",78,111
7,1,53,0,7,"NumberOrStringConverterTests::WhenCalculatedThresholdIsJsonString_DeserializesCorrectly@8-14@LogicMonitor.Api.Test\Converters\NumberOrStringConverterTests.cs","LogicMonitor.Api.Test\Converters\NumberOrStringConverterTests.cs","NumberOrStringConverterTests::WhenCalculatedThresholdIsJsonString_DeserializesCorrectly","WhenCalculatedThresholdIsJsonString_DeserializesCorrectly()",8,14
7,1,51,0,7,"NumberOrStringConverterTests::WhenCalculatedThresholdIsJsonInteger_DeserializesCorrectly@17-23@LogicMonitor.Api.Test\Converters\NumberOrStringConverterTests.cs","LogicMonitor.Api.Test\Converters\NumberOrStringConverterTests.cs","NumberOrStringConverterTests::WhenCalculatedThresholdIsJsonInteger_DeserializesCorrectly","WhenCalculatedThresholdIsJsonInteger_DeserializesCorrectly()",17,23
7,1,51,0,7,"NumberOrStringConverterTests::WhenCalculatedThresholdIsJsonFloat_DeserializesCorrectly@26-32@LogicMonitor.Api.Test\Converters\NumberOrStringConverterTests.cs","LogicMonitor.Api.Test\Converters\NumberOrStringConverterTests.cs","NumberOrStringConverterTests::WhenCalculatedThresholdIsJsonFloat_DeserializesCorrectly","WhenCalculatedThresholdIsJsonFloat_DeserializesCorrectly()",26,32
7,1,50,0,7,"NumberOrStringConverterTests::WhenCalculatedThresholdIsJsonNull_DeserializesCorrectly@35-41@LogicMonitor.Api.Test\Converters\NumberOrStringConverterTests.cs","LogicMonitor.Api.Test\Converters\NumberOrStringConverterTests.cs","NumberOrStringConverterTests::WhenCalculatedThresholdIsJsonNull_DeserializesCorrectly","WhenCalculatedThresholdIsJsonNull_DeserializesCorrectly()",35,41
9,1,91,0,11,"PolymorphicConverterMessageTests::Widget_WhenTypeIsAbsent_SaysTheFieldIsMissingRatherThanBlamingTheLibrary@23-33@LogicMonitor.Api.Test\Converters\PolymorphicConverterMessageTests.cs","LogicMonitor.Api.Test\Converters\PolymorphicConverterMessageTests.cs","PolymorphicConverterMessageTests::Widget_WhenTypeIsAbsent_SaysTheFieldIsMissingRatherThanBlamingTheLibrary","PolymorphicConverterMessageTests::Widget_WhenTypeIsAbsent_SaysTheFieldIsMissingRatherThanBlamingTheLibrary()",23,33
8,1,82,0,12,"PolymorphicConverterMessageTests::Widget_WhenTypeIsUnrecognised_StillAsksForTheLibraryToBeUpdated@36-47@LogicMonitor.Api.Test\Converters\PolymorphicConverterMessageTests.cs","LogicMonitor.Api.Test\Converters\PolymorphicConverterMessageTests.cs","PolymorphicConverterMessageTests::Widget_WhenTypeIsUnrecognised_StillAsksForTheLibraryToBeUpdated","PolymorphicConverterMessageTests::Widget_WhenTypeIsUnrecognised_StillAsksForTheLibraryToBeUpdated()",36,47
8,1,79,0,10,"PolymorphicConverterMessageTests::Report_WhenTypeIsAbsent_SaysTheFieldIsMissing@50-59@LogicMonitor.Api.Test\Converters\PolymorphicConverterMessageTests.cs","LogicMonitor.Api.Test\Converters\PolymorphicConverterMessageTests.cs","PolymorphicConverterMessageTests::Report_WhenTypeIsAbsent_SaysTheFieldIsMissing","PolymorphicConverterMessageTests::Report_WhenTypeIsAbsent_SaysTheFieldIsMissing()",50,59
7,1,62,0,10,"PolymorphicConverterMessageTests::Widget_WhenTypeIsPresent_DeserializesToTheConcreteSubtype@62-71@LogicMonitor.Api.Test\Converters\PolymorphicConverterMessageTests.cs","LogicMonitor.Api.Test\Converters\PolymorphicConverterMessageTests.cs","PolymorphicConverterMessageTests::Widget_WhenTypeIsPresent_DeserializesToTheConcreteSubtype","PolymorphicConverterMessageTests::Widget_WhenTypeIsPresent_DeserializesToTheConcreteSubtype()",62,71
4,1,13,0,4,"TolerantStringEnumConverterTests::new@10-13@LogicMonitor.Api.Test\Converters\TolerantStringEnumConverterTests.cs","LogicMonitor.Api.Test\Converters\TolerantStringEnumConverterTests.cs","TolerantStringEnumConverterTests::new","TolerantStringEnumConverterTests::new()",10,13
7,1,60,0,9,"TestContainer::ReadJson_PrimaryEnumMemberValue_DeserializesCorrectly@68-76@LogicMonitor.Api.Test\Converters\TolerantStringEnumConverterTests.cs","LogicMonitor.Api.Test\Converters\TolerantStringEnumConverterTests.cs","TestContainer::ReadJson_PrimaryEnumMemberValue_DeserializesCorrectly","TolerantStringEnumConverterTests::ReadJson_PrimaryEnumMemberValue_DeserializesCorrectly()",68,76
7,1,60,0,9,"TestContainer::ReadJson_AllAsPrimaryValue_DeserializesCorrectly@79-87@LogicMonitor.Api.Test\Converters\TolerantStringEnumConverterTests.cs","LogicMonitor.Api.Test\Converters\TolerantStringEnumConverterTests.cs","TestContainer::ReadJson_AllAsPrimaryValue_DeserializesCorrectly","TolerantStringEnumConverterTests::ReadJson_AllAsPrimaryValue_DeserializesCorrectly()",79,87
7,1,60,0,9,"TestContainer::ReadJson_PrimaryValueWithAliasAvailable_DeserializesCorrectly@94-102@LogicMonitor.Api.Test\Converters\TolerantStringEnumConverterTests.cs","LogicMonitor.Api.Test\Converters\TolerantStringEnumConverterTests.cs","TestContainer::ReadJson_PrimaryValueWithAliasAvailable_DeserializesCorrectly","TolerantStringEnumConverterTests::ReadJson_PrimaryValueWithAliasAvailable_DeserializesCorrectly()",94,102
7,1,60,0,9,"TestContainer::ReadJson_FirstAliasValue_DeserializesCorrectly@105-113@LogicMonitor.Api.Test\Converters\TolerantStringEnumConverterTests.cs","LogicMonitor.Api.Test\Converters\TolerantStringEnumConverterTests.cs","TestContainer::ReadJson_FirstAliasValue_DeserializesCorrectly","TolerantStringEnumConverterTests::ReadJson_FirstAliasValue_DeserializesCorrectly()",105,113
7,1,60,0,9,"TestContainer::ReadJson_SecondAliasValue_DeserializesCorrectly@116-124@LogicMonitor.Api.Test\Converters\TolerantStringEnumConverterTests.cs","LogicMonitor.Api.Test\Converters\TolerantStringEnumConverterTests.cs","TestContainer::ReadJson_SecondAliasValue_DeserializesCorrectly","TolerantStringEnumConverterTests::ReadJson_SecondAliasValue_DeserializesCorrectly()",116,124
10,2,88,0,15,"TestContainer::ReadJson_UnknownStringValue_InDebugThrowsNotImplementedException@131-145@LogicMonitor.Api.Test\Converters\TolerantStringEnumConverterTests.cs","LogicMonitor.Api.Test\Converters\TolerantStringEnumConverterTests.cs","TestContainer::ReadJson_UnknownStringValue_InDebugThrowsNotImplementedException","TolerantStringEnumConverterTests::ReadJson_UnknownStringValue_InDebugThrowsNotImplementedException()",131,145
10,2,88,0,15,"TestContainer::ReadJson_UnknownStringValueWithAllDefault_InDebugThrowsNotImplementedException@148-162@LogicMonitor.Api.Test\Converters\TolerantStringEnumConverterTests.cs","LogicMonitor.Api.Test\Converters\TolerantStringEnumConverterTests.cs","TestContainer::ReadJson_UnknownStringValueWithAllDefault_InDebugThrowsNotImplementedException","TolerantStringEnumConverterTests::ReadJson_UnknownStringValueWithAllDefault_InDebugThrowsNotImplementedException()",148,162
7,1,58,0,9,"TestContainer::ReadJson_ValidIntegerValue_DeserializesCorrectly@169-177@LogicMonitor.Api.Test\Converters\TolerantStringEnumConverterTests.cs","LogicMonitor.Api.Test\Converters\TolerantStringEnumConverterTests.cs","TestContainer::ReadJson_ValidIntegerValue_DeserializesCorrectly","TolerantStringEnumConverterTests::ReadJson_ValidIntegerValue_DeserializesCorrectly()",169,177
7,1,58,0,10,"TestContainer::ReadJson_InvalidIntegerValue_InDebugThrowsOrFallsBack@180-189@LogicMonitor.Api.Test\Converters\TolerantStringEnumConverterTests.cs","LogicMonitor.Api.Test\Converters\TolerantStringEnumConverterTests.cs","TestContainer::ReadJson_InvalidIntegerValue_InDebugThrowsOrFallsBack","TolerantStringEnumConverterTests::ReadJson_InvalidIntegerValue_InDebugThrowsOrFallsBack()",180,189
7,1,58,0,9,"TestContainer::ReadJson_NullableWithValue_DeserializesCorrectly@196-204@LogicMonitor.Api.Test\Converters\TolerantStringEnumConverterTests.cs","LogicMonitor.Api.Test\Converters\TolerantStringEnumConverterTests.cs","TestContainer::ReadJson_NullableWithValue_DeserializesCorrectly","TolerantStringEnumConverterTests::ReadJson_NullableWithValue_DeserializesCorrectly()",196,204
7,1,55,0,10,"TestContainer::ReadJson_NullableWithUnknownValue_ReturnsNull@207-216@LogicMonitor.Api.Test\Converters\TolerantStringEnumConverterTests.cs","LogicMonitor.Api.Test\Converters\TolerantStringEnumConverterTests.cs","TestContainer::ReadJson_NullableWithUnknownValue_ReturnsNull","TolerantStringEnumConverterTests::ReadJson_NullableWithUnknownValue_ReturnsNull()",207,216
7,1,62,0,9,"TestContainer::ReadJson_LogicModuleType_SnmpSysOidMapPrimaryValue_DeserializesCorrectly@223-231@LogicMonitor.Api.Test\Converters\TolerantStringEnumConverterTests.cs","LogicMonitor.Api.Test\Converters\TolerantStringEnumConverterTests.cs","TestContainer::ReadJson_LogicModuleType_SnmpSysOidMapPrimaryValue_DeserializesCorrectly","TolerantStringEnumConverterTests::ReadJson_LogicModuleType_SnmpSysOidMapPrimaryValue_DeserializesCorrectly()",223,231
7,1,60,0,9,"TestContainer::ReadJson_LogicModuleType_SnmpSysOidMapAliasValue_DeserializesCorrectly@234-242@LogicMonitor.Api.Test\Converters\TolerantStringEnumConverterTests.cs","LogicMonitor.Api.Test\Converters\TolerantStringEnumConverterTests.cs","TestContainer::ReadJson_LogicModuleType_SnmpSysOidMapAliasValue_DeserializesCorrectly","TolerantStringEnumConverterTests::ReadJson_LogicModuleType_SnmpSysOidMapAliasValue_DeserializesCorrectly()",234,242
7,1,60,0,9,"TestContainer::ReadJson_LogicModuleType_DataSource_DeserializesCorrectly@245-253@LogicMonitor.Api.Test\Converters\TolerantStringEnumConverterTests.cs","LogicMonitor.Api.Test\Converters\TolerantStringEnumConverterTests.cs","TestContainer::ReadJson_LogicModuleType_DataSource_DeserializesCorrectly","TolerantStringEnumConverterTests::ReadJson_LogicModuleType_DataSource_DeserializesCorrectly()",245,253
7,1,60,0,9,"TestContainer::ReadJson_LogicModuleType_DiagnosticSource_DeserializesCorrectly@256-264@LogicMonitor.Api.Test\Converters\TolerantStringEnumConverterTests.cs","LogicMonitor.Api.Test\Converters\TolerantStringEnumConverterTests.cs","TestContainer::ReadJson_LogicModuleType_DiagnosticSource_DeserializesCorrectly","TolerantStringEnumConverterTests::ReadJson_LogicModuleType_DiagnosticSource_DeserializesCorrectly()",256,264
10,2,88,0,15,"TestContainer::ReadJson_LogicModuleType_UnknownValue_InDebugThrowsNotImplementedException@268-282@LogicMonitor.Api.Test\Converters\TolerantStringEnumConverterTests.cs","LogicMonitor.Api.Test\Converters\TolerantStringEnumConverterTests.cs","TestContainer::ReadJson_LogicModuleType_UnknownValue_InDebugThrowsNotImplementedException","TolerantStringEnumConverterTests::ReadJson_LogicModuleType_UnknownValue_InDebugThrowsNotImplementedException()",268,282
7,1,55,0,12,"TestContainer::ReadJson_IntegrationMetadata_LogicModuleTypeSnmpSysOidMapAlias_DeserializesCorrectly@289-300@LogicMonitor.Api.Test\Converters\TolerantStringEnumConverterTests.cs","LogicMonitor.Api.Test\Converters\TolerantStringEnumConverterTests.cs","TestContainer::ReadJson_IntegrationMetadata_LogicModuleTypeSnmpSysOidMapAlias_DeserializesCorrectly","TolerantStringEnumConverterTests::ReadJson_IntegrationMetadata_LogicModuleTypeSnmpSysOidMapAlias_DeserializesCorrectly()",289,300
7,1,57,0,13,"TestContainer::ReadJson_IntegrationMetadata_LogicModuleTypeSnmpSysOidMapPrimaryValue_DeserializesCorrectly@303-315@LogicMonitor.Api.Test\Converters\TolerantStringEnumConverterTests.cs","LogicMonitor.Api.Test\Converters\TolerantStringEnumConverterTests.cs","TestContainer::ReadJson_IntegrationMetadata_LogicModuleTypeSnmpSysOidMapPrimaryValue_DeserializesCorrectly","TolerantStringEnumConverterTests::ReadJson_IntegrationMetadata_LogicModuleTypeSnmpSysOidMapPrimaryValue_DeserializesCorrectly()",303,315
7,1,55,0,9,"TestContainer::ReadJson_IntegrationMetadata_LogicModuleTypePrimaryValue_DeserializesCorrectly@318-326@LogicMonitor.Api.Test\Converters\TolerantStringEnumConverterTests.cs","LogicMonitor.Api.Test\Converters\TolerantStringEnumConverterTests.cs","TestContainer::ReadJson_IntegrationMetadata_LogicModuleTypePrimaryValue_DeserializesCorrectly","TolerantStringEnumConverterTests::ReadJson_IntegrationMetadata_LogicModuleTypePrimaryValue_DeserializesCorrectly()",318,326
7,1,60,0,9,"TestContainer::ReadJson_CollectionMethod_KnownValue_DeserializesCorrectly@333-341@LogicMonitor.Api.Test\Converters\TolerantStringEnumConverterTests.cs","LogicMonitor.Api.Test\Converters\TolerantStringEnumConverterTests.cs","TestContainer::ReadJson_CollectionMethod_KnownValue_DeserializesCorrectly","TolerantStringEnumConverterTests::ReadJson_CollectionMethod_KnownValue_DeserializesCorrectly()",333,341
7,1,60,0,9,"TestContainer::ReadJson_CollectionMethod_AwsCloudWatch_DeserializesCorrectly@344-352@LogicMonitor.Api.Test\Converters\TolerantStringEnumConverterTests.cs","LogicMonitor.Api.Test\Converters\TolerantStringEnumConverterTests.cs","TestContainer::ReadJson_CollectionMethod_AwsCloudWatch_DeserializesCorrectly","TolerantStringEnumConverterTests::ReadJson_CollectionMethod_AwsCloudWatch_DeserializesCorrectly()",344,352
7,1,58,0,9,"TestContainer::ReadJson_CollectionMethod_IntegerValue_DeserializesCorrectly@355-363@LogicMonitor.Api.Test\Converters\TolerantStringEnumConverterTests.cs","LogicMonitor.Api.Test\Converters\TolerantStringEnumConverterTests.cs","TestContainer::ReadJson_CollectionMethod_IntegerValue_DeserializesCorrectly","TolerantStringEnumConverterTests::ReadJson_CollectionMethod_IntegerValue_DeserializesCorrectly()",355,363
7,1,60,0,9,"TestContainer::ReadJson_ZoomPlanUsageType_PlanBase_DeserializesCorrectly@370-378@LogicMonitor.Api.Test\Converters\TolerantStringEnumConverterTests.cs","LogicMonitor.Api.Test\Converters\TolerantStringEnumConverterTests.cs","TestContainer::ReadJson_ZoomPlanUsageType_PlanBase_DeserializesCorrectly","TolerantStringEnumConverterTests::ReadJson_ZoomPlanUsageType_PlanBase_DeserializesCorrectly()",370,378
7,1,60,0,9,"TestContainer::ReadJson_ZoomPlanUsageType_PlanWebinar_DeserializesCorrectly@381-389@LogicMonitor.Api.Test\Converters\TolerantStringEnumConverterTests.cs","LogicMonitor.Api.Test\Converters\TolerantStringEnumConverterTests.cs","TestContainer::ReadJson_ZoomPlanUsageType_PlanWebinar_DeserializesCorrectly","TolerantStringEnumConverterTests::ReadJson_ZoomPlanUsageType_PlanWebinar_DeserializesCorrectly()",381,389
7,1,60,0,9,"TestContainer::ReadJson_ResourceGroupType_Normal_DeserializesCorrectly@396-404@LogicMonitor.Api.Test\Converters\TolerantStringEnumConverterTests.cs","LogicMonitor.Api.Test\Converters\TolerantStringEnumConverterTests.cs","TestContainer::ReadJson_ResourceGroupType_Normal_DeserializesCorrectly","TolerantStringEnumConverterTests::ReadJson_ResourceGroupType_Normal_DeserializesCorrectly()",396,404
7,1,60,0,10,"TestContainer::ReadJson_ResourceGroupType_IntegerAsString_DeserializesCorrectly@407-416@LogicMonitor.Api.Test\Converters\TolerantStringEnumConverterTests.cs","LogicMonitor.Api.Test\Converters\TolerantStringEnumConverterTests.cs","TestContainer::ReadJson_ResourceGroupType_IntegerAsString_DeserializesCorrectly","TolerantStringEnumConverterTests::ReadJson_ResourceGroupType_IntegerAsString_DeserializesCorrectly()",407,416
7,1,62,0,9,"TestContainer::ReadJson_ResourceGroupType_AwsStepFunctions_DeserializesCorrectly@419-427@LogicMonitor.Api.Test\Converters\TolerantStringEnumConverterTests.cs","LogicMonitor.Api.Test\Converters\TolerantStringEnumConverterTests.cs","TestContainer::ReadJson_ResourceGroupType_AwsStepFunctions_DeserializesCorrectly","TolerantStringEnumConverterTests::ReadJson_ResourceGroupType_AwsStepFunctions_DeserializesCorrectly()",419,427
20,1,125,0,22,"AdvancedMetricsWidgetTests::AdvancedMetricsWidget_Deserializes_FromJson@18-39@LogicMonitor.Api.Test\Dashboards\AdvancedMetricsWidgetTests.cs","LogicMonitor.Api.Test\Dashboards\AdvancedMetricsWidgetTests.cs","AdvancedMetricsWidgetTests::AdvancedMetricsWidget_Deserializes_FromJson","AdvancedMetricsWidget_Deserializes_FromJson()",18,39
14,1,59,0,17,"AdvancedMetricsWidgetTests::AdvancedMetricsWidget_TypeString_IsCaseInsensitive@42-58@LogicMonitor.Api.Test\Dashboards\AdvancedMetricsWidgetTests.cs","LogicMonitor.Api.Test\Dashboards\AdvancedMetricsWidgetTests.cs","AdvancedMetricsWidgetTests::AdvancedMetricsWidget_TypeString_IsCaseInsensitive","AdvancedMetricsWidget_TypeString_IsCaseInsensitive()",42,58
5,1,29,0,5,"AdvancedMetricsWidgetTests::AdvancedMetricsWidgetCreationDto_Type_IsCorrect@61-65@LogicMonitor.Api.Test\Dashboards\AdvancedMetricsWidgetTests.cs","LogicMonitor.Api.Test\Dashboards\AdvancedMetricsWidgetTests.cs","AdvancedMetricsWidgetTests::AdvancedMetricsWidgetCreationDto_Type_IsCorrect","AdvancedMetricsWidgetCreationDto_Type_IsCorrect()",61,65
49,4,322,0,62,"AdvancedMetricsWidgetTests::CrudAdvancedMetricsWidget_Succeeds@70-131@LogicMonitor.Api.Test\Dashboards\AdvancedMetricsWidgetTests.cs","LogicMonitor.Api.Test\Dashboards\AdvancedMetricsWidgetTests.cs","AdvancedMetricsWidgetTests::CrudAdvancedMetricsWidget_Succeeds","CrudAdvancedMetricsWidget_Succeeds()",70,131
15,1,78,0,22,"AdvancedMetricsWidgetTests::GetAllWidgets_ContainsAdvancedMetricsWidget_WhenPresentOnDashboard@134-155@LogicMonitor.Api.Test\Dashboards\AdvancedMetricsWidgetTests.cs","LogicMonitor.Api.Test\Dashboards\AdvancedMetricsWidgetTests.cs","AdvancedMetricsWidgetTests::GetAllWidgets_ContainsAdvancedMetricsWidget_WhenPresentOnDashboard","GetAllWidgets_ContainsAdvancedMetricsWidget_WhenPresentOnDashboard()",134,155
37,3,159,0,45,"DashboardGroupTests::CreateDashboardGroup_Succeeds@8-52@LogicMonitor.Api.Test\Dashboards\DashboardGroupTests.cs","LogicMonitor.Api.Test\Dashboards\DashboardGroupTests.cs","DashboardGroupTests::CreateDashboardGroup_Succeeds","CreateDashboardGroup_Succeeds()",8,52
10,1,64,0,12,"DashboardGroupTests::GetDashboardGroupByFullPath@55-66@LogicMonitor.Api.Test\Dashboards\DashboardGroupTests.cs","LogicMonitor.Api.Test\Dashboards\DashboardGroupTests.cs","DashboardGroupTests::GetDashboardGroupByFullPath","GetDashboardGroupByFullPath()",55,66
9,1,59,0,11,"DashboardGroupTests::GetChildDashboardGroups@69-79@LogicMonitor.Api.Test\Dashboards\DashboardGroupTests.cs","LogicMonitor.Api.Test\Dashboards\DashboardGroupTests.cs","DashboardGroupTests::GetChildDashboardGroups","GetChildDashboardGroups()",69,79
9,1,59,0,11,"DashboardGroupTests::GetChildDashboards@82-92@LogicMonitor.Api.Test\Dashboards\DashboardGroupTests.cs","LogicMonitor.Api.Test\Dashboards\DashboardGroupTests.cs","DashboardGroupTests::GetChildDashboards","GetChildDashboards()",82,92
9,1,34,0,9,"DashboardLifecycleTests::InitializeAsync@14-22@LogicMonitor.Api.Test\Dashboards\DashboardLifecycleTests.cs","LogicMonitor.Api.Test\Dashboards\DashboardLifecycleTests.cs","DashboardLifecycleTests::InitializeAsync","InitializeAsync()",14,22
8,2,38,0,9,"DashboardLifecycleTests::DisposeAsync@24-32@LogicMonitor.Api.Test\Dashboards\DashboardLifecycleTests.cs","LogicMonitor.Api.Test\Dashboards\DashboardLifecycleTests.cs","DashboardLifecycleTests::DisposeAsync","DisposeAsync()",24,32
32,1,365,0,32,"DashboardLifecycleTests::GetAllWidgetTypes@38-69@LogicMonitor.Api.Test\Dashboards\DashboardLifecycleTests.cs","LogicMonitor.Api.Test\Dashboards\DashboardLifecycleTests.cs","DashboardLifecycleTests::GetAllWidgetTypes","GetAllWidgetTypes()",38,69
6,1,8,0,97,"*global*@0-96@LogicMonitor.Api.Test\Dashboards\DashboardLifecycleTests.cs","LogicMonitor.Api.Test\Dashboards\DashboardLifecycleTests.cs","*global*","*global*",0,96
21,3,130,2,23,"DashboardLifecycleTests::WidgetLifecycle_CreateDelete_Succeeds@73-95@LogicMonitor.Api.Test\Dashboards\DashboardLifecycleTests.cs","LogicMonitor.Api.Test\Dashboards\DashboardLifecycleTests.cs","DashboardLifecycleTests::WidgetLifecycle_CreateDelete_Succeeds","WidgetLifecycle_CreateDelete_Succeeds( string typeKey , Widget widget)",73,95
18,2,105,0,27,"DashboardTests::Clone@8-34@LogicMonitor.Api.Test\Dashboards\DashboardTests.cs","LogicMonitor.Api.Test\Dashboards\DashboardTests.cs","DashboardTests::Clone","Clone()",8,34
172,2,2484,0,203,"DashboardTests::Get@37-239@LogicMonitor.Api.Test\Dashboards\DashboardTests.cs","LogicMonitor.Api.Test\Dashboards\DashboardTests.cs","DashboardTests::Get","Get()",37,239
7,1,52,0,11,"DashboardTests::GetDashboardsNoWidgets@242-252@LogicMonitor.Api.Test\Dashboards\DashboardTests.cs","LogicMonitor.Api.Test\Dashboards\DashboardTests.cs","DashboardTests::GetDashboardsNoWidgets","GetDashboardsNoWidgets()",242,252
7,1,52,0,11,"DashboardTests::GetDashboardsWithWidgets@255-265@LogicMonitor.Api.Test\Dashboards\DashboardTests.cs","LogicMonitor.Api.Test\Dashboards\DashboardTests.cs","DashboardTests::GetDashboardsWithWidgets","GetDashboardsWithWidgets()",255,265
50,5,235,0,60,"DashboardTests::CreateAndDeleteDashboard@268-327@LogicMonitor.Api.Test\Dashboards\DashboardTests.cs","LogicMonitor.Api.Test\Dashboards\DashboardTests.cs","DashboardTests::CreateAndDeleteDashboard","CreateAndDeleteDashboard()",268,327
9,1,71,0,12,"WidgetTests::GetBigNumberWidgetData_Succeeds@8-19@LogicMonitor.Api.Test\Dashboards\WidgetTests.cs","LogicMonitor.Api.Test\Dashboards\WidgetTests.cs","WidgetTests::GetBigNumberWidgetData_Succeeds","GetBigNumberWidgetData_Succeeds()",8,19
14,1,127,0,18,"WidgetTests::GetSlaWidgetData_Succeeds@22-39@LogicMonitor.Api.Test\Dashboards\WidgetTests.cs","LogicMonitor.Api.Test\Dashboards\WidgetTests.cs","WidgetTests::GetSlaWidgetData_Succeeds","GetSlaWidgetData_Succeeds()",22,39
7,1,42,0,10,"WidgetTests::GetWidgets@42-51@LogicMonitor.Api.Test\Dashboards\WidgetTests.cs","LogicMonitor.Api.Test\Dashboards\WidgetTests.cs","WidgetTests::GetWidgets","GetWidgets()",42,51
8,1,61,0,10,"WidgetTests::GetWidgetById@54-63@LogicMonitor.Api.Test\Dashboards\WidgetTests.cs","LogicMonitor.Api.Test\Dashboards\WidgetTests.cs","WidgetTests::GetWidgetById","GetWidgetById()",54,63
8,1,56,0,10,"WidgetTests::GetWidgetDataById@66-75@LogicMonitor.Api.Test\Dashboards\WidgetTests.cs","LogicMonitor.Api.Test\Dashboards\WidgetTests.cs","WidgetTests::GetWidgetDataById","GetWidgetDataById()",66,75
42,1,209,0,49,"WidgetTests::SaveWidget@78-126@LogicMonitor.Api.Test\Dashboards\WidgetTests.cs","LogicMonitor.Api.Test\Dashboards\WidgetTests.cs","WidgetTests::SaveWidget","SaveWidget()",78,126
32,2,187,0,37,"DataTests::GetForecastGraphData@9-45@LogicMonitor.Api.Test\Data\DataTests.cs","LogicMonitor.Api.Test\Data\DataTests.cs","DataTests::GetForecastGraphData","GetForecastGraphData()",9,45
39,3,306,0,41,"DataTests::GetOverviewGraphData@49-89@LogicMonitor.Api.Test\Data\DataTests.cs","LogicMonitor.Api.Test\Data\DataTests.cs","DataTests::GetOverviewGraphData","GetOverviewGraphData()",49,89
13,1,92,0,13,"DataTests::GetNetflowGraphData@95-107@LogicMonitor.Api.Test\Data\DataTests.cs","LogicMonitor.Api.Test\Data\DataTests.cs","DataTests::GetNetflowGraphData","GetNetflowGraphData()",95,107
15,1,120,0,23,"DataTests::GetNetflowGraphDataForDeviceGroup@113-135@LogicMonitor.Api.Test\Data\DataTests.cs","LogicMonitor.Api.Test\Data\DataTests.cs","DataTests::GetNetflowGraphDataForDeviceGroup","GetNetflowGraphDataForDeviceGroup()",113,135
31,3,214,0,33,"DataTests::GetGraphData_X250@138-170@LogicMonitor.Api.Test\Data\DataTests.cs","LogicMonitor.Api.Test\Data\DataTests.cs","DataTests::GetGraphData_X250","GetGraphData_X250()",138,170
39,3,308,0,50,"DataTests::GetGraphData@173-222@LogicMonitor.Api.Test\Data\DataTests.cs","LogicMonitor.Api.Test\Data\DataTests.cs","DataTests::GetGraphData","GetGraphData()",173,222
32,3,234,0,40,"DataTests::GetGraphDataWithoutFakeData@226-265@LogicMonitor.Api.Test\Data\DataTests.cs","LogicMonitor.Api.Test\Data\DataTests.cs","DataTests::GetGraphDataWithoutFakeData","GetGraphDataWithoutFakeData()",226,265
32,3,247,0,41,"DataTests::GetGraphData_OneMonth_ShouldHaveHourlyResolution@269-309@LogicMonitor.Api.Test\Data\DataTests.cs","LogicMonitor.Api.Test\Data\DataTests.cs","DataTests::GetGraphData_OneMonth_ShouldHaveHourlyResolution","GetGraphData_OneMonth_ShouldHaveHourlyResolution()",269,309
50,3,369,2,60,"DataTests::GetGraphData_VariousTimePeriods_ShouldHaveExpectedResolution@328-387@LogicMonitor.Api.Test\Data\DataTests.cs","LogicMonitor.Api.Test\Data\DataTests.cs","DataTests::GetGraphData_VariousTimePeriods_ShouldHaveExpectedResolution","GetGraphData_VariousTimePeriods_ShouldHaveExpectedResolution( TimePeriod timePeriod , int expectedStepSeconds)",328,387
50,4,448,0,69,"DataTests::GetGraphData_OneMonth_Zoom_ShouldVerifyActualIntervals@390-458@LogicMonitor.Api.Test\Data\DataTests.cs","LogicMonitor.Api.Test\Data\DataTests.cs","DataTests::GetGraphData_OneMonth_Zoom_ShouldVerifyActualIntervals","GetGraphData_OneMonth_Zoom_ShouldVerifyActualIntervals()",390,458
26,2,194,0,28,"DataTests::GetWidgetGraphData@461-488@LogicMonitor.Api.Test\Data\DataTests.cs","LogicMonitor.Api.Test\Data\DataTests.cs","DataTests::GetWidgetGraphData","GetWidgetGraphData()",461,488
27,2,153,0,29,"DataTests::GetDeviceDataSourceInstances@491-519@LogicMonitor.Api.Test\Data\DataTests.cs","LogicMonitor.Api.Test\Data\DataTests.cs","DataTests::GetDeviceDataSourceInstances","GetDeviceDataSourceInstances()",491,519
10,1,73,0,12,"DataTests::GetDataSourceUpdateReasons@522-533@LogicMonitor.Api.Test\Data\DataTests.cs","LogicMonitor.Api.Test\Data\DataTests.cs","DataTests::GetDataSourceUpdateReasons","GetDataSourceUpdateReasons()",522,533
43,3,302,2,55,"DataTests::GetGraphData_ZoomBoundaryDiscovery_FindExactTransitionPoints@558-612@LogicMonitor.Api.Test\Data\DataTests.cs","LogicMonitor.Api.Test\Data\DataTests.cs","DataTests::GetGraphData_ZoomBoundaryDiscovery_FindExactTransitionPoints","GetGraphData_ZoomBoundaryDiscovery_FindExactTransitionPoints( int daysBack , string description)",558,612
44,4,304,2,59,"DataTests::GetGraphData_ZoomWithGraphIdNegativeOne_ShouldMatchSpecificGraphbehaviour@626-684@LogicMonitor.Api.Test\Data\DataTests.cs","LogicMonitor.Api.Test\Data\DataTests.cs","DataTests::GetGraphData_ZoomWithGraphIdNegativeOne_ShouldMatchSpecificGraphbehaviour","GetGraphData_ZoomWithGraphIdNegativeOne_ShouldMatchSpecificGraphbehaviour( int daysBack , string description)",626,684
48,4,401,2,62,"DataTests::GetGraphData_ZoomWithVariousDateRanges_ShouldAdaptAggregation@704-765@LogicMonitor.Api.Test\Data\DataTests.cs","LogicMonitor.Api.Test\Data\DataTests.cs","DataTests::GetGraphData_ZoomWithVariousDateRanges_ShouldAdaptAggregation","GetGraphData_ZoomWithVariousDateRanges_ShouldAdaptAggregation( int daysBack , string description)",704,765
85,5,537,0,100,"DataTests::DiagnosticTest_DiscoverActualStepValuesForAllTimePeriods@773-872@LogicMonitor.Api.Test\Data\DataTests.cs","LogicMonitor.Api.Test\Data\DataTests.cs","DataTests::DiagnosticTest_DiscoverActualStepValuesForAllTimePeriods","DiagnosticTest_DiscoverActualStepValuesForAllTimePeriods()",773,872
16,4,47,1,19,"DataTests::FormatDuration@874-892@LogicMonitor.Api.Test\Data\DataTests.cs","LogicMonitor.Api.Test\Data\DataTests.cs","DataTests::FormatDuration","FormatDuration( double seconds)",874,892
6,1,46,0,7,"LineTests::CheckLineColor@8-14@LogicMonitor.Api.Test\Data\LineTests.cs","LogicMonitor.Api.Test\Data\LineTests.cs","LineTests::CheckLineColor","LineTests::CheckLineColor()",8,14
14,2,116,0,15,"RawDataTests::GetRawData@6-20@LogicMonitor.Api.Test\Data\RawDataTests.cs","LogicMonitor.Api.Test\Data\RawDataTests.cs","RawDataTests::GetRawData","GetRawData()",6,20
70,3,402,0,80,"RawDataTests::GetWebsiteCheckpointRawData@23-102@LogicMonitor.Api.Test\Data\RawDataTests.cs","LogicMonitor.Api.Test\Data\RawDataTests.cs","RawDataTests::GetWebsiteCheckpointRawData","GetWebsiteCheckpointRawData()",23,102
22,2,188,0,24,"RawDataTests::GetRawDataTimeConstrained@105-128@LogicMonitor.Api.Test\Data\RawDataTests.cs","LogicMonitor.Api.Test\Data\RawDataTests.cs","RawDataTests::GetRawDataTimeConstrained","GetRawDataTimeConstrained()",105,128
17,2,138,0,19,"RawDataTests::PollNow@131-149@LogicMonitor.Api.Test\Data\RawDataTests.cs","LogicMonitor.Api.Test\Data\RawDataTests.cs","RawDataTests::PollNow","PollNow()",131,149
29,2,208,0,34,"RawDataTests::FetchInstanceData@152-185@LogicMonitor.Api.Test\Data\RawDataTests.cs","LogicMonitor.Api.Test\Data\RawDataTests.cs","RawDataTests::FetchInstanceData","FetchInstanceData()",152,185
12,1,55,0,12,"AuditEventTests::Create_DeviceFailure_Success@9-20@LogicMonitor.Api.Test\EventLogs\AuditEventTests.cs","LogicMonitor.Api.Test\EventLogs\AuditEventTests.cs","AuditEventTests::Create_DeviceFailure_Success","Create_DeviceFailure_Success()",9,20
178,1,354,0,1767,"*global*@0-1766@LogicMonitor.Api.Test\EventLogs\AuditEventTests.cs","LogicMonitor.Api.Test\EventLogs\AuditEventTests.cs","*global*","*global*)",0,1766
12,1,55,0,12,"AuditEventTests::Update_DeviceDataSourceInstance_Disappeared_Success@24-35@LogicMonitor.Api.Test\EventLogs\AuditEventTests.cs","LogicMonitor.Api.Test\EventLogs\AuditEventTests.cs","AuditEventTests::Update_DeviceDataSourceInstance_Disappeared_Success","Update_DeviceDataSourceInstance_Disappeared_Success()",24,35
178,1,354,0,1767,"*global*@0-1766@LogicMonitor.Api.Test\EventLogs\AuditEventTests.cs","LogicMonitor.Api.Test\EventLogs\AuditEventTests.cs","*global*","*global*)",0,1766
15,1,69,0,15,"AuditEventTests::Update_DeviceDataSourceInstance_Changed_Success@39-53@LogicMonitor.Api.Test\EventLogs\AuditEventTests.cs","LogicMonitor.Api.Test\EventLogs\AuditEventTests.cs","AuditEventTests::Update_DeviceDataSourceInstance_Changed_Success","Update_DeviceDataSourceInstance_Changed_Success()",39,53
178,1,354,0,1767,"*global*@0-1766@LogicMonitor.Api.Test\EventLogs\AuditEventTests.cs","LogicMonitor.Api.Test\EventLogs\AuditEventTests.cs","*global*","*global*)",0,1766
22,1,81,7,22,"AuditEventTests::Update_Device_Success@82-103@LogicMonitor.Api.Test\EventLogs\AuditEventTests.cs","LogicMonitor.Api.Test\EventLogs\AuditEventTests.cs","AuditEventTests::Update_Device_Success","Update_Device_Success( string message , int expectedRegexId , int expectedResourceId , string expectedResourceName , int ? expectedCollectorId , string ? expectedCollectorName , string ? expectedTokenId)",82,103
178,1,354,0,1767,"*global*@0-1766@LogicMonitor.Api.Test\EventLogs\AuditEventTests.cs","LogicMonitor.Api.Test\EventLogs\AuditEventTests.cs","*global*","*global*)",0,1766
17,1,81,0,17,"AuditEventTests::Update_DeviceDataSourceInstance_New_Success@107-123@LogicMonitor.Api.Test\EventLogs\AuditEventTests.cs","LogicMonitor.Api.Test\EventLogs\AuditEventTests.cs","AuditEventTests::Update_DeviceDataSourceInstance_New_Success","Update_DeviceDataSourceInstance_New_Success()",107,123
178,1,354,0,1767,"*global*@0-1766@LogicMonitor.Api.Test\EventLogs\AuditEventTests.cs","LogicMonitor.Api.Test\EventLogs\AuditEventTests.cs","*global*","*global*)",0,1766
17,1,79,0,17,"AuditEventTests::Update_DeviceDataSourceInstance_Disappeared2_Success@127-143@LogicMonitor.Api.Test\EventLogs\AuditEventTests.cs","LogicMonitor.Api.Test\EventLogs\AuditEventTests.cs","AuditEventTests::Update_DeviceDataSourceInstance_Disappeared2_Success","Update_DeviceDataSourceInstance_Disappeared2_Success()",127,143
178,1,354,0,1767,"*global*@0-1766@LogicMonitor.Api.Test\EventLogs\AuditEventTests.cs","LogicMonitor.Api.Test\EventLogs\AuditEventTests.cs","*global*","*global*)",0,1766
19,1,97,0,19,"AuditEventTests::Update_DeviceDataSourceInstance_NewAndDisappeared_Success@147-165@LogicMonitor.Api.Test\EventLogs\AuditEventTests.cs","LogicMonitor.Api.Test\EventLogs\AuditEventTests.cs","AuditEventTests::Update_DeviceDataSourceInstance_NewAndDisappeared_Success","Update_DeviceDataSourceInstance_NewAndDisappeared_Success()",147,165
178,1,354,0,1767,"*global*@0-1766@LogicMonitor.Api.Test\EventLogs\AuditEventTests.cs","LogicMonitor.Api.Test\EventLogs\AuditEventTests.cs","*global*","*global*)",0,1766
19,1,102,0,19,"AuditEventTests::Update_DeviceDataSourceInstance_NewAndDisappeared2_Success@169-187@LogicMonitor.Api.Test\EventLogs\AuditEventTests.cs","LogicMonitor.Api.Test\EventLogs\AuditEventTests.cs","AuditEventTests::Update_DeviceDataSourceInstance_NewAndDisappeared2_Success","Update_DeviceDataSourceInstance_NewAndDisappeared2_Success()",169,187
178,1,354,0,1767,"*global*@0-1766@LogicMonitor.Api.Test\EventLogs\AuditEventTests.cs","LogicMonitor.Api.Test\EventLogs\AuditEventTests.cs","*global*","*global*)",0,1766
12,1,42,0,12,"AuditEventTests::Update_DeviceGroup_NothingChanged_Success@191-202@LogicMonitor.Api.Test\EventLogs\AuditEventTests.cs","LogicMonitor.Api.Test\EventLogs\AuditEventTests.cs","AuditEventTests::Update_DeviceGroup_NothingChanged_Success","Update_DeviceGroup_NothingChanged_Success()",191,202
178,1,354,0,1767,"*global*@0-1766@LogicMonitor.Api.Test\EventLogs\AuditEventTests.cs","LogicMonitor.Api.Test\EventLogs\AuditEventTests.cs","*global*","*global*)",0,1766
13,1,46,0,13,"AuditEventTests::Added_DeviceGroup_Success@206-218@LogicMonitor.Api.Test\EventLogs\AuditEventTests.cs","LogicMonitor.Api.Test\EventLogs\AuditEventTests.cs","AuditEventTests::Added_DeviceGroup_Success","Added_DeviceGroup_Success()",206,218
178,1,354,0,1767,"*global*@0-1766@LogicMonitor.Api.Test\EventLogs\AuditEventTests.cs","LogicMonitor.Api.Test\EventLogs\AuditEventTests.cs","*global*","*global*)",0,1766
14,1,71,0,14,"AuditEventTests::Added_DataSource_Success@223-236@LogicMonitor.Api.Test\EventLogs\AuditEventTests.cs","LogicMonitor.Api.Test\EventLogs\AuditEventTests.cs","AuditEventTests::Added_DataSource_Success","Added_DataSource_Success()",223,236
178,1,354,0,1767,"*global*@0-1766@LogicMonitor.Api.Test\EventLogs\AuditEventTests.cs","LogicMonitor.Api.Test\EventLogs\AuditEventTests.cs","*global*","*global*)",0,1766
14,1,53,0,14,"AuditEventTests::Added_ResourceProperty_Success@241-254@LogicMonitor.Api.Test\EventLogs\AuditEventTests.cs","LogicMonitor.Api.Test\EventLogs\AuditEventTests.cs","AuditEventTests::Added_ResourceProperty_Success","Added_ResourceProperty_Success()",241,254
178,1,354,0,1767,"*global*@0-1766@LogicMonitor.Api.Test\EventLogs\AuditEventTests.cs","LogicMonitor.Api.Test\EventLogs\AuditEventTests.cs","*global*","*global*)",0,1766
12,1,69,0,12,"AuditEventTests::HostGroups_Success@258-269@LogicMonitor.Api.Test\EventLogs\AuditEventTests.cs","LogicMonitor.Api.Test\EventLogs\AuditEventTests.cs","AuditEventTests::HostGroups_Success","HostGroups_Success()",258,269
178,1,354,0,1767,"*global*@0-1766@LogicMonitor.Api.Test\EventLogs\AuditEventTests.cs","LogicMonitor.Api.Test\EventLogs\AuditEventTests.cs","*global*","*global*)",0,1766
73,7,519,0,73,"AuditEventTests::HostGroupsWithUnicodeCloseBracketAfterHostName_Success@273-345@LogicMonitor.Api.Test\EventLogs\AuditEventTests.cs","LogicMonitor.Api.Test\EventLogs\AuditEventTests.cs","AuditEventTests::HostGroupsWithUnicodeCloseBracketAfterHostName_Success","HostGroupsWithUnicodeCloseBracketAfterHostName_Success()",273,345
12,1,48,8,12,"AuditEventTests::Google@345-356@LogicMonitor.Api.Test\EventLogs\AuditEventTests.cs","LogicMonitor.Api.Test\EventLogs\AuditEventTests.cs","AuditEventTests::Google","Google( https : new() { MatchedRegExId = 20 , ResourceNames = [ 'LM Push Server' ] , LogicModuleName = 'HTTP per Page-' , InstanceName = 'Google' , WildValue = 'https://google.com' , ActionType = AuditEventActionType . Create , EntityType = AuditEventEntityType . ResourceDataSourceInstance , OutcomeType = AuditEventOutcomeType . Success }",345,356
11,1,39,0,11,"AuditEventTests::SAMLLogin_Success@360-370@LogicMonitor.Api.Test\EventLogs\AuditEventTests.cs","LogicMonitor.Api.Test\EventLogs\AuditEventTests.cs","AuditEventTests::SAMLLogin_Success","SAMLLogin_Success()",360,370
178,1,354,0,1767,"*global*@0-1766@LogicMonitor.Api.Test\EventLogs\AuditEventTests.cs","LogicMonitor.Api.Test\EventLogs\AuditEventTests.cs","*global*","*global*)",0,1766
12,1,41,0,12,"AuditEventTests::FailedApiRequest_Failure@374-385@LogicMonitor.Api.Test\EventLogs\AuditEventTests.cs","LogicMonitor.Api.Test\EventLogs\AuditEventTests.cs","AuditEventTests::FailedApiRequest_Failure","FailedApiRequest_Failure()",374,385
178,1,354,0,1767,"*global*@0-1766@LogicMonitor.Api.Test\EventLogs\AuditEventTests.cs","LogicMonitor.Api.Test\EventLogs\AuditEventTests.cs","*global*","*global*)",0,1766
18,1,51,0,18,"AuditEventTests::DeleteAwsHostsMultiple_Success@389-406@LogicMonitor.Api.Test\EventLogs\AuditEventTests.cs","LogicMonitor.Api.Test\EventLogs\AuditEventTests.cs","AuditEventTests::DeleteAwsHostsMultiple_Success","DeleteAwsHostsMultiple_Success()",389,406
178,1,354,0,1767,"*global*@0-1766@LogicMonitor.Api.Test\EventLogs\AuditEventTests.cs","LogicMonitor.Api.Test\EventLogs\AuditEventTests.cs","*global*","*global*)",0,1766
16,1,54,4,16,"AuditEventTests::Login_Success@412-427@LogicMonitor.Api.Test\EventLogs\AuditEventTests.cs","LogicMonitor.Api.Test\EventLogs\AuditEventTests.cs","AuditEventTests::Login_Success","Login_Success( string logItemMessage , string expectedUsername , int ? expectedId , int expectedMatchedRegExId)",412,427
178,1,354,0,1767,"*global*@0-1766@LogicMonitor.Api.Test\EventLogs\AuditEventTests.cs","LogicMonitor.Api.Test\EventLogs\AuditEventTests.cs","*global*","*global*)",0,1766
16,1,54,4,16,"AuditEventTests::Logout_Success@432-447@LogicMonitor.Api.Test\EventLogs\AuditEventTests.cs","LogicMonitor.Api.Test\EventLogs\AuditEventTests.cs","AuditEventTests::Logout_Success","Logout_Success( string logItemMessage , string expectedUsername , int ? expectedId , int expectedMatchedRegExId)",432,447
178,1,354,0,1767,"*global*@0-1766@LogicMonitor.Api.Test\EventLogs\AuditEventTests.cs","LogicMonitor.Api.Test\EventLogs\AuditEventTests.cs","*global*","*global*)",0,1766
11,1,39,0,11,"AuditEventTests::AddNewAccountAdmin_Success@451-461@LogicMonitor.Api.Test\EventLogs\AuditEventTests.cs","LogicMonitor.Api.Test\EventLogs\AuditEventTests.cs","AuditEventTests::AddNewAccountAdmin_Success","AddNewAccountAdmin_Success()",451,461
178,1,354,0,1767,"*global*@0-1766@LogicMonitor.Api.Test\EventLogs\AuditEventTests.cs","LogicMonitor.Api.Test\EventLogs\AuditEventTests.cs","*global*","*global*)",0,1766
11,1,39,0,11,"AuditEventTests::AddApiTokenForApiTokenUser_Success@465-475@LogicMonitor.Api.Test\EventLogs\AuditEventTests.cs","LogicMonitor.Api.Test\EventLogs\AuditEventTests.cs","AuditEventTests::AddApiTokenForApiTokenUser_Success","AddApiTokenForApiTokenUser_Success()",465,475
178,1,354,0,1767,"*global*@0-1766@LogicMonitor.Api.Test\EventLogs\AuditEventTests.cs","LogicMonitor.Api.Test\EventLogs\AuditEventTests.cs","*global*","*global*)",0,1766
12,1,43,0,12,"AuditEventTests::AddWidgetToDashboard_Success@479-490@LogicMonitor.Api.Test\EventLogs\AuditEventTests.cs","LogicMonitor.Api.Test\EventLogs\AuditEventTests.cs","AuditEventTests::AddWidgetToDashboard_Success","AddWidgetToDashboard_Success()",479,490
178,1,354,0,1767,"*global*@0-1766@LogicMonitor.Api.Test\EventLogs\AuditEventTests.cs","LogicMonitor.Api.Test\EventLogs\AuditEventTests.cs","*global*","*global*)",0,1766
11,1,39,0,11,"AuditEventTests::EditDashboard_Success@494-504@LogicMonitor.Api.Test\EventLogs\AuditEventTests.cs","LogicMonitor.Api.Test\EventLogs\AuditEventTests.cs","AuditEventTests::EditDashboard_Success","EditDashboard_Success()",494,504
178,1,354,0,1767,"*global*@0-1766@LogicMonitor.Api.Test\EventLogs\AuditEventTests.cs","LogicMonitor.Api.Test\EventLogs\AuditEventTests.cs","*global*","*global*)",0,1766
11,1,39,0,11,"AuditEventTests::CreateDashboard_Success@508-518@LogicMonitor.Api.Test\EventLogs\AuditEventTests.cs","LogicMonitor.Api.Test\EventLogs\AuditEventTests.cs","AuditEventTests::CreateDashboard_Success","CreateDashboard_Success()",508,518
178,1,354,0,1767,"*global*@0-1766@LogicMonitor.Api.Test\EventLogs\AuditEventTests.cs","LogicMonitor.Api.Test\EventLogs\AuditEventTests.cs","*global*","*global*)",0,1766
11,1,41,0,11,"AuditEventTests::UpdateReport_Success@522-532@LogicMonitor.Api.Test\EventLogs\AuditEventTests.cs","LogicMonitor.Api.Test\EventLogs\AuditEventTests.cs","AuditEventTests::UpdateReport_Success","UpdateReport_Success()",522,532
178,1,354,0,1767,"*global*@0-1766@LogicMonitor.Api.Test\EventLogs\AuditEventTests.cs","LogicMonitor.Api.Test\EventLogs\AuditEventTests.cs","*global*","*global*)",0,1766
11,1,41,0,11,"AuditEventTests::AddReport_Success@536-546@LogicMonitor.Api.Test\EventLogs\AuditEventTests.cs","LogicMonitor.Api.Test\EventLogs\AuditEventTests.cs","AuditEventTests::AddReport_Success","AddReport_Success()",536,546
178,1,354,0,1767,"*global*@0-1766@LogicMonitor.Api.Test\EventLogs\AuditEventTests.cs","LogicMonitor.Api.Test\EventLogs\AuditEventTests.cs","*global*","*global*)",0,1766
12,1,43,0,12,"AuditEventTests::AddCustomGraphWidgetToDashboard_Success@550-561@LogicMonitor.Api.Test\EventLogs\AuditEventTests.cs","LogicMonitor.Api.Test\EventLogs\AuditEventTests.cs","AuditEventTests::AddCustomGraphWidgetToDashboard_Success","AddCustomGraphWidgetToDashboard_Success()",550,561
178,1,354,0,1767,"*global*@0-1766@LogicMonitor.Api.Test\EventLogs\AuditEventTests.cs","LogicMonitor.Api.Test\EventLogs\AuditEventTests.cs","*global*","*global*)",0,1766
11,1,39,0,11,"AuditEventTests::DeleteDashboardWithVisibility_Success@565-575@LogicMonitor.Api.Test\EventLogs\AuditEventTests.cs","LogicMonitor.Api.Test\EventLogs\AuditEventTests.cs","AuditEventTests::DeleteDashboardWithVisibility_Success","DeleteDashboardWithVisibility_Success()",565,575
178,1,354,0,1767,"*global*@0-1766@LogicMonitor.Api.Test\EventLogs\AuditEventTests.cs","LogicMonitor.Api.Test\EventLogs\AuditEventTests.cs","*global*","*global*)",0,1766
12,1,43,0,12,"AuditEventTests::RenameDashboard_Success@579-590@LogicMonitor.Api.Test\EventLogs\AuditEventTests.cs","LogicMonitor.Api.Test\EventLogs\AuditEventTests.cs","AuditEventTests::RenameDashboard_Success","RenameDashboard_Success()",579,590
178,1,354,0,1767,"*global*@0-1766@LogicMonitor.Api.Test\EventLogs\AuditEventTests.cs","LogicMonitor.Api.Test\EventLogs\AuditEventTests.cs","*global*","*global*)",0,1766
11,1,39,0,11,"AuditEventTests::DeleteDashboardGroup_Success@594-604@LogicMonitor.Api.Test\EventLogs\AuditEventTests.cs","LogicMonitor.Api.Test\EventLogs\AuditEventTests.cs","AuditEventTests::DeleteDashboardGroup_Success","DeleteDashboardGroup_Success()",594,604
178,1,354,0,1767,"*global*@0-1766@LogicMonitor.Api.Test\EventLogs\AuditEventTests.cs","LogicMonitor.Api.Test\EventLogs\AuditEventTests.cs","*global*","*global*)",0,1766
11,1,39,0,11,"AuditEventTests::UpdateDashboardGroup_Success@608-618@LogicMonitor.Api.Test\EventLogs\AuditEventTests.cs","LogicMonitor.Api.Test\EventLogs\AuditEventTests.cs","AuditEventTests::UpdateDashboardGroup_Success","UpdateDashboardGroup_Success()",608,618
178,1,354,0,1767,"*global*@0-1766@LogicMonitor.Api.Test\EventLogs\AuditEventTests.cs","LogicMonitor.Api.Test\EventLogs\AuditEventTests.cs","*global*","*global*)",0,1766
12,1,43,0,12,"AuditEventTests::EditWidgetOfDashboard_Success@622-633@LogicMonitor.Api.Test\EventLogs\AuditEventTests.cs","LogicMonitor.Api.Test\EventLogs\AuditEventTests.cs","AuditEventTests::EditWidgetOfDashboard_Success","EditWidgetOfDashboard_Success()",622,633
178,1,354,0,1767,"*global*@0-1766@LogicMonitor.Api.Test\EventLogs\AuditEventTests.cs","LogicMonitor.Api.Test\EventLogs\AuditEventTests.cs","*global*","*global*)",0,1766
12,1,43,0,12,"AuditEventTests::DeleteWidgetOfDashboard_Success@637-648@LogicMonitor.Api.Test\EventLogs\AuditEventTests.cs","LogicMonitor.Api.Test\EventLogs\AuditEventTests.cs","AuditEventTests::DeleteWidgetOfDashboard_Success","DeleteWidgetOfDashboard_Success()",637,648
178,1,354,0,1767,"*global*@0-1766@LogicMonitor.Api.Test\EventLogs\AuditEventTests.cs","LogicMonitor.Api.Test\EventLogs\AuditEventTests.cs","*global*","*global*)",0,1766
11,1,39,0,11,"AuditEventTests::UpdateAzureAccount_Success@652-662@LogicMonitor.Api.Test\EventLogs\AuditEventTests.cs","LogicMonitor.Api.Test\EventLogs\AuditEventTests.cs","AuditEventTests::UpdateAzureAccount_Success","UpdateAzureAccount_Success()",652,662
178,1,354,0,1767,"*global*@0-1766@LogicMonitor.Api.Test\EventLogs\AuditEventTests.cs","LogicMonitor.Api.Test\EventLogs\AuditEventTests.cs","*global*","*global*)",0,1766
15,1,56,0,16,"AuditEventTests::DeleteAzureAccount_WithLargeBody_Success@666-681@LogicMonitor.Api.Test\EventLogs\AuditEventTests.cs","LogicMonitor.Api.Test\EventLogs\AuditEventTests.cs","AuditEventTests::DeleteAzureAccount_WithLargeBody_Success","DeleteAzureAccount_WithLargeBody_Success()",666,681
13,1,51,0,13,"AuditEventTests::SetAllInstancesDatapointThresholdOnDevice_Success@684-696@LogicMonitor.Api.Test\EventLogs\AuditEventTests.cs","LogicMonitor.Api.Test\EventLogs\AuditEventTests.cs","AuditEventTests::SetAllInstancesDatapointThresholdOnDevice_Success","SetAllInstancesDatapointThresholdOnDevice_Success()",684,696
178,1,354,0,1767,"*global*@0-1766@LogicMonitor.Api.Test\EventLogs\AuditEventTests.cs","LogicMonitor.Api.Test\EventLogs\AuditEventTests.cs","*global*","*global*)",0,1766
12,1,49,0,12,"AuditEventTests::ScheduleDebugCommand_Success@700-711@LogicMonitor.Api.Test\EventLogs\AuditEventTests.cs","LogicMonitor.Api.Test\EventLogs\AuditEventTests.cs","AuditEventTests::ScheduleDebugCommand_Success","ScheduleDebugCommand_Success()",700,711
178,1,354,0,1767,"*global*@0-1766@LogicMonitor.Api.Test\EventLogs\AuditEventTests.cs","LogicMonitor.Api.Test\EventLogs\AuditEventTests.cs","*global*","*global*)",0,1766
12,1,55,0,12,"AuditEventTests::ScheduleDebugCommand_WithScriptBody_Success@715-726@LogicMonitor.Api.Test\EventLogs\AuditEventTests.cs","LogicMonitor.Api.Test\EventLogs\AuditEventTests.cs","AuditEventTests::ScheduleDebugCommand_WithScriptBody_Success","ScheduleDebugCommand_WithScriptBody_Success()",715,726
178,1,354,0,1767,"*global*@0-1766@LogicMonitor.Api.Test\EventLogs\AuditEventTests.cs","LogicMonitor.Api.Test\EventLogs\AuditEventTests.cs","*global*","*global*)",0,1766
16,1,60,0,17,"AuditEventTests::ScheduleDebugCommand_WithLargeScriptBody_Success@730-746@LogicMonitor.Api.Test\EventLogs\AuditEventTests.cs","LogicMonitor.Api.Test\EventLogs\AuditEventTests.cs","AuditEventTests::ScheduleDebugCommand_WithLargeScriptBody_Success","ScheduleDebugCommand_WithLargeScriptBody_Success()",730,746
12,1,51,0,12,"AuditEventTests::UnknownDebugCommand_Failure@749-760@LogicMonitor.Api.Test\EventLogs\AuditEventTests.cs","LogicMonitor.Api.Test\EventLogs\AuditEventTests.cs","AuditEventTests::UnknownDebugCommand_Failure","UnknownDebugCommand_Failure()",749,760
178,1,354,0,1767,"*global*@0-1766@LogicMonitor.Api.Test\EventLogs\AuditEventTests.cs","LogicMonitor.Api.Test\EventLogs\AuditEventTests.cs","*global*","*global*)",0,1766
18,1,65,0,18,"AuditEventTests::UpdateDatasourceInstancesDisableMonitoringAndAlerting_Success@764-781@LogicMonitor.Api.Test\EventLogs\AuditEventTests.cs","LogicMonitor.Api.Test\EventLogs\AuditEventTests.cs","AuditEventTests::UpdateDatasourceInstancesDisableMonitoringAndAlerting_Success","UpdateDatasourceInstancesDisableMonitoringAndAlerting_Success()",764,781
178,1,354,0,1767,"*global*@0-1766@LogicMonitor.Api.Test\EventLogs\AuditEventTests.cs","LogicMonitor.Api.Test\EventLogs\AuditEventTests.cs","*global*","*global*)",0,1766
18,1,65,0,18,"AuditEventTests::UpdateDatasourceInstancesEnableMonitoringAndAlerting_Success@785-802@LogicMonitor.Api.Test\EventLogs\AuditEventTests.cs","LogicMonitor.Api.Test\EventLogs\AuditEventTests.cs","AuditEventTests::UpdateDatasourceInstancesEnableMonitoringAndAlerting_Success","UpdateDatasourceInstancesEnableMonitoringAndAlerting_Success()",785,802
178,1,354,0,1767,"*global*@0-1766@LogicMonitor.Api.Test\EventLogs\AuditEventTests.cs","LogicMonitor.Api.Test\EventLogs\AuditEventTests.cs","*global*","*global*)",0,1766
12,1,43,0,12,"AuditEventTests::ShareDashboard_Success@806-817@LogicMonitor.Api.Test\EventLogs\AuditEventTests.cs","LogicMonitor.Api.Test\EventLogs\AuditEventTests.cs","AuditEventTests::ShareDashboard_Success","ShareDashboard_Success()",806,817
178,1,354,0,1767,"*global*@0-1766@LogicMonitor.Api.Test\EventLogs\AuditEventTests.cs","LogicMonitor.Api.Test\EventLogs\AuditEventTests.cs","*global*","*global*)",0,1766
10,1,35,0,10,"AuditEventTests::UpdateDatasourceInstancesBareMessage_Success@821-830@LogicMonitor.Api.Test\EventLogs\AuditEventTests.cs","LogicMonitor.Api.Test\EventLogs\AuditEventTests.cs","AuditEventTests::UpdateDatasourceInstancesBareMessage_Success","UpdateDatasourceInstancesBareMessage_Success()",821,830
178,1,354,0,1767,"*global*@0-1766@LogicMonitor.Api.Test\EventLogs\AuditEventTests.cs","LogicMonitor.Api.Test\EventLogs\AuditEventTests.cs","*global*","*global*)",0,1766
17,1,61,0,17,"AuditEventTests::UpdateDatasourceInstancesEnableMonitoringOnly_Success@834-850@LogicMonitor.Api.Test\EventLogs\AuditEventTests.cs","LogicMonitor.Api.Test\EventLogs\AuditEventTests.cs","AuditEventTests::UpdateDatasourceInstancesEnableMonitoringOnly_Success","UpdateDatasourceInstancesEnableMonitoringOnly_Success()",834,850
178,1,354,0,1767,"*global*@0-1766@LogicMonitor.Api.Test\EventLogs\AuditEventTests.cs","LogicMonitor.Api.Test\EventLogs\AuditEventTests.cs","*global*","*global*)",0,1766
17,1,61,0,17,"AuditEventTests::UpdateDatasourceInstancesEnableMonitoringOnly_VMwareDatastoreStatus_Success@854-870@LogicMonitor.Api.Test\EventLogs\AuditEventTests.cs","LogicMonitor.Api.Test\EventLogs\AuditEventTests.cs","AuditEventTests::UpdateDatasourceInstancesEnableMonitoringOnly_VMwareDatastoreStatus_Success","UpdateDatasourceInstancesEnableMonitoringOnly_VMwareDatastoreStatus_Success()",854,870
178,1,354,0,1767,"*global*@0-1766@LogicMonitor.Api.Test\EventLogs\AuditEventTests.cs","LogicMonitor.Api.Test\EventLogs\AuditEventTests.cs","*global*","*global*)",0,1766
14,1,57,0,14,"AuditEventTests::UpdateDatasourceInstancesEnableMonitoringOnly_VMwareScratch_Success@874-887@LogicMonitor.Api.Test\EventLogs\AuditEventTests.cs","LogicMonitor.Api.Test\EventLogs\AuditEventTests.cs","AuditEventTests::UpdateDatasourceInstancesEnableMonitoringOnly_VMwareScratch_Success","UpdateDatasourceInstancesEnableMonitoringOnly_VMwareScratch_Success()",874,887
178,1,354,0,1767,"*global*@0-1766@LogicMonitor.Api.Test\EventLogs\AuditEventTests.cs","LogicMonitor.Api.Test\EventLogs\AuditEventTests.cs","*global*","*global*)",0,1766
16,1,53,0,16,"AuditEventTests::UpdateWebsite_Success@891-906@LogicMonitor.Api.Test\EventLogs\AuditEventTests.cs","LogicMonitor.Api.Test\EventLogs\AuditEventTests.cs","AuditEventTests::UpdateWebsite_Success","UpdateWebsite_Success()",891,906
178,1,354,0,1767,"*global*@0-1766@LogicMonitor.Api.Test\EventLogs\AuditEventTests.cs","LogicMonitor.Api.Test\EventLogs\AuditEventTests.cs","*global*","*global*)",0,1766
16,1,58,0,16,"AuditEventTests::UpdateGroupDeviceGroupDescription_Success@910-925@LogicMonitor.Api.Test\EventLogs\AuditEventTests.cs","LogicMonitor.Api.Test\EventLogs\AuditEventTests.cs","AuditEventTests::UpdateGroupDeviceGroupDescription_Success","UpdateGroupDeviceGroupDescription_Success()",910,925
178,1,354,0,1767,"*global*@0-1766@LogicMonitor.Api.Test\EventLogs\AuditEventTests.cs","LogicMonitor.Api.Test\EventLogs\AuditEventTests.cs","*global*","*global*)",0,1766
22,1,74,0,23,"AuditEventTests::UpdateGroupDeviceGroupDescription_WithLargeGetExtraPayload_Success@929-951@LogicMonitor.Api.Test\EventLogs\AuditEventTests.cs","LogicMonitor.Api.Test\EventLogs\AuditEventTests.cs","AuditEventTests::UpdateGroupDeviceGroupDescription_WithLargeGetExtraPayload_Success","UpdateGroupDeviceGroupDescription_WithLargeGetExtraPayload_Success()",929,951
14,1,69,0,14,"AuditEventTests::UpdateGroupThresholdsWithEmptyAlertThresholdChanges_Success@954-967@LogicMonitor.Api.Test\EventLogs\AuditEventTests.cs","LogicMonitor.Api.Test\EventLogs\AuditEventTests.cs","AuditEventTests::UpdateGroupThresholdsWithEmptyAlertThresholdChanges_Success","UpdateGroupThresholdsWithEmptyAlertThresholdChanges_Success()",954,967
178,1,354,0,1767,"*global*@0-1766@LogicMonitor.Api.Test\EventLogs\AuditEventTests.cs","LogicMonitor.Api.Test\EventLogs\AuditEventTests.cs","*global*","*global*)",0,1766
11,1,39,0,11,"AuditEventTests::UpdatePassword_Success@971-981@LogicMonitor.Api.Test\EventLogs\AuditEventTests.cs","LogicMonitor.Api.Test\EventLogs\AuditEventTests.cs","AuditEventTests::UpdatePassword_Success","UpdatePassword_Success()",971,981
178,1,354,0,1767,"*global*@0-1766@LogicMonitor.Api.Test\EventLogs\AuditEventTests.cs","LogicMonitor.Api.Test\EventLogs\AuditEventTests.cs","*global*","*global*)",0,1766
9,1,29,0,13,"AuditEventTests::DataSourceImport_Success@985-997@LogicMonitor.Api.Test\EventLogs\AuditEventTests.cs","LogicMonitor.Api.Test\EventLogs\AuditEventTests.cs","AuditEventTests::DataSourceImport_Success","DataSourceImport_Success()",985,997
178,1,354,0,1767,"*global*@0-1766@LogicMonitor.Api.Test\EventLogs\AuditEventTests.cs","LogicMonitor.Api.Test\EventLogs\AuditEventTests.cs","*global*","*global*)",0,1766
10,1,35,0,10,"AuditEventTests::ChangeHostCollectors_LargePayload_Success@1001-1010@LogicMonitor.Api.Test\EventLogs\AuditEventTests.cs","LogicMonitor.Api.Test\EventLogs\AuditEventTests.cs","AuditEventTests::ChangeHostCollectors_LargePayload_Success","ChangeHostCollectors_LargePayload_Success()",1001,1010
178,1,354,0,1767,"*global*@0-1766@LogicMonitor.Api.Test\EventLogs\AuditEventTests.cs","LogicMonitor.Api.Test\EventLogs\AuditEventTests.cs","*global*","*global*)",0,1766
11,1,49,0,11,"AuditEventTests::AddDataSourceGraph_Success@1014-1024@LogicMonitor.Api.Test\EventLogs\AuditEventTests.cs","LogicMonitor.Api.Test\EventLogs\AuditEventTests.cs","AuditEventTests::AddDataSourceGraph_Success","AddDataSourceGraph_Success()",1014,1024
178,1,354,0,1767,"*global*@0-1766@LogicMonitor.Api.Test\EventLogs\AuditEventTests.cs","LogicMonitor.Api.Test\EventLogs\AuditEventTests.cs","*global*","*global*)",0,1766
10,1,33,0,10,"AuditEventTests::EventAlertDiscarded_Success@1028-1037@LogicMonitor.Api.Test\EventLogs\AuditEventTests.cs","LogicMonitor.Api.Test\EventLogs\AuditEventTests.cs","AuditEventTests::EventAlertDiscarded_Success","EventAlertDiscarded_Success()",1028,1037
178,1,354,0,1767,"*global*@0-1766@LogicMonitor.Api.Test\EventLogs\AuditEventTests.cs","LogicMonitor.Api.Test\EventLogs\AuditEventTests.cs","*global*","*global*)",0,1766
13,1,59,0,13,"AuditEventTests::UpdateEventSource_Success@1041-1053@LogicMonitor.Api.Test\EventLogs\AuditEventTests.cs","LogicMonitor.Api.Test\EventLogs\AuditEventTests.cs","AuditEventTests::UpdateEventSource_Success","UpdateEventSource_Success()",1041,1053
178,1,354,0,1767,"*global*@0-1766@LogicMonitor.Api.Test\EventLogs\AuditEventTests.cs","LogicMonitor.Api.Test\EventLogs\AuditEventTests.cs","*global*","*global*)",0,1766
12,1,45,0,12,"AuditEventTests::DeleteSdt_Success@1057-1068@LogicMonitor.Api.Test\EventLogs\AuditEventTests.cs","LogicMonitor.Api.Test\EventLogs\AuditEventTests.cs","AuditEventTests::DeleteSdt_Success","DeleteSdt_Success()",1057,1068
178,1,354,0,1767,"*global*@0-1766@LogicMonitor.Api.Test\EventLogs\AuditEventTests.cs","LogicMonitor.Api.Test\EventLogs\AuditEventTests.cs","*global*","*global*)",0,1766
15,1,73,0,15,"AuditEventTests::DeleteSdt_GroupQuotedFormat_Success@1072-1086@LogicMonitor.Api.Test\EventLogs\AuditEventTests.cs","LogicMonitor.Api.Test\EventLogs\AuditEventTests.cs","AuditEventTests::DeleteSdt_GroupQuotedFormat_Success","DeleteSdt_GroupQuotedFormat_Success()",1072,1086
178,1,354,0,1767,"*global*@0-1766@LogicMonitor.Api.Test\EventLogs\AuditEventTests.cs","LogicMonitor.Api.Test\EventLogs\AuditEventTests.cs","*global*","*global*)",0,1766
12,1,45,0,12,"AuditEventTests::AddSdt_Success@1090-1101@LogicMonitor.Api.Test\EventLogs\AuditEventTests.cs","LogicMonitor.Api.Test\EventLogs\AuditEventTests.cs","AuditEventTests::AddSdt_Success","AddSdt_Success()",1090,1101
178,1,354,0,1767,"*global*@0-1766@LogicMonitor.Api.Test\EventLogs\AuditEventTests.cs","LogicMonitor.Api.Test\EventLogs\AuditEventTests.cs","*global*","*global*)",0,1766
16,1,50,3,16,"AuditEventTests::AddDeviceGroup_Success@1115-1130@LogicMonitor.Api.Test\EventLogs\AuditEventTests.cs","LogicMonitor.Api.Test\EventLogs\AuditEventTests.cs","AuditEventTests::AddDeviceGroup_Success","AddDeviceGroup_Success( string logItemMessage , string expectedResourceGroupName , int expectedResourceGroupId)",1115,1130
178,1,354,0,1767,"*global*@0-1766@LogicMonitor.Api.Test\EventLogs\AuditEventTests.cs","LogicMonitor.Api.Test\EventLogs\AuditEventTests.cs","*global*","*global*)",0,1766
13,1,65,0,13,"AuditEventTests::AddDataSource_Succeeds@1134-1146@LogicMonitor.Api.Test\EventLogs\AuditEventTests.cs","LogicMonitor.Api.Test\EventLogs\AuditEventTests.cs","AuditEventTests::AddDataSource_Succeeds","AddDataSource_Succeeds()",1134,1146
178,1,354,0,1767,"*global*@0-1766@LogicMonitor.Api.Test\EventLogs\AuditEventTests.cs","LogicMonitor.Api.Test\EventLogs\AuditEventTests.cs","*global*","*global*)",0,1766
14,1,51,0,14,"AuditEventTests::BangAccount_Success@1150-1163@LogicMonitor.Api.Test\EventLogs\AuditEventTests.cs","LogicMonitor.Api.Test\EventLogs\AuditEventTests.cs","AuditEventTests::BangAccount_Success","BangAccount_Success()",1150,1163
178,1,354,0,1767,"*global*@0-1766@LogicMonitor.Api.Test\EventLogs\AuditEventTests.cs","LogicMonitor.Api.Test\EventLogs\AuditEventTests.cs","*global*","*global*)",0,1766
12,1,44,0,12,"AuditEventTests::AddAccount_Success@1167-1178@LogicMonitor.Api.Test\EventLogs\AuditEventTests.cs","LogicMonitor.Api.Test\EventLogs\AuditEventTests.cs","AuditEventTests::AddAccount_Success","AddAccount_Success()",1167,1178
178,1,354,0,1767,"*global*@0-1766@LogicMonitor.Api.Test\EventLogs\AuditEventTests.cs","LogicMonitor.Api.Test\EventLogs\AuditEventTests.cs","*global*","*global*)",0,1766
15,1,50,3,15,"AuditEventTests::EnableDataSourceForResourceGroup_Success@1184-1198@LogicMonitor.Api.Test\EventLogs\AuditEventTests.cs","LogicMonitor.Api.Test\EventLogs\AuditEventTests.cs","AuditEventTests::EnableDataSourceForResourceGroup_Success","EnableDataSourceForResourceGroup_Success( string logItemMessage , string expectedLogicModuleName , string expectedResourceGroupName)",1184,1198
178,1,354,0,1767,"*global*@0-1766@LogicMonitor.Api.Test\EventLogs\AuditEventTests.cs","LogicMonitor.Api.Test\EventLogs\AuditEventTests.cs","*global*","*global*)",0,1766
15,1,50,3,15,"AuditEventTests::DisableDataSourceForResourceGroup_Success@1204-1218@LogicMonitor.Api.Test\EventLogs\AuditEventTests.cs","LogicMonitor.Api.Test\EventLogs\AuditEventTests.cs","AuditEventTests::DisableDataSourceForResourceGroup_Success","DisableDataSourceForResourceGroup_Success( string logItemMessage , string expectedLogicModuleName , string expectedResourceGroupName)",1204,1218
178,1,354,0,1767,"*global*@0-1766@LogicMonitor.Api.Test\EventLogs\AuditEventTests.cs","LogicMonitor.Api.Test\EventLogs\AuditEventTests.cs","*global*","*global*)",0,1766
15,1,50,3,15,"AuditEventTests::RequestRemoteSession_Success@1224-1238@LogicMonitor.Api.Test\EventLogs\AuditEventTests.cs","LogicMonitor.Api.Test\EventLogs\AuditEventTests.cs","AuditEventTests::RequestRemoteSession_Success","RequestRemoteSession_Success( string logItemMessage , string expectedRemoteSessionType , string expectedResourceHostname)",1224,1238
178,1,354,0,1767,"*global*@0-1766@LogicMonitor.Api.Test\EventLogs\AuditEventTests.cs","LogicMonitor.Api.Test\EventLogs\AuditEventTests.cs","*global*","*global*)",0,1766
13,1,44,2,13,"AuditEventTests::FailedLogin_Success@1244-1256@LogicMonitor.Api.Test\EventLogs\AuditEventTests.cs","LogicMonitor.Api.Test\EventLogs\AuditEventTests.cs","AuditEventTests::FailedLogin_Success","FailedLogin_Success( string logItemMessage , string expectedUserName)",1244,1256
178,1,354,0,1767,"*global*@0-1766@LogicMonitor.Api.Test\EventLogs\AuditEventTests.cs","LogicMonitor.Api.Test\EventLogs\AuditEventTests.cs","*global*","*global*)",0,1766
13,1,44,2,13,"AuditEventTests::Enable2fa_Success@1262-1274@LogicMonitor.Api.Test\EventLogs\AuditEventTests.cs","LogicMonitor.Api.Test\EventLogs\AuditEventTests.cs","AuditEventTests::Enable2fa_Success","Enable2fa_Success( string logItemMessage , string expectedUserName)",1262,1274
178,1,354,0,1767,"*global*@0-1766@LogicMonitor.Api.Test\EventLogs\AuditEventTests.cs","LogicMonitor.Api.Test\EventLogs\AuditEventTests.cs","*global*","*global*)",0,1766
25,1,86,9,25,"AuditEventTests::DownloadLogicModule_Success@1298-1322@LogicMonitor.Api.Test\EventLogs\AuditEventTests.cs","LogicMonitor.Api.Test\EventLogs\AuditEventTests.cs","AuditEventTests::DownloadLogicModule_Success","DownloadLogicModule_Success( string logItemMessage , int expectedMatchRegexId , AuditEventEntityType expectedAuditEventEntityType , string expectedInstanceName , int expectedInstanceId , string expectedLogicModuleName , int expectedLogicModuleVersion , string expectedResourceName , int expectedResourceId)",1298,1322
178,1,354,0,1767,"*global*@0-1766@LogicMonitor.Api.Test\EventLogs\AuditEventTests.cs","LogicMonitor.Api.Test\EventLogs\AuditEventTests.cs","*global*","*global*)",0,1766
15,1,50,3,15,"AuditEventTests::RequestPasswordReset_Success@1327-1341@LogicMonitor.Api.Test\EventLogs\AuditEventTests.cs","LogicMonitor.Api.Test\EventLogs\AuditEventTests.cs","AuditEventTests::RequestPasswordReset_Success","RequestPasswordReset_Success( string logItemMessage , string expectedUserName , string expectedUserEmail)",1327,1341
178,1,354,0,1767,"*global*@0-1766@LogicMonitor.Api.Test\EventLogs\AuditEventTests.cs","LogicMonitor.Api.Test\EventLogs\AuditEventTests.cs","*global*","*global*)",0,1766
15,1,50,3,15,"AuditEventTests::UpdateAccount_Success@1347-1361@LogicMonitor.Api.Test\EventLogs\AuditEventTests.cs","LogicMonitor.Api.Test\EventLogs\AuditEventTests.cs","AuditEventTests::UpdateAccount_Success","UpdateAccount_Success( string logItemMessage , string expectedUserName , string expectedDescription)",1347,1361
178,1,354,0,1767,"*global*@0-1766@LogicMonitor.Api.Test\EventLogs\AuditEventTests.cs","LogicMonitor.Api.Test\EventLogs\AuditEventTests.cs","*global*","*global*)",0,1766
17,1,60,4,17,"AuditEventTests::UpdateInstanceDisableAlerting_Success@1371-1387@LogicMonitor.Api.Test\EventLogs\AuditEventTests.cs","LogicMonitor.Api.Test\EventLogs\AuditEventTests.cs","AuditEventTests::UpdateInstanceDisableAlerting_Success","UpdateInstanceDisableAlerting_Success( string logItemMessage , string expectedResourceName , string expectedInstanceName , string expectedDescription)",1371,1387
178,1,354,0,1767,"*global*@0-1766@LogicMonitor.Api.Test\EventLogs\AuditEventTests.cs","LogicMonitor.Api.Test\EventLogs\AuditEventTests.cs","*global*","*global*)",0,1766
13,1,62,0,13,"AuditEventTests::DeleteInstanceWithEmptyDescription_Success@1391-1403@LogicMonitor.Api.Test\EventLogs\AuditEventTests.cs","LogicMonitor.Api.Test\EventLogs\AuditEventTests.cs","AuditEventTests::DeleteInstanceWithEmptyDescription_Success","DeleteInstanceWithEmptyDescription_Success()",1391,1403
178,1,354,0,1767,"*global*@0-1766@LogicMonitor.Api.Test\EventLogs\AuditEventTests.cs","LogicMonitor.Api.Test\EventLogs\AuditEventTests.cs","*global*","*global*)",0,1766
20,1,65,6,21,"AuditEventTests::RemoteSession_Success@1421-1441@LogicMonitor.Api.Test\EventLogs\AuditEventTests.cs","LogicMonitor.Api.Test\EventLogs\AuditEventTests.cs","AuditEventTests::RemoteSession_Success","RemoteSession_Success( string logItemMessage , string expectedRemoteSessionType , int expectedRemoteSessionId , string expectedResourceHostname , AuditEventActionType expectedActionType , string expectedTime)",1421,1441
178,1,354,0,1767,"*global*@0-1766@LogicMonitor.Api.Test\EventLogs\AuditEventTests.cs","LogicMonitor.Api.Test\EventLogs\AuditEventTests.cs","*global*","*global*)",0,1766
17,1,57,4,17,"AuditEventTests::SupportLogin_Success@1455-1471@LogicMonitor.Api.Test\EventLogs\AuditEventTests.cs","LogicMonitor.Api.Test\EventLogs\AuditEventTests.cs","AuditEventTests::SupportLogin_Success","SupportLogin_Success( string logItemMessage , string expectedUserName , bool expectedRestrictSso , int expectedAdminId)",1455,1471
178,1,354,0,1767,"*global*@0-1766@LogicMonitor.Api.Test\EventLogs\AuditEventTests.cs","LogicMonitor.Api.Test\EventLogs\AuditEventTests.cs","*global*","*global*)",0,1766
17,1,57,4,17,"AuditEventTests::ResourceRebalanceCollectorGroup_Success@1480-1496@LogicMonitor.Api.Test\EventLogs\AuditEventTests.cs","LogicMonitor.Api.Test\EventLogs\AuditEventTests.cs","AuditEventTests::ResourceRebalanceCollectorGroup_Success","ResourceRebalanceCollectorGroup_Success( string logItemMessage , string expectedCollectorGroupName , int expectedCollectorGroupId , string expectedDescription)",1480,1496
178,1,354,0,1767,"*global*@0-1766@LogicMonitor.Api.Test\EventLogs\AuditEventTests.cs","LogicMonitor.Api.Test\EventLogs\AuditEventTests.cs","*global*","*global*)",0,1766
22,1,75,6,22,"AuditEventTests::ScheduleCollectNow_Success@1507-1528@LogicMonitor.Api.Test\EventLogs\AuditEventTests.cs","LogicMonitor.Api.Test\EventLogs\AuditEventTests.cs","AuditEventTests::ScheduleCollectNow_Success","ScheduleCollectNow_Success( string logItemMessage , int expectedInstanceId , string expectedInstanceName , string expectedLogicModuleName , string expectedResourceName , int expectedResourceId)",1507,1528
178,1,354,0,1767,"*global*@0-1766@LogicMonitor.Api.Test\EventLogs\AuditEventTests.cs","LogicMonitor.Api.Test\EventLogs\AuditEventTests.cs","*global*","*global*)",0,1766
10,1,46,0,10,"AuditEventTests::TestScriptScheduled_Success@1533-1542@LogicMonitor.Api.Test\EventLogs\AuditEventTests.cs","LogicMonitor.Api.Test\EventLogs\AuditEventTests.cs","AuditEventTests::TestScriptScheduled_Success","TestScriptScheduled_Success()",1533,1542
178,1,354,0,1767,"*global*@0-1766@LogicMonitor.Api.Test\EventLogs\AuditEventTests.cs","LogicMonitor.Api.Test\EventLogs\AuditEventTests.cs","*global*","*global*)",0,1766
11,1,39,0,11,"AuditEventTests::AddNewDataSource_LargePayload_Success@1546-1556@LogicMonitor.Api.Test\EventLogs\AuditEventTests.cs","LogicMonitor.Api.Test\EventLogs\AuditEventTests.cs","AuditEventTests::AddNewDataSource_LargePayload_Success","AddNewDataSource_LargePayload_Success()",1546,1556
178,1,354,0,1767,"*global*@0-1766@LogicMonitor.Api.Test\EventLogs\AuditEventTests.cs","LogicMonitor.Api.Test\EventLogs\AuditEventTests.cs","*global*","*global*)",0,1766
11,1,39,0,11,"AuditEventTests::AddNewPropertySource_LargePayload_Success@1560-1570@LogicMonitor.Api.Test\EventLogs\AuditEventTests.cs","LogicMonitor.Api.Test\EventLogs\AuditEventTests.cs","AuditEventTests::AddNewPropertySource_LargePayload_Success","AddNewPropertySource_LargePayload_Success()",1560,1570
178,1,354,0,1767,"*global*@0-1766@LogicMonitor.Api.Test\EventLogs\AuditEventTests.cs","LogicMonitor.Api.Test\EventLogs\AuditEventTests.cs","*global*","*global*)",0,1766
11,1,39,0,11,"AuditEventTests::AddNewTopologySource_LargePayload_Success@1574-1584@LogicMonitor.Api.Test\EventLogs\AuditEventTests.cs","LogicMonitor.Api.Test\EventLogs\AuditEventTests.cs","AuditEventTests::AddNewTopologySource_LargePayload_Success","AddNewTopologySource_LargePayload_Success()",1574,1584
178,1,354,0,1767,"*global*@0-1766@LogicMonitor.Api.Test\EventLogs\AuditEventTests.cs","LogicMonitor.Api.Test\EventLogs\AuditEventTests.cs","*global*","*global*)",0,1766
11,1,39,0,11,"AuditEventTests::ImportEventSourceFromXml_Success@1588-1598@LogicMonitor.Api.Test\EventLogs\AuditEventTests.cs","LogicMonitor.Api.Test\EventLogs\AuditEventTests.cs","AuditEventTests::ImportEventSourceFromXml_Success","ImportEventSourceFromXml_Success()",1588,1598
178,1,354,0,1767,"*global*@0-1766@LogicMonitor.Api.Test\EventLogs\AuditEventTests.cs","LogicMonitor.Api.Test\EventLogs\AuditEventTests.cs","*global*","*global*)",0,1766
11,1,39,0,11,"AuditEventTests::AddWebsiteViaUrlCheck_Success@1602-1612@LogicMonitor.Api.Test\EventLogs\AuditEventTests.cs","LogicMonitor.Api.Test\EventLogs\AuditEventTests.cs","AuditEventTests::AddWebsiteViaUrlCheck_Success","AddWebsiteViaUrlCheck_Success()",1602,1612
178,1,354,0,1767,"*global*@0-1766@LogicMonitor.Api.Test\EventLogs\AuditEventTests.cs","LogicMonitor.Api.Test\EventLogs\AuditEventTests.cs","*global*","*global*)",0,1766
11,1,39,0,11,"AuditEventTests::UpdateWebsiteSettings_Success@1616-1626@LogicMonitor.Api.Test\EventLogs\AuditEventTests.cs","LogicMonitor.Api.Test\EventLogs\AuditEventTests.cs","AuditEventTests::UpdateWebsiteSettings_Success","UpdateWebsiteSettings_Success()",1616,1626
178,1,354,0,1767,"*global*@0-1766@LogicMonitor.Api.Test\EventLogs\AuditEventTests.cs","LogicMonitor.Api.Test\EventLogs\AuditEventTests.cs","*global*","*global*)",0,1766
17,1,56,3,17,"AuditEventTests::DeletePropertySource_Success@1634-1650@LogicMonitor.Api.Test\EventLogs\AuditEventTests.cs","LogicMonitor.Api.Test\EventLogs\AuditEventTests.cs","AuditEventTests::DeletePropertySource_Success","DeletePropertySource_Success( string logItemMessage , string expectedLogicModuleName , int expectedLogicModuleId)",1634,1650
178,1,354,0,1767,"*global*@0-1766@LogicMonitor.Api.Test\EventLogs\AuditEventTests.cs","LogicMonitor.Api.Test\EventLogs\AuditEventTests.cs","*global*","*global*)",0,1766
17,1,56,3,17,"AuditEventTests::DeleteTopologySource_Success@1658-1674@LogicMonitor.Api.Test\EventLogs\AuditEventTests.cs","LogicMonitor.Api.Test\EventLogs\AuditEventTests.cs","AuditEventTests::DeleteTopologySource_Success","DeleteTopologySource_Success( string logItemMessage , string expectedLogicModuleName , int expectedLogicModuleId)",1658,1674
178,1,354,0,1767,"*global*@0-1766@LogicMonitor.Api.Test\EventLogs\AuditEventTests.cs","LogicMonitor.Api.Test\EventLogs\AuditEventTests.cs","*global*","*global*)",0,1766
18,1,57,4,18,"AuditEventTests::DeleteCollector_Success@1683-1700@LogicMonitor.Api.Test\EventLogs\AuditEventTests.cs","LogicMonitor.Api.Test\EventLogs\AuditEventTests.cs","AuditEventTests::DeleteCollector_Success","DeleteCollector_Success( string logItemMessage , int expectedCollectorId , string expectedCollectorName , string expectedCollectorDescription)",1683,1700
178,1,354,0,1767,"*global*@0-1766@LogicMonitor.Api.Test\EventLogs\AuditEventTests.cs","LogicMonitor.Api.Test\EventLogs\AuditEventTests.cs","*global*","*global*)",0,1766
17,1,61,0,17,"AuditEventTests::UpdateDatasourceInstancesEnableMonitoringOnly2_Success@1704-1720@LogicMonitor.Api.Test\EventLogs\AuditEventTests.cs","LogicMonitor.Api.Test\EventLogs\AuditEventTests.cs","AuditEventTests::UpdateDatasourceInstancesEnableMonitoringOnly2_Success","UpdateDatasourceInstancesEnableMonitoringOnly2_Success()",1704,1720
178,1,354,0,1767,"*global*@0-1766@LogicMonitor.Api.Test\EventLogs\AuditEventTests.cs","LogicMonitor.Api.Test\EventLogs\AuditEventTests.cs","*global*","*global*)",0,1766
39,2,245,2,43,"AuditEventTests::AssertToAuditEventSucceeds@1723-1765@LogicMonitor.Api.Test\EventLogs\AuditEventTests.cs","LogicMonitor.Api.Test\EventLogs\AuditEventTests.cs","AuditEventTests::AssertToAuditEventSucceeds","AssertToAuditEventSucceeds( string description , AuditEvent expectedAuditEvent)",1723,1765
2,1,10,0,2,"GetEventLogTests::RegexValidation_Succeeds@6-7@LogicMonitor.Api.Test\EventLogs\GetEventLogTests.cs","LogicMonitor.Api.Test\EventLogs\GetEventLogTests.cs","GetEventLogTests::RegexValidation_Succeeds","RegexValidation_Succeeds()",6,7
51,7,321,0,62,"GetEventLogTests::GetEventLog_Succeeds@10-71@LogicMonitor.Api.Test\EventLogs\GetEventLogTests.cs","LogicMonitor.Api.Test\EventLogs\GetEventLogTests.cs","GetEventLogTests::GetEventLog_Succeeds","GetEventLog_Succeeds()",10,71
42,1,176,0,51,"GetFilteredAuditEventTests::GetUsernameFilteredEvents@9-59@LogicMonitor.Api.Test\EventLogs\GetFilteredAuditEventTests.cs","LogicMonitor.Api.Test\EventLogs\GetFilteredAuditEventTests.cs","GetFilteredAuditEventTests::GetUsernameFilteredEvents","GetUsernameFilteredEvents()",9,59
32,1,143,0,39,"GetFilteredAuditEventTests::GetTextFilteredEvents@62-100@LogicMonitor.Api.Test\EventLogs\GetFilteredAuditEventTests.cs","LogicMonitor.Api.Test\EventLogs\GetFilteredAuditEventTests.cs","GetFilteredAuditEventTests::GetTextFilteredEvents","GetTextFilteredEvents()",62,100
5,1,18,1,5,"OversizedDescriptionTests::CreateLogItem@13-17@LogicMonitor.Api.Test\EventLogs\OversizedDescriptionTests.cs","LogicMonitor.Api.Test\EventLogs\OversizedDescriptionTests.cs","OversizedDescriptionTests::CreateLogItem","OversizedDescriptionTests::CreateLogItem( string description)",13,17
7,1,11,0,55,"*global*@0-54@LogicMonitor.Api.Test\EventLogs\OversizedDescriptionTests.cs","LogicMonitor.Api.Test\EventLogs\OversizedDescriptionTests.cs","*global*","*global*",0,54
2,1,18,1,2,"OversizedDescriptionTests::CreateDeviceUpdateDescription@19-20@LogicMonitor.Api.Test\EventLogs\OversizedDescriptionTests.cs","LogicMonitor.Api.Test\EventLogs\OversizedDescriptionTests.cs","OversizedDescriptionTests::CreateDeviceUpdateDescription","OversizedDescriptionTests::CreateDeviceUpdateDescription( int descriptionFieldLength)",19,20
9,1,85,0,12,"OversizedDescriptionTests::ToAuditEvent_DescriptionOver16KButUnderLimit_IsParsedByRegex@23-34@LogicMonitor.Api.Test\EventLogs\OversizedDescriptionTests.cs","LogicMonitor.Api.Test\EventLogs\OversizedDescriptionTests.cs","OversizedDescriptionTests::ToAuditEvent_DescriptionOver16KButUnderLimit_IsParsedByRegex","OversizedDescriptionTests::ToAuditEvent_DescriptionOver16KButUnderLimit_IsParsedByRegex()",23,34
9,1,83,0,11,"OversizedDescriptionTests::ToAuditEvent_DescriptionOverLimit_IsSkippedWithExplanation@37-47@LogicMonitor.Api.Test\EventLogs\OversizedDescriptionTests.cs","LogicMonitor.Api.Test\EventLogs\OversizedDescriptionTests.cs","OversizedDescriptionTests::ToAuditEvent_DescriptionOverLimit_IsSkippedWithExplanation","OversizedDescriptionTests::ToAuditEvent_DescriptionOverLimit_IsSkippedWithExplanation()",37,47
2,1,17,0,4,"OversizedDescriptionTests::MaxRegexDescriptionLength_IsPubliclyVisibleWithExpectedValue@50-53@LogicMonitor.Api.Test\EventLogs\OversizedDescriptionTests.cs","LogicMonitor.Api.Test\EventLogs\OversizedDescriptionTests.cs","OversizedDescriptionTests::MaxRegexDescriptionLength_IsPubliclyVisibleWithExpectedValue","OversizedDescriptionTests::MaxRegexDescriptionLength_IsPubliclyVisibleWithExpectedValue()",50,53
8,1,71,0,14,"CsrfProbeTests::Probe_FunctionsDummy@17-30@LogicMonitor.Api.Test\Experimental\CsrfProbeTests.cs","LogicMonitor.Api.Test\Experimental\CsrfProbeTests.cs","CsrfProbeTests::Probe_FunctionsDummy","Probe_FunctionsDummy()",17,30
53,5,487,0,60,"CsrfProbeTests::Probe_AnonymousSessionAccessAndV4@33-92@LogicMonitor.Api.Test\Experimental\CsrfProbeTests.cs","LogicMonitor.Api.Test\Experimental\CsrfProbeTests.cs","CsrfProbeTests::Probe_AnonymousSessionAccessAndV4","Probe_AnonymousSessionAccessAndV4()",33,92
41,4,324,5,48,"CsrfProbeTests::ProbeAsync@94-141@LogicMonitor.Api.Test\Experimental\CsrfProbeTests.cs","LogicMonitor.Api.Test\Experimental\CsrfProbeTests.cs","CsrfProbeTests::ProbeAsync","ProbeAsync( string account , TestPortalConfig config , string label , bool authenticate , bool fetchHeader)",94,141
25,1,154,0,26,"ExperimentalTests::GetResources_Succeeds@8-33@LogicMonitor.Api.Test\Experimental\ExperimentalTests.cs","LogicMonitor.Api.Test\Experimental\ExperimentalTests.cs","ExperimentalTests::GetResources_Succeeds","GetResources_Succeeds()",8,33
2,1,37,0,2,"DateTimeExtensionTests::ToDateTimeUtcFromMs_Zero_ReturnsEpoch@9-10@LogicMonitor.Api.Test\Extensions\DateTimeExtensionTests.cs","LogicMonitor.Api.Test\Extensions\DateTimeExtensionTests.cs","DateTimeExtensionTests::ToDateTimeUtcFromMs_Zero_ReturnsEpoch","DateTimeExtensionTests::ToDateTimeUtcFromMs_Zero_ReturnsEpoch()",9,10
2,1,37,0,2,"DateTimeExtensionTests::ToDateTimeUtcFromMs_OneDayInMs_ReturnsNextDay@13-14@LogicMonitor.Api.Test\Extensions\DateTimeExtensionTests.cs","LogicMonitor.Api.Test\Extensions\DateTimeExtensionTests.cs","DateTimeExtensionTests::ToDateTimeUtcFromMs_OneDayInMs_ReturnsNextDay","DateTimeExtensionTests::ToDateTimeUtcFromMs_OneDayInMs_ReturnsNextDay()",13,14
6,1,48,0,7,"DateTimeExtensionTests::ToDateTimeUtcFromMs_MaxValue_ClampsToDateTimeMaxValueInsteadOfThrowing@17-23@LogicMonitor.Api.Test\Extensions\DateTimeExtensionTests.cs","LogicMonitor.Api.Test\Extensions\DateTimeExtensionTests.cs","DateTimeExtensionTests::ToDateTimeUtcFromMs_MaxValue_ClampsToDateTimeMaxValueInsteadOfThrowing","DateTimeExtensionTests::ToDateTimeUtcFromMs_MaxValue_ClampsToDateTimeMaxValueInsteadOfThrowing()",17,23
6,1,48,0,7,"DateTimeExtensionTests::ToDateTimeUtcFromMs_MinValue_ClampsToDateTimeMinValueInsteadOfThrowing@26-32@LogicMonitor.Api.Test\Extensions\DateTimeExtensionTests.cs","LogicMonitor.Api.Test\Extensions\DateTimeExtensionTests.cs","DateTimeExtensionTests::ToDateTimeUtcFromMs_MinValue_ClampsToDateTimeMinValueInsteadOfThrowing","DateTimeExtensionTests::ToDateTimeUtcFromMs_MinValue_ClampsToDateTimeMinValueInsteadOfThrowing()",26,32
2,1,37,0,2,"DateTimeExtensionTests::ToDateTimeUtcLong_OneDayInSeconds_ReturnsNextDay@35-36@LogicMonitor.Api.Test\Extensions\DateTimeExtensionTests.cs","LogicMonitor.Api.Test\Extensions\DateTimeExtensionTests.cs","DateTimeExtensionTests::ToDateTimeUtcLong_OneDayInSeconds_ReturnsNextDay","DateTimeExtensionTests::ToDateTimeUtcLong_OneDayInSeconds_ReturnsNextDay()",35,36
6,1,48,0,7,"DateTimeExtensionTests::ToDateTimeUtcLong_MaxValue_ClampsToDateTimeMaxValueInsteadOfThrowing@39-45@LogicMonitor.Api.Test\Extensions\DateTimeExtensionTests.cs","LogicMonitor.Api.Test\Extensions\DateTimeExtensionTests.cs","DateTimeExtensionTests::ToDateTimeUtcLong_MaxValue_ClampsToDateTimeMaxValueInsteadOfThrowing","DateTimeExtensionTests::ToDateTimeUtcLong_MaxValue_ClampsToDateTimeMaxValueInsteadOfThrowing()",39,45
6,1,48,0,7,"DateTimeExtensionTests::ToDateTimeUtcLong_MinValue_ClampsToDateTimeMinValueInsteadOfThrowing@48-54@LogicMonitor.Api.Test\Extensions\DateTimeExtensionTests.cs","LogicMonitor.Api.Test\Extensions\DateTimeExtensionTests.cs","DateTimeExtensionTests::ToDateTimeUtcLong_MinValue_ClampsToDateTimeMinValueInsteadOfThrowing","DateTimeExtensionTests::ToDateTimeUtcLong_MinValue_ClampsToDateTimeMinValueInsteadOfThrowing()",48,54
5,1,52,0,5,"DateTimeExtensionTests::InvalidValuesThrowsException@57-61@LogicMonitor.Api.Test\Extensions\DateTimeExtensionTests.cs","LogicMonitor.Api.Test\Extensions\DateTimeExtensionTests.cs","DateTimeExtensionTests::InvalidValuesThrowsException","DateTimeExtensionTests::InvalidValuesThrowsException()",57,61
5,1,52,0,5,"DateTimeExtensionTests::RangeToLargeThrowsException@64-68@LogicMonitor.Api.Test\Extensions\DateTimeExtensionTests.cs","LogicMonitor.Api.Test\Extensions\DateTimeExtensionTests.cs","DateTimeExtensionTests::RangeToLargeThrowsException","DateTimeExtensionTests::RangeToLargeThrowsException()",64,68
9,1,95,0,9,"DateTimeExtensionTests::ValuesEqualBringsBackSingleItem@71-79@LogicMonitor.Api.Test\Extensions\DateTimeExtensionTests.cs","LogicMonitor.Api.Test\Extensions\DateTimeExtensionTests.cs","DateTimeExtensionTests::ValuesEqualBringsBackSingleItem","DateTimeExtensionTests::ValuesEqualBringsBackSingleItem()",71,79
10,1,99,0,10,"DateTimeExtensionTests::ValuesOneHourApartBringsBackSingleItem@82-91@LogicMonitor.Api.Test\Extensions\DateTimeExtensionTests.cs","LogicMonitor.Api.Test\Extensions\DateTimeExtensionTests.cs","DateTimeExtensionTests::ValuesOneHourApartBringsBackSingleItem","DateTimeExtensionTests::ValuesOneHourApartBringsBackSingleItem()",82,91
12,1,147,0,16,"DateTimeExtensionTests::ValuesOneHourAndOneMinuteApartBringsBackTwoItems@94-109@LogicMonitor.Api.Test\Extensions\DateTimeExtensionTests.cs","LogicMonitor.Api.Test\Extensions\DateTimeExtensionTests.cs","DateTimeExtensionTests::ValuesOneHourAndOneMinuteApartBringsBackTwoItems","DateTimeExtensionTests::ValuesOneHourAndOneMinuteApartBringsBackTwoItems()",94,109
12,1,147,0,16,"DateTimeExtensionTests::ValuesTwoHoursAndOneMinuteApartBringsBackTwoItemsWithAChunkSizeOf2Hours@112-127@LogicMonitor.Api.Test\Extensions\DateTimeExtensionTests.cs","LogicMonitor.Api.Test\Extensions\DateTimeExtensionTests.cs","DateTimeExtensionTests::ValuesTwoHoursAndOneMinuteApartBringsBackTwoItemsWithAChunkSizeOf2Hours","DateTimeExtensionTests::ValuesTwoHoursAndOneMinuteApartBringsBackTwoItemsWithAChunkSizeOf2Hours()",112,127
14,1,201,0,20,"DateTimeExtensionTests::ValuesOneHourTwoHoursAndOneMinuteApartBringsBackThreeItems@130-149@LogicMonitor.Api.Test\Extensions\DateTimeExtensionTests.cs","LogicMonitor.Api.Test\Extensions\DateTimeExtensionTests.cs","DateTimeExtensionTests::ValuesOneHourTwoHoursAndOneMinuteApartBringsBackThreeItems","DateTimeExtensionTests::ValuesOneHourTwoHoursAndOneMinuteApartBringsBackThreeItems()",130,149
1,1,25,1,1,"EnumerableExtensions::HasDuplicates<T>@5-5@LogicMonitor.Api.Test\Extensions\EnumerableExtensions.cs","LogicMonitor.Api.Test\Extensions\EnumerableExtensions.cs","EnumerableExtensions::HasDuplicates<T>","EnumerableExtensions::HasDuplicates<T>( this IEnumerable<T> subjects)",5,5
7,1,62,2,8,"EnumerableExtensions::HasDuplicates<T>@7-14@LogicMonitor.Api.Test\Extensions\EnumerableExtensions.cs","LogicMonitor.Api.Test\Extensions\EnumerableExtensions.cs","EnumerableExtensions::HasDuplicates<T>","EnumerableExtensions::HasDuplicates<T>( this IEnumerable<T> subjects , IEqualityComparer<T> comparer)",7,14
7,1,38,0,7,"FunctionTests::GetApplications@6-12@LogicMonitor.Api.Test\Functions\FunctionTests.cs","LogicMonitor.Api.Test\Functions\FunctionTests.cs","FunctionTests::GetApplications","GetApplications()",6,12
9,1,55,0,11,"HierarchyTests::GetResourceDataSourceInstance_Succeeds@6-16@LogicMonitor.Api.Test\Hierarchy\HierarchyTests.cs","LogicMonitor.Api.Test\Hierarchy\HierarchyTests.cs","HierarchyTests::GetResourceDataSourceInstance_Succeeds","GetResourceDataSourceInstance_Succeeds()",6,16
20,2,127,0,25,"LmLogsTests::GetLogs_LastHour_ReturnsResult@6-30@LogicMonitor.Api.Test\Logging\LmLogsTests.cs","LogicMonitor.Api.Test\Logging\LmLogsTests.cs","LmLogsTests::GetLogs_LastHour_ReturnsResult","GetLogs_LastHour_ReturnsResult()",6,30
6,1,34,0,6,"LoggingTests::WriteLogAsync_WithResourceId_Succeeds@9-14@LogicMonitor.Api.Test\Logging\LoggingTests.cs","LogicMonitor.Api.Test\Logging\LoggingTests.cs","LoggingTests::WriteLogAsync_WithResourceId_Succeeds","WriteLogAsync_WithResourceId_Succeeds()",9,14
8,1,52,0,10,"LoggingTests::WriteLogAsync_WithResourceDisplayName_Succeeds@17-26@LogicMonitor.Api.Test\Logging\LoggingTests.cs","LogicMonitor.Api.Test\Logging\LoggingTests.cs","LoggingTests::WriteLogAsync_WithResourceDisplayName_Succeeds","WriteLogAsync_WithResourceDisplayName_Succeeds()",17,26
11,3,75,0,15,"LoggingTests::WriteLogAsync_WithCustomProperties_Succeeds@29-43@LogicMonitor.Api.Test\Logging\LoggingTests.cs","LogicMonitor.Api.Test\Logging\LoggingTests.cs","LoggingTests::WriteLogAsync_WithCustomProperties_Succeeds","WriteLogAsync_WithCustomProperties_Succeeds()",29,43
19,3,124,0,25,"LoggingTests::WriteLogAsync_WithDictionary_Succeeds@46-70@LogicMonitor.Api.Test\Logging\LoggingTests.cs","LogicMonitor.Api.Test\Logging\LoggingTests.cs","LoggingTests::WriteLogAsync_WithDictionary_Succeeds","WriteLogAsync_WithDictionary_Succeeds()",46,70
40,5,239,0,56,"AppliesToFunctionTests::CreateUpdateAndDelete@6-61@LogicMonitor.Api.Test\LogicModules\AppliesToFunctionTests.cs","LogicMonitor.Api.Test\LogicModules\AppliesToFunctionTests.cs","AppliesToFunctionTests::CreateUpdateAndDelete","CreateUpdateAndDelete()",6,61
6,1,38,2,6,"AppliesToFunctionTests::AppliesToFromCidrTests_Succeeds@65-70@LogicMonitor.Api.Test\LogicModules\AppliesToFunctionTests.cs","LogicMonitor.Api.Test\LogicModules\AppliesToFunctionTests.cs","AppliesToFunctionTests::AppliesToFromCidrTests_Succeeds","AppliesToFromCidrTests_Succeeds( string input , string expected)",65,70
3,1,34,1,3,"AppliesToFunctionTests::AppliesToFromCidrTests_ThrowsFormatException@79-81@LogicMonitor.Api.Test\LogicModules\AppliesToFunctionTests.cs","LogicMonitor.Api.Test\LogicModules\AppliesToFunctionTests.cs","AppliesToFunctionTests::AppliesToFromCidrTests_ThrowsFormatException","AppliesToFromCidrTests_ThrowsFormatException( string input)",79,81
3,1,34,1,3,"AppliesToFunctionTests::AppliesToFromCidrTests_ThrowsNotSupportedException@107-109@LogicMonitor.Api.Test\LogicModules\AppliesToFunctionTests.cs","LogicMonitor.Api.Test\LogicModules\AppliesToFunctionTests.cs","AppliesToFunctionTests::AppliesToFromCidrTests_ThrowsNotSupportedException","AppliesToFromCidrTests_ThrowsNotSupportedException( string input)",107,109
7,1,38,0,7,"AppliesToFunctionTests::CustomerCodeWorks@112-118@LogicMonitor.Api.Test\LogicModules\AppliesToFunctionTests.cs","LogicMonitor.Api.Test\LogicModules\AppliesToFunctionTests.cs","AppliesToFunctionTests::CustomerCodeWorks","CustomerCodeWorks()",112,118
7,1,52,0,11,"ConfigSourceTests2::GetAllConfigSources@8-18@LogicMonitor.Api.Test\LogicModules\ConfigSourceTests2.cs","LogicMonitor.Api.Test\LogicModules\ConfigSourceTests2.cs","ConfigSourceTests2::GetAllConfigSources","GetAllConfigSources()",8,18
9,1,60,0,9,"ConfigSourceTests2::GetConfigSourceById@21-29@LogicMonitor.Api.Test\LogicModules\ConfigSourceTests2.cs","LogicMonitor.Api.Test\LogicModules\ConfigSourceTests2.cs","ConfigSourceTests2::GetConfigSourceById","GetConfigSourceById()",21,29
15,1,115,0,20,"ConfigSourceTests2::UpdateAuditVersion@32-51@LogicMonitor.Api.Test\LogicModules\ConfigSourceTests2.cs","LogicMonitor.Api.Test\LogicModules\ConfigSourceTests2.cs","ConfigSourceTests2::UpdateAuditVersion","UpdateAuditVersion()",32,51
7,1,37,0,11,"DataSourceDeserializationTests::GetAllDataSources_DeserialisesEveryDataSource@6-16@LogicMonitor.Api.Test\LogicModules\DataSourceDeserializationTests.cs","LogicMonitor.Api.Test\LogicModules\DataSourceDeserializationTests.cs","DataSourceDeserializationTests::GetAllDataSources_DeserialisesEveryDataSource","GetAllDataSources_DeserialisesEveryDataSource()",6,16
25,6,147,0,36,"DataSourceGraphWriteTests::UpdateDataSourceGraph_NoOpRoundTrip_Succeeds@6-41@LogicMonitor.Api.Test\LogicModules\DataSourceGraphWriteTests.cs","LogicMonitor.Api.Test\LogicModules\DataSourceGraphWriteTests.cs","DataSourceGraphWriteTests::UpdateDataSourceGraph_NoOpRoundTrip_Succeeds","UpdateDataSourceGraph_NoOpRoundTrip_Succeeds()",6,41
7,1,44,0,7,"DataSourceTests::GetDataSourceByName@8-14@LogicMonitor.Api.Test\LogicModules\DataSourceTests.cs","LogicMonitor.Api.Test\LogicModules\DataSourceTests.cs","DataSourceTests::GetDataSourceByName","GetDataSourceByName()",8,14
12,2,99,0,15,"DataSourceTests::GetDeviceGroupDataSources@17-31@LogicMonitor.Api.Test\LogicModules\DataSourceTests.cs","LogicMonitor.Api.Test\LogicModules\DataSourceTests.cs","DataSourceTests::GetDeviceGroupDataSources","GetDeviceGroupDataSources()",17,31
45,3,244,0,54,"DataSourceTests::GetDeviceGroupDeviceDataSourceInstances@34-87@LogicMonitor.Api.Test\LogicModules\DataSourceTests.cs","LogicMonitor.Api.Test\LogicModules\DataSourceTests.cs","DataSourceTests::GetDeviceGroupDeviceDataSourceInstances","GetDeviceGroupDeviceDataSourceInstances()",34,87
9,1,67,0,9,"DataSourceTests::GetWinService@91-99@LogicMonitor.Api.Test\LogicModules\DataSourceTests.cs","LogicMonitor.Api.Test\LogicModules\DataSourceTests.cs","DataSourceTests::GetWinService","GetWinService()",91,99
6,1,32,0,6,"DataSourceTests::GetMonitoredWinService@102-107@LogicMonitor.Api.Test\LogicModules\DataSourceTests.cs","LogicMonitor.Api.Test\LogicModules\DataSourceTests.cs","DataSourceTests::GetMonitoredWinService","GetMonitoredWinService()",102,107
9,2,50,0,10,"DataSourceTests::GetXml@110-119@LogicMonitor.Api.Test\LogicModules\DataSourceTests.cs","LogicMonitor.Api.Test\LogicModules\DataSourceTests.cs","DataSourceTests::GetXml","GetXml()",110,119
18,1,153,0,28,"DataSourceTests::GetDataSourcesPage@122-149@LogicMonitor.Api.Test\LogicModules\DataSourceTests.cs","LogicMonitor.Api.Test\LogicModules\DataSourceTests.cs","DataSourceTests::GetDataSourcesPage","GetDataSourcesPage()",122,149
7,1,39,0,7,"DataSourceTests::GetAllDataSources@152-158@LogicMonitor.Api.Test\LogicModules\DataSourceTests.cs","LogicMonitor.Api.Test\LogicModules\DataSourceTests.cs","DataSourceTests::GetAllDataSources","GetAllDataSources()",152,158
16,3,139,0,16,"DataSourceTests::GetDataPointThresholdDetailsForDeviceDataSourceInstance@161-176@LogicMonitor.Api.Test\LogicModules\DataSourceTests.cs","LogicMonitor.Api.Test\LogicModules\DataSourceTests.cs","DataSourceTests::GetDataPointThresholdDetailsForDeviceDataSourceInstance","GetDataPointThresholdDetailsForDeviceDataSourceInstance()",161,176
6,1,28,0,6,"DataSourceTests::GetDataSourceByUniqueName_ValidName_Ok@179-184@LogicMonitor.Api.Test\LogicModules\DataSourceTests.cs","LogicMonitor.Api.Test\LogicModules\DataSourceTests.cs","DataSourceTests::GetDataSourceByUniqueName_ValidName_Ok","GetDataSourceByUniqueName_ValidName_Ok()",179,184
9,2,54,0,9,"DataSourceTests::GetDataSourceByUniqueName_ValidNameWithSpaces_Ok@187-195@LogicMonitor.Api.Test\LogicModules\DataSourceTests.cs","LogicMonitor.Api.Test\LogicModules\DataSourceTests.cs","DataSourceTests::GetDataSourceByUniqueName_ValidNameWithSpaces_Ok","GetDataSourceByUniqueName_ValidNameWithSpaces_Ok()",187,195
6,1,28,0,6,"DataSourceTests::GetDataSourceByUniqueName_BadName_Null@198-203@LogicMonitor.Api.Test\LogicModules\DataSourceTests.cs","LogicMonitor.Api.Test\LogicModules\DataSourceTests.cs","DataSourceTests::GetDataSourceByUniqueName_BadName_Null","GetDataSourceByUniqueName_BadName_Null()",198,203
71,4,398,0,79,"DataSourceTests::GetDeviceDataSourceInstances@207-285@LogicMonitor.Api.Test\LogicModules\DataSourceTests.cs","LogicMonitor.Api.Test\LogicModules\DataSourceTests.cs","DataSourceTests::GetDeviceDataSourceInstances","GetDeviceDataSourceInstances()",207,285
8,2,51,0,8,"DataSourceTests::TestResourceGroupAlertSettings@288-295@LogicMonitor.Api.Test\LogicModules\DataSourceTests.cs","LogicMonitor.Api.Test\LogicModules\DataSourceTests.cs","DataSourceTests::TestResourceGroupAlertSettings","TestResourceGroupAlertSettings()",288,295
29,1,131,0,30,"DataSourceTests::GetDeviceDataSourceByName_IsFast@298-327@LogicMonitor.Api.Test\LogicModules\DataSourceTests.cs","LogicMonitor.Api.Test\LogicModules\DataSourceTests.cs","DataSourceTests::GetDeviceDataSourceByName_IsFast","GetDeviceDataSourceByName_IsFast()",298,327
46,1,221,0,59,"DataSourceTests::GetDeviceDataSources@330-388@LogicMonitor.Api.Test\LogicModules\DataSourceTests.cs","LogicMonitor.Api.Test\LogicModules\DataSourceTests.cs","DataSourceTests::GetDeviceDataSources","GetDeviceDataSources()",330,388
21,1,126,0,24,"DataSourceTests::CollectDeviceConfig@392-415@LogicMonitor.Api.Test\LogicModules\DataSourceTests.cs","LogicMonitor.Api.Test\LogicModules\DataSourceTests.cs","DataSourceTests::CollectDeviceConfig","CollectDeviceConfig()",392,415
16,1,109,0,22,"DataSourceTests::GetFilteredDataSources@418-439@LogicMonitor.Api.Test\LogicModules\DataSourceTests.cs","LogicMonitor.Api.Test\LogicModules\DataSourceTests.cs","DataSourceTests::GetFilteredDataSources","GetFilteredDataSources()",418,439
7,1,67,0,10,"DataSourceTests::GetDataSourceGroupsQuickly@442-451@LogicMonitor.Api.Test\LogicModules\DataSourceTests.cs","LogicMonitor.Api.Test\LogicModules\DataSourceTests.cs","DataSourceTests::GetDataSourceGroupsQuickly","GetDataSourceGroupsQuickly()",442,451
6,1,44,0,7,"DataSourceTests::GetDataSourceCollectionMethodsQuickly@454-460@LogicMonitor.Api.Test\LogicModules\DataSourceTests.cs","LogicMonitor.Api.Test\LogicModules\DataSourceTests.cs","DataSourceTests::GetDataSourceCollectionMethodsQuickly","GetDataSourceCollectionMethodsQuickly()",454,460
10,3,76,0,10,"DataSourceTests::WindowsServerDisks@463-472@LogicMonitor.Api.Test\LogicModules\DataSourceTests.cs","LogicMonitor.Api.Test\LogicModules\DataSourceTests.cs","DataSourceTests::WindowsServerDisks","WindowsServerDisks()",463,472
14,2,82,0,19,"DataSourceTests::GetDataSourceOGraphByName@475-493@LogicMonitor.Api.Test\LogicModules\DataSourceTests.cs","LogicMonitor.Api.Test\LogicModules\DataSourceTests.cs","DataSourceTests::GetDataSourceOGraphByName","GetDataSourceOGraphByName()",475,493
13,2,84,0,16,"DataSourceTests::GetDataSourceGraph@496-511@LogicMonitor.Api.Test\LogicModules\DataSourceTests.cs","LogicMonitor.Api.Test\LogicModules\DataSourceTests.cs","DataSourceTests::GetDataSourceGraph","GetDataSourceGraph()",496,511
6,1,29,0,6,"DataSourceTests2::GetAllDeviceDataSourcesAsync@6-11@LogicMonitor.Api.Test\LogicModules\DataSourceTests2.cs","LogicMonitor.Api.Test\LogicModules\DataSourceTests2.cs","DataSourceTests2::GetAllDeviceDataSourcesAsync","GetAllDeviceDataSourcesAsync()",6,11
6,1,28,0,6,"EventSourceTests::GetResourceGroupEventSources@7-12@LogicMonitor.Api.Test\LogicModules\EventSourceTests.cs","LogicMonitor.Api.Test\LogicModules\EventSourceTests.cs","EventSourceTests::GetResourceGroupEventSources","GetResourceGroupEventSources()",7,12
9,2,53,0,9,"EventSourceTests2::GetXml@8-16@LogicMonitor.Api.Test\LogicModules\EventSourceTests2.cs","LogicMonitor.Api.Test\LogicModules\EventSourceTests2.cs","EventSourceTests2::GetXml","GetXml()",8,16
19,1,172,0,30,"EventSourceTests2::GetAllEventSources@19-48@LogicMonitor.Api.Test\LogicModules\EventSourceTests2.cs","LogicMonitor.Api.Test\LogicModules\EventSourceTests2.cs","EventSourceTests2::GetAllEventSources","GetAllEventSources()",19,48
10,2,72,0,13,"EventSourceTests2::GetEventSourceByName@51-63@LogicMonitor.Api.Test\LogicModules\EventSourceTests2.cs","LogicMonitor.Api.Test\LogicModules\EventSourceTests2.cs","EventSourceTests2::GetEventSourceByName","GetEventSourceByName()",51,63
16,1,99,0,22,"EventSourceTests2::GetDeviceEventSources@66-87@LogicMonitor.Api.Test\LogicModules\EventSourceTests2.cs","LogicMonitor.Api.Test\LogicModules\EventSourceTests2.cs","EventSourceTests2::GetDeviceEventSources","GetDeviceEventSources()",66,87
9,1,62,0,12,"EventSourceTests2::GetDeviceEventSourceByIdAsync@90-101@LogicMonitor.Api.Test\LogicModules\EventSourceTests2.cs","LogicMonitor.Api.Test\LogicModules\EventSourceTests2.cs","EventSourceTests2::GetDeviceEventSourceByIdAsync","GetDeviceEventSourceByIdAsync()",90,101
16,1,109,0,22,"EventSourceTests2::GetFilteredEventSources@104-125@LogicMonitor.Api.Test\LogicModules\EventSourceTests2.cs","LogicMonitor.Api.Test\LogicModules\EventSourceTests2.cs","EventSourceTests2::GetFilteredEventSources","GetFilteredEventSources()",104,125
9,1,78,0,11,"EventSourceTests2::GetEventSourceGroupsAsync@128-138@LogicMonitor.Api.Test\LogicModules\EventSourceTests2.cs","LogicMonitor.Api.Test\LogicModules\EventSourceTests2.cs","EventSourceTests2::GetEventSourceGroupsAsync","GetEventSourceGroupsAsync()",128,138
12,1,107,0,17,"ExchangeLogicModuleTests::GetExchangeLogicModules_ReturnsAllTypesInOneCall@11-27@LogicMonitor.Api.Test\LogicModules\ExchangeLogicModuleTests.cs","LogicMonitor.Api.Test\LogicModules\ExchangeLogicModuleTests.cs","ExchangeLogicModuleTests::GetExchangeLogicModules_ReturnsAllTypesInOneCall","GetExchangeLogicModules_ReturnsAllTypesInOneCall()",11,27
33,1,395,0,39,"ExchangeLogicModuleTests::ExchangeLogicModule_DerivedFlags_AreCorrect@33-71@LogicMonitor.Api.Test\LogicModules\ExchangeLogicModuleTests.cs","LogicMonitor.Api.Test\LogicModules\ExchangeLogicModuleTests.cs","ExchangeLogicModuleTests::ExchangeLogicModule_DerivedFlags_AreCorrect","ExchangeLogicModule_DerivedFlags_AreCorrect()",33,71
13,2,104,0,19,"LogicModuleExportImportTests::GetDataSourceJson@6-24@LogicMonitor.Api.Test\LogicModules\LogicModuleExportImportTests.cs","LogicMonitor.Api.Test\LogicModules\LogicModuleExportImportTests.cs","LogicModuleExportImportTests::GetDataSourceJson","GetDataSourceJson()",6,24
15,2,84,0,24,"LogicModuleExportImportTests::GetEventSourceJson@27-50@LogicMonitor.Api.Test\LogicModules\LogicModuleExportImportTests.cs","LogicMonitor.Api.Test\LogicModules\LogicModuleExportImportTests.cs","LogicModuleExportImportTests::GetEventSourceJson","GetEventSourceJson()",27,50
15,2,84,0,24,"LogicModuleExportImportTests::GetConfigSourceJson@53-76@LogicMonitor.Api.Test\LogicModules\LogicModuleExportImportTests.cs","LogicMonitor.Api.Test\LogicModules\LogicModuleExportImportTests.cs","LogicModuleExportImportTests::GetConfigSourceJson","GetConfigSourceJson()",53,76
15,2,84,0,24,"LogicModuleExportImportTests::GetPropertySourceJson@79-102@LogicMonitor.Api.Test\LogicModules\LogicModuleExportImportTests.cs","LogicMonitor.Api.Test\LogicModules\LogicModuleExportImportTests.cs","LogicModuleExportImportTests::GetPropertySourceJson","GetPropertySourceJson()",79,102
11,1,78,0,17,"LogicModuleExportImportTests::GetLogicModuleJsonByType@105-121@LogicMonitor.Api.Test\LogicModules\LogicModuleExportImportTests.cs","LogicMonitor.Api.Test\LogicModules\LogicModuleExportImportTests.cs","LogicModuleExportImportTests::GetLogicModuleJsonByType","GetLogicModuleJsonByType()",105,121
16,1,131,0,27,"LogicModuleExportImportTests::CompareJsonAndXmlExport@124-150@LogicMonitor.Api.Test\LogicModules\LogicModuleExportImportTests.cs","LogicMonitor.Api.Test\LogicModules\LogicModuleExportImportTests.cs","LogicModuleExportImportTests::CompareJsonAndXmlExport","CompareJsonAndXmlExport()",124,150
15,2,84,0,24,"LogicModuleExportImportTests::GetAppliesToFunctionJson@153-176@LogicMonitor.Api.Test\LogicModules\LogicModuleExportImportTests.cs","LogicMonitor.Api.Test\LogicModules\LogicModuleExportImportTests.cs","LogicModuleExportImportTests::GetAppliesToFunctionJson","GetAppliesToFunctionJson()",153,176
15,2,84,0,24,"LogicModuleExportImportTests::GetTopologySourceJson@179-202@LogicMonitor.Api.Test\LogicModules\LogicModuleExportImportTests.cs","LogicMonitor.Api.Test\LogicModules\LogicModuleExportImportTests.cs","LogicModuleExportImportTests::GetTopologySourceJson","GetTopologySourceJson()",179,202
15,2,84,0,24,"LogicModuleExportImportTests::GetJobMonitorJson@205-228@LogicMonitor.Api.Test\LogicModules\LogicModuleExportImportTests.cs","LogicMonitor.Api.Test\LogicModules\LogicModuleExportImportTests.cs","LogicModuleExportImportTests::GetJobMonitorJson","GetJobMonitorJson()",205,228
30,2,169,0,43,"LogicModuleExportImportTests::ExportDataSourceToJsonFile@231-273@LogicMonitor.Api.Test\LogicModules\LogicModuleExportImportTests.cs","LogicMonitor.Api.Test\LogicModules\LogicModuleExportImportTests.cs","LogicModuleExportImportTests::ExportDataSourceToJsonFile","ExportDataSourceToJsonFile()",231,273
29,2,164,0,40,"LogicModuleExportImportTests::ExportDataSourceToXmlFile@276-315@LogicMonitor.Api.Test\LogicModules\LogicModuleExportImportTests.cs","LogicMonitor.Api.Test\LogicModules\LogicModuleExportImportTests.cs","LogicModuleExportImportTests::ExportDataSourceToXmlFile","ExportDataSourceToXmlFile()",276,315
11,2,72,0,11,"LogicModuleMetadataTests::GetDataSourceMetadata@6-16@LogicMonitor.Api.Test\LogicModules\LogicModuleMetadataTests.cs","LogicMonitor.Api.Test\LogicModules\LogicModuleMetadataTests.cs","LogicModuleMetadataTests::GetDataSourceMetadata","GetDataSourceMetadata()",6,16
13,2,76,0,13,"LogicModuleMetadataTests::GetConfigSourceMetadata@22-34@LogicMonitor.Api.Test\LogicModules\LogicModuleMetadataTests.cs","LogicMonitor.Api.Test\LogicModules\LogicModuleMetadataTests.cs","LogicModuleMetadataTests::GetConfigSourceMetadata","GetConfigSourceMetadata()",22,34
13,2,76,0,13,"LogicModuleMetadataTests::GetPropertySourceMetadata@37-49@LogicMonitor.Api.Test\LogicModules\LogicModuleMetadataTests.cs","LogicMonitor.Api.Test\LogicModules\LogicModuleMetadataTests.cs","LogicModuleMetadataTests::GetPropertySourceMetadata","GetPropertySourceMetadata()",37,49
9,1,77,1,9,"LogicModuleMetadataTests::CheckMetadata@51-59@LogicMonitor.Api.Test\LogicModules\LogicModuleMetadataTests.cs","LogicMonitor.Api.Test\LogicModules\LogicModuleMetadataTests.cs","LogicModuleMetadataTests::CheckMetadata","CheckMetadata( LogicModuleMetadata logicModuleMetadata)",51,59
6,1,29,0,7,"LogSourceTests::GetAllLogSources@6-12@LogicMonitor.Api.Test\LogicModules\LogSourceTests.cs","LogicMonitor.Api.Test\LogicModules\LogSourceTests.cs","LogSourceTests::GetAllLogSources","GetAllLogSources()",6,12
13,2,80,0,16,"LogSourceTests::GetLogSourceById_WhenAvailable@15-30@LogicMonitor.Api.Test\LogicModules\LogSourceTests.cs","LogicMonitor.Api.Test\LogicModules\LogSourceTests.cs","LogSourceTests::GetLogSourceById_WhenAvailable","GetLogSourceById_WhenAvailable()",15,30
9,2,53,0,10,"PropertySourceTests::GetJson@11-20@LogicMonitor.Api.Test\LogicModules\PropertySourceTests.cs","LogicMonitor.Api.Test\LogicModules\PropertySourceTests.cs","PropertySourceTests::GetJson","GetJson()",11,20
2,1,16,0,2,"TopologySourceTests::BasicTopologySourceTest@6-7@LogicMonitor.Api.Test\LogicModules\TopologySourceTests.cs","LogicMonitor.Api.Test\LogicModules\TopologySourceTests.cs","TopologySourceTests::BasicTopologySourceTest","BasicTopologySourceTest()",6,7
6,1,38,2,6,"FlowTests::FlowTests@7-12@LogicMonitor.Api.Test\Netflow\FlowTests.cs","LogicMonitor.Api.Test\Netflow\FlowTests.cs","FlowTests::FlowTests","FlowTests::FlowTests( ITestOutputHelper iTestOutputHelper , Fixture fixture)",7,12
12,1,36,0,14,"FlowTests::GetApplications@18-31@LogicMonitor.Api.Test\Netflow\FlowTests.cs","LogicMonitor.Api.Test\Netflow\FlowTests.cs","FlowTests::GetApplications","FlowTests::GetApplications()",18,31
21,1,125,0,24,"FlowTests::GetApplicationsForDeviceGroup@34-57@LogicMonitor.Api.Test\Netflow\FlowTests.cs","LogicMonitor.Api.Test\Netflow\FlowTests.cs","FlowTests::GetApplicationsForDeviceGroup","FlowTests::GetApplicationsForDeviceGroup()",34,57
17,1,120,0,20,"FlowTests::GetBandwidthsForDeviceGroup@60-79@LogicMonitor.Api.Test\Netflow\FlowTests.cs","LogicMonitor.Api.Test\Netflow\FlowTests.cs","FlowTests::GetBandwidthsForDeviceGroup","FlowTests::GetBandwidthsForDeviceGroup()",60,79
17,1,120,0,20,"FlowTests::GetFlowsForDeviceGroup@82-101@LogicMonitor.Api.Test\Netflow\FlowTests.cs","LogicMonitor.Api.Test\Netflow\FlowTests.cs","FlowTests::GetFlowsForDeviceGroup","FlowTests::GetFlowsForDeviceGroup()",82,101
9,1,42,0,13,"FlowTests::GetFlowApplications@104-116@LogicMonitor.Api.Test\Netflow\FlowTests.cs","LogicMonitor.Api.Test\Netflow\FlowTests.cs","FlowTests::GetFlowApplications","FlowTests::GetFlowApplications()",104,116
9,1,42,0,13,"FlowTests::GetFlows@119-131@LogicMonitor.Api.Test\Netflow\FlowTests.cs","LogicMonitor.Api.Test\Netflow\FlowTests.cs","FlowTests::GetFlows","FlowTests::GetFlows()",119,131
9,1,42,0,13,"FlowTests::GetPorts@134-146@LogicMonitor.Api.Test\Netflow\FlowTests.cs","LogicMonitor.Api.Test\Netflow\FlowTests.cs","FlowTests::GetPorts","FlowTests::GetPorts()",134,146
11,1,50,0,13,"FlowTests::GetZoomTimeFlows@149-161@LogicMonitor.Api.Test\Netflow\FlowTests.cs","LogicMonitor.Api.Test\Netflow\FlowTests.cs","FlowTests::GetZoomTimeFlows","FlowTests::GetZoomTimeFlows()",149,161
6,1,38,0,6,"FlowTests::GetDeviceFlowInformation@164-169@LogicMonitor.Api.Test\Netflow\FlowTests.cs","LogicMonitor.Api.Test\Netflow\FlowTests.cs","FlowTests::GetDeviceFlowInformation","FlowTests::GetDeviceFlowInformation()",164,169
23,4,169,0,31,"OpsNotesTests::GetOpsNotes@11-41@LogicMonitor.Api.Test\OpsNotes\OpsNotesTests.cs","LogicMonitor.Api.Test\OpsNotes\OpsNotesTests.cs","OpsNotesTests::GetOpsNotes","GetOpsNotes()",11,41
49,5,427,1,65,"OpsNotesTests::AddRemoveOpsNote@48-112@LogicMonitor.Api.Test\OpsNotes\OpsNotesTests.cs","LogicMonitor.Api.Test\OpsNotes\OpsNotesTests.cs","OpsNotesTests::AddRemoveOpsNote","AddRemoveOpsNote( Type t)",48,112
18,2,131,0,26,"AlertCommandsTests::GetLMAlert_WithConnection_ShouldReturnAlerts@12-37@LogicMonitor.Api.Test\PowerShell\AlertCommandsTests.cs","LogicMonitor.Api.Test\PowerShell\AlertCommandsTests.cs","AlertCommandsTests::GetLMAlert_WithConnection_ShouldReturnAlerts","GetLMAlert_WithConnection_ShouldReturnAlerts()",12,37
21,4,131,0,31,"AlertCommandsTests::GetLMAlert_WithSpecificId_ShouldReturnSingleAlert@40-70@LogicMonitor.Api.Test\PowerShell\AlertCommandsTests.cs","LogicMonitor.Api.Test\PowerShell\AlertCommandsTests.cs","AlertCommandsTests::GetLMAlert_WithSpecificId_ShouldReturnSingleAlert","GetLMAlert_WithSpecificId_ShouldReturnSingleAlert()",40,70
30,10,151,0,43,"AlertCommandsTests::ConfirmLMAlert_WithValidAlert_ShouldSucceed@73-115@LogicMonitor.Api.Test\PowerShell\AlertCommandsTests.cs","LogicMonitor.Api.Test\PowerShell\AlertCommandsTests.cs","AlertCommandsTests::ConfirmLMAlert_WithValidAlert_ShouldSucceed","ConfirmLMAlert_WithValidAlert_ShouldSucceed()",73,115
20,3,107,0,31,"AlertCommandsTests::AddLMAlertNote_WithValidAlert_ShouldSucceed@118-148@LogicMonitor.Api.Test\PowerShell\AlertCommandsTests.cs","LogicMonitor.Api.Test\PowerShell\AlertCommandsTests.cs","AlertCommandsTests::AddLMAlertNote_WithValidAlert_ShouldSucceed","AddLMAlertNote_WithValidAlert_ShouldSucceed()",118,148
11,1,58,0,15,"AlertCommandsTests::GetLMAlert_WithInvalidId_ShouldFail@151-165@LogicMonitor.Api.Test\PowerShell\AlertCommandsTests.cs","LogicMonitor.Api.Test\PowerShell\AlertCommandsTests.cs","AlertCommandsTests::GetLMAlert_WithInvalidId_ShouldFail","GetLMAlert_WithInvalidId_ShouldFail()",151,165
12,1,64,0,16,"AlertCommandsTests::ConfirmLMAlert_WithInvalidId_ShouldFail@168-183@LogicMonitor.Api.Test\PowerShell\AlertCommandsTests.cs","LogicMonitor.Api.Test\PowerShell\AlertCommandsTests.cs","AlertCommandsTests::ConfirmLMAlert_WithInvalidId_ShouldFail","ConfirmLMAlert_WithInvalidId_ShouldFail()",168,183
14,2,95,0,19,"ConnectionCommandsTests::ConnectLogicMonitor_WithValidCredentials_ShouldSucceed@10-28@LogicMonitor.Api.Test\PowerShell\ConnectionCommandsTests.cs","LogicMonitor.Api.Test\PowerShell\ConnectionCommandsTests.cs","ConnectionCommandsTests::ConnectLogicMonitor_WithValidCredentials_ShouldSucceed","ConnectLogicMonitor_WithValidCredentials_ShouldSucceed()",10,28
12,1,67,0,14,"ConnectionCommandsTests::ConnectLogicMonitor_WithInvalidCredentials_ShouldFail@31-44@LogicMonitor.Api.Test\PowerShell\ConnectionCommandsTests.cs","LogicMonitor.Api.Test\PowerShell\ConnectionCommandsTests.cs","ConnectionCommandsTests::ConnectLogicMonitor_WithInvalidCredentials_ShouldFail","ConnectLogicMonitor_WithInvalidCredentials_ShouldFail()",31,44
10,2,75,0,17,"ConnectionCommandsTests::DisconnectLogicMonitor_WhenConnected_ShouldSucceed@47-63@LogicMonitor.Api.Test\PowerShell\ConnectionCommandsTests.cs","LogicMonitor.Api.Test\PowerShell\ConnectionCommandsTests.cs","ConnectionCommandsTests::DisconnectLogicMonitor_WhenConnected_ShouldSucceed","DisconnectLogicMonitor_WhenConnected_ShouldSucceed()",47,63
7,2,50,0,10,"ConnectionCommandsTests::TestLMConnection_WhenNotConnected_ShouldReturnFalse@66-75@LogicMonitor.Api.Test\PowerShell\ConnectionCommandsTests.cs","LogicMonitor.Api.Test\PowerShell\ConnectionCommandsTests.cs","ConnectionCommandsTests::TestLMConnection_WhenNotConnected_ShouldReturnFalse","TestLMConnection_WhenNotConnected_ShouldReturnFalse()",66,75
46,9,252,0,65,"DataCommandsTests::GetLMRawData_WithValidParameters_ShouldReturnData@10-74@LogicMonitor.Api.Test\PowerShell\DataCommandsTests.cs","LogicMonitor.Api.Test\PowerShell\DataCommandsTests.cs","DataCommandsTests::GetLMRawData_WithValidParameters_ShouldReturnData","GetLMRawData_WithValidParameters_ShouldReturnData()",10,74
37,7,221,0,52,"DataCommandsTests::InvokeLMPollNow_WithValidParameters_ShouldTriggerPoll@77-128@LogicMonitor.Api.Test\PowerShell\DataCommandsTests.cs","LogicMonitor.Api.Test\PowerShell\DataCommandsTests.cs","DataCommandsTests::InvokeLMPollNow_WithValidParameters_ShouldTriggerPoll","InvokeLMPollNow_WithValidParameters_ShouldTriggerPoll()",77,128
26,5,157,0,37,"DataCommandsTests::GetLMGraphData_WithValidParameters_ShouldReturnGraphData@131-167@LogicMonitor.Api.Test\PowerShell\DataCommandsTests.cs","LogicMonitor.Api.Test\PowerShell\DataCommandsTests.cs","DataCommandsTests::GetLMGraphData_WithValidParameters_ShouldReturnGraphData","GetLMGraphData_WithValidParameters_ShouldReturnGraphData()",131,167
28,4,151,0,36,"DataCommandsTests::GetLMGraphData_WithTimeRange_ShouldReturnFilteredData@170-205@LogicMonitor.Api.Test\PowerShell\DataCommandsTests.cs","LogicMonitor.Api.Test\PowerShell\DataCommandsTests.cs","DataCommandsTests::GetLMGraphData_WithTimeRange_ShouldReturnFilteredData","GetLMGraphData_WithTimeRange_ShouldReturnFilteredData()",170,205
28,5,185,0,38,"DataCommandsTests::GetLMFetchData_WithValidParameters_ShouldReturnFetchData@208-245@LogicMonitor.Api.Test\PowerShell\DataCommandsTests.cs","LogicMonitor.Api.Test\PowerShell\DataCommandsTests.cs","DataCommandsTests::GetLMFetchData_WithValidParameters_ShouldReturnFetchData","GetLMFetchData_WithValidParameters_ShouldReturnFetchData()",208,245
6,1,37,2,6,"PowerShellTestBase::PowerShellTestBase@24-29@LogicMonitor.Api.Test\PowerShell\PowerShellTestBase.cs","LogicMonitor.Api.Test\PowerShell\PowerShellTestBase.cs","PowerShellTestBase::PowerShellTestBase","PowerShellTestBase::PowerShellTestBase( ITestOutputHelper iTestOutputHelper , Fixture fixture)",24,29
13,2,77,0,18,"PowerShellTestBase::SetupPowerShell@31-48@LogicMonitor.Api.Test\PowerShell\PowerShellTestBase.cs","LogicMonitor.Api.Test\PowerShell\PowerShellTestBase.cs","PowerShellTestBase::SetupPowerShell","PowerShellTestBase::SetupPowerShell()",31,48
26,5,147,0,31,"PowerShellTestBase::GetModulePath@50-80@LogicMonitor.Api.Test\PowerShell\PowerShellTestBase.cs","LogicMonitor.Api.Test\PowerShell\PowerShellTestBase.cs","PowerShellTestBase::GetModulePath","PowerShellTestBase::GetModulePath()",50,80
27,4,155,0,31,"PowerShellTestBase::ConnectToLogicMonitor@85-115@LogicMonitor.Api.Test\PowerShell\PowerShellTestBase.cs","LogicMonitor.Api.Test\PowerShell\PowerShellTestBase.cs","PowerShellTestBase::ConnectToLogicMonitor","PowerShellTestBase::ConnectToLogicMonitor()",85,115
17,3,60,0,18,"PowerShellTestBase::DisconnectFromLogicMonitor@120-137@LogicMonitor.Api.Test\PowerShell\PowerShellTestBase.cs","LogicMonitor.Api.Test\PowerShell\PowerShellTestBase.cs","PowerShellTestBase::DisconnectFromLogicMonitor","PowerShellTestBase::DisconnectFromLogicMonitor()",120,137
26,4,145,1,30,"PowerShellTestBase::InvokePowerShell@142-171@LogicMonitor.Api.Test\PowerShell\PowerShellTestBase.cs","LogicMonitor.Api.Test\PowerShell\PowerShellTestBase.cs","PowerShellTestBase::InvokePowerShell","PowerShellTestBase::InvokePowerShell( string command)",142,171
30,4,178,2,35,"PowerShellTestBase::InvokePowerShell@176-210@LogicMonitor.Api.Test\PowerShell\PowerShellTestBase.cs","LogicMonitor.Api.Test\PowerShell\PowerShellTestBase.cs","PowerShellTestBase::InvokePowerShell","PowerShellTestBase::InvokePowerShell( string commandName , Dictionary<string,object> parameters)",176,210
9,4,31,1,9,"PowerShellTestBase::Dispose@212-220@LogicMonitor.Api.Test\PowerShell\PowerShellTestBase.cs","LogicMonitor.Api.Test\PowerShell\PowerShellTestBase.cs","PowerShellTestBase::Dispose","PowerShellTestBase::Dispose( bool disposing)",212,220
24,3,176,0,35,"PropertyCommandsTests::GetLMResourceProperty_WithValidResource_ShouldReturnProperties@10-44@LogicMonitor.Api.Test\PowerShell\PropertyCommandsTests.cs","LogicMonitor.Api.Test\PowerShell\PropertyCommandsTests.cs","PropertyCommandsTests::GetLMResourceProperty_WithValidResource_ShouldReturnProperties","GetLMResourceProperty_WithValidResource_ShouldReturnProperties()",10,44
59,6,355,0,79,"PropertyCommandsTests::SetLMResourceProperty_AndGet_ShouldWorkEndToEnd@47-125@LogicMonitor.Api.Test\PowerShell\PropertyCommandsTests.cs","LogicMonitor.Api.Test\PowerShell\PropertyCommandsTests.cs","PropertyCommandsTests::SetLMResourceProperty_AndGet_ShouldWorkEndToEnd","SetLMResourceProperty_AndGet_ShouldWorkEndToEnd()",47,125
26,4,192,0,37,"PropertyCommandsTests::GetLMResourceProperty_WithSpecificPropertyName_ShouldReturnSingleProperty@128-164@LogicMonitor.Api.Test\PowerShell\PropertyCommandsTests.cs","LogicMonitor.Api.Test\PowerShell\PropertyCommandsTests.cs","PropertyCommandsTests::GetLMResourceProperty_WithSpecificPropertyName_ShouldReturnSingleProperty","GetLMResourceProperty_WithSpecificPropertyName_ShouldReturnSingleProperty()",128,164
19,2,116,0,28,"PropertyCommandsTests::RemoveLMResourceProperty_WithNonExistentProperty_ShouldBeNoOp@167-194@LogicMonitor.Api.Test\PowerShell\PropertyCommandsTests.cs","LogicMonitor.Api.Test\PowerShell\PropertyCommandsTests.cs","PropertyCommandsTests::RemoveLMResourceProperty_WithNonExistentProperty_ShouldBeNoOp","RemoveLMResourceProperty_WithNonExistentProperty_ShouldBeNoOp()",167,194
6,1,36,0,10,"ResourceCommandsTests::GetLMResource_WithoutConnection_ShouldFail@10-19@LogicMonitor.Api.Test\PowerShell\ResourceCommandsTests.cs","LogicMonitor.Api.Test\PowerShell\ResourceCommandsTests.cs","ResourceCommandsTests::GetLMResource_WithoutConnection_ShouldFail","GetLMResource_WithoutConnection_ShouldFail()",10,19
18,3,137,0,26,"ResourceCommandsTests::GetLMResource_WithConnection_ShouldReturnResources@22-47@LogicMonitor.Api.Test\PowerShell\ResourceCommandsTests.cs","LogicMonitor.Api.Test\PowerShell\ResourceCommandsTests.cs","ResourceCommandsTests::GetLMResource_WithConnection_ShouldReturnResources","GetLMResource_WithConnection_ShouldReturnResources()",22,47
18,3,129,0,26,"ResourceCommandsTests::GetLMResource_WithSpecificId_ShouldReturnSingleResource@50-75@LogicMonitor.Api.Test\PowerShell\ResourceCommandsTests.cs","LogicMonitor.Api.Test\PowerShell\ResourceCommandsTests.cs","ResourceCommandsTests::GetLMResource_WithSpecificId_ShouldReturnSingleResource","GetLMResource_WithSpecificId_ShouldReturnSingleResource()",50,75
18,2,131,0,26,"ResourceCommandsTests::GetLMResourceGroup_WithConnection_ShouldReturnResourceGroups@78-103@LogicMonitor.Api.Test\PowerShell\ResourceCommandsTests.cs","LogicMonitor.Api.Test\PowerShell\ResourceCommandsTests.cs","ResourceCommandsTests::GetLMResourceGroup_WithConnection_ShouldReturnResourceGroups","GetLMResourceGroup_WithConnection_ShouldReturnResourceGroups()",78,103
57,4,325,0,75,"ResourceCommandsTests::NewLMResourceGroup_AndRemove_ShouldWorkEndToEnd@106-180@LogicMonitor.Api.Test\PowerShell\ResourceCommandsTests.cs","LogicMonitor.Api.Test\PowerShell\ResourceCommandsTests.cs","ResourceCommandsTests::NewLMResourceGroup_AndRemove_ShouldWorkEndToEnd","NewLMResourceGroup_AndRemove_ShouldWorkEndToEnd()",106,180
19,2,148,0,27,"UserCommandsTests::GetLMUser_WithConnection_ShouldReturnUsers@10-36@LogicMonitor.Api.Test\PowerShell\UserCommandsTests.cs","LogicMonitor.Api.Test\PowerShell\UserCommandsTests.cs","UserCommandsTests::GetLMUser_WithConnection_ShouldReturnUsers","GetLMUser_WithConnection_ShouldReturnUsers()",10,36
18,3,129,0,26,"UserCommandsTests::GetLMUser_WithSpecificId_ShouldReturnSingleUser@39-64@LogicMonitor.Api.Test\PowerShell\UserCommandsTests.cs","LogicMonitor.Api.Test\PowerShell\UserCommandsTests.cs","UserCommandsTests::GetLMUser_WithSpecificId_ShouldReturnSingleUser","GetLMUser_WithSpecificId_ShouldReturnSingleUser()",39,64
18,3,130,0,26,"UserCommandsTests::GetLMUser_WithUsernameFilter_ShouldReturnFilteredResults@67-92@LogicMonitor.Api.Test\PowerShell\UserCommandsTests.cs","LogicMonitor.Api.Test\PowerShell\UserCommandsTests.cs","UserCommandsTests::GetLMUser_WithUsernameFilter_ShouldReturnFilteredResults","GetLMUser_WithUsernameFilter_ShouldReturnFilteredResults()",67,92
55,4,289,0,69,"UserCommandsTests::NewLMUser_AndRemove_ShouldWorkEndToEnd@97-165@LogicMonitor.Api.Test\PowerShell\UserCommandsTests.cs","LogicMonitor.Api.Test\PowerShell\UserCommandsTests.cs","UserCommandsTests::NewLMUser_AndRemove_ShouldWorkEndToEnd","NewLMUser_AndRemove_ShouldWorkEndToEnd()",97,165
40,1,144,0,41,"PushMetricTests::PushMetric_Succeeds@8-48@LogicMonitor.Api.Test\PushMetrics\PushMetricTests.cs","LogicMonitor.Api.Test\PushMetrics\PushMetricTests.cs","PushMetricTests::PushMetric_Succeeds","PushMetric_Succeeds()",8,48
7,1,39,0,7,"ReportTests::GetAllReportGroups@6-12@LogicMonitor.Api.Test\Reports\ReportTests.cs","LogicMonitor.Api.Test\Reports\ReportTests.cs","ReportTests::GetAllReportGroups","GetAllReportGroups()",6,12
7,1,39,0,7,"ReportTests::GetAllReports@15-21@LogicMonitor.Api.Test\Reports\ReportTests.cs","LogicMonitor.Api.Test\Reports\ReportTests.cs","ReportTests::GetAllReports","GetAllReports()",15,21
7,1,40,0,8,"ReportTests::RunReportById@25-32@LogicMonitor.Api.Test\Reports\ReportTests.cs","LogicMonitor.Api.Test\Reports\ReportTests.cs","ReportTests::RunReportById","RunReportById()",25,32
31,1,160,0,38,"ReportTests::CreateAndDeleteReport@35-72@LogicMonitor.Api.Test\Reports\ReportTests.cs","LogicMonitor.Api.Test\Reports\ReportTests.cs","ReportTests::CreateAndDeleteReport","CreateAndDeleteReport()",35,72
22,1,90,0,27,"ReportTests::CrudReportGroups@75-101@LogicMonitor.Api.Test\Reports\ReportTests.cs","LogicMonitor.Api.Test\Reports\ReportTests.cs","ReportTests::CrudReportGroups","CrudReportGroups()",75,101
17,1,144,0,24,"EntityPropertyWriteTests::HiddenFieldWriteConfig_Deserializes@13-36@LogicMonitor.Api.Test\Resources\EntityPropertyWriteTests.cs","LogicMonitor.Api.Test\Resources\EntityPropertyWriteTests.cs","EntityPropertyWriteTests::HiddenFieldWriteConfig_Deserializes","EntityPropertyWriteTests::HiddenFieldWriteConfig_Deserializes()",13,36
11,1,45,0,12,"EntityPropertyWriteTests::ResourceTarget_MapsToDevicePropertiesEndpoint@39-50@LogicMonitor.Api.Test\Resources\EntityPropertyWriteTests.cs","LogicMonitor.Api.Test\Resources\EntityPropertyWriteTests.cs","EntityPropertyWriteTests::ResourceTarget_MapsToDevicePropertiesEndpoint","EntityPropertyWriteTests::ResourceTarget_MapsToDevicePropertiesEndpoint()",39,50
15,1,133,0,17,"EntityPropertyWriteTests::RoundTrips_WithCamelCaseTargetType@53-69@LogicMonitor.Api.Test\Resources\EntityPropertyWriteTests.cs","LogicMonitor.Api.Test\Resources\EntityPropertyWriteTests.cs","EntityPropertyWriteTests::RoundTrips_WithCamelCaseTargetType","EntityPropertyWriteTests::RoundTrips_WithCamelCaseTargetType()",53,69
6,1,46,0,8,"EntityPropertyWriteTests::UnknownTarget_Throws@72-79@LogicMonitor.Api.Test\Resources\EntityPropertyWriteTests.cs","LogicMonitor.Api.Test\Resources\EntityPropertyWriteTests.cs","EntityPropertyWriteTests::UnknownTarget_Throws","EntityPropertyWriteTests::UnknownTarget_Throws()",72,79
6,1,30,0,6,"ResourceDataSourceInstanceTests::GetAllDeviceDataSourceInstancesAsync@6-11@LogicMonitor.Api.Test\Resources\ResourceDataSourceInstanceTests.cs","LogicMonitor.Api.Test\Resources\ResourceDataSourceInstanceTests.cs","ResourceDataSourceInstanceTests::GetAllDeviceDataSourceInstancesAsync","GetAllDeviceDataSourceInstancesAsync()",6,11
10,2,75,0,12,"ResourceDataSourceInstanceTests::GetAllDeviceDataSourceInstancesForOneDeviceDataSourceAsync@14-25@LogicMonitor.Api.Test\Resources\ResourceDataSourceInstanceTests.cs","LogicMonitor.Api.Test\Resources\ResourceDataSourceInstanceTests.cs","ResourceDataSourceInstanceTests::GetAllDeviceDataSourceInstancesForOneDeviceDataSourceAsync","GetAllDeviceDataSourceInstancesForOneDeviceDataSourceAsync()",14,25
18,2,159,0,20,"ResourceDataSourceInstanceTests::OnlyMonitoredInstances@28-47@LogicMonitor.Api.Test\Resources\ResourceDataSourceInstanceTests.cs","LogicMonitor.Api.Test\Resources\ResourceDataSourceInstanceTests.cs","ResourceDataSourceInstanceTests::OnlyMonitoredInstances","OnlyMonitoredInstances()",28,47
49,3,244,0,55,"ResourceDataSourceInstanceTests::AddDeviceDataSourceInstance@50-104@LogicMonitor.Api.Test\Resources\ResourceDataSourceInstanceTests.cs","LogicMonitor.Api.Test\Resources\ResourceDataSourceInstanceTests.cs","ResourceDataSourceInstanceTests::AddDeviceDataSourceInstance","AddDeviceDataSourceInstance()",50,104
22,1,146,0,25,"ResourceDataSourceInstanceTests::GetDataPointConfiguration@107-131@LogicMonitor.Api.Test\Resources\ResourceDataSourceInstanceTests.cs","LogicMonitor.Api.Test\Resources\ResourceDataSourceInstanceTests.cs","ResourceDataSourceInstanceTests::GetDataPointConfiguration","GetDataPointConfiguration()",107,131
48,2,359,0,56,"ResourceDataSourceInstanceTests::UpdateDataPointConfig@134-189@LogicMonitor.Api.Test\Resources\ResourceDataSourceInstanceTests.cs","LogicMonitor.Api.Test\Resources\ResourceDataSourceInstanceTests.cs","ResourceDataSourceInstanceTests::UpdateDataPointConfig","UpdateDataPointConfig()",134,189
61,2,344,0,81,"ResourceDataSourceInstanceTests::SetResourceDataSourceInstanceCustomProperty@192-272@LogicMonitor.Api.Test\Resources\ResourceDataSourceInstanceTests.cs","LogicMonitor.Api.Test\Resources\ResourceDataSourceInstanceTests.cs","ResourceDataSourceInstanceTests::SetResourceDataSourceInstanceCustomProperty","SetResourceDataSourceInstanceCustomProperty()",192,272
6,1,30,0,6,"ResourceDataSourceTests::GetAllResourceDataSourcesAsync@6-11@LogicMonitor.Api.Test\Resources\ResourceDataSourceTests.cs","LogicMonitor.Api.Test\Resources\ResourceDataSourceTests.cs","ResourceDataSourceTests::GetAllResourceDataSourcesAsync","GetAllResourceDataSourcesAsync()",6,11
23,3,117,0,30,"ResourceDataSourceTests::ResourceDataSourceTests2@14-43@LogicMonitor.Api.Test\Resources\ResourceDataSourceTests.cs","LogicMonitor.Api.Test\Resources\ResourceDataSourceTests.cs","ResourceDataSourceTests::ResourceDataSourceTests2","ResourceDataSourceTests2()",14,43
8,1,50,0,10,"ResourceDataSourceTests::GetResourceDatasourceData@46-55@LogicMonitor.Api.Test\Resources\ResourceDataSourceTests.cs","LogicMonitor.Api.Test\Resources\ResourceDataSourceTests.cs","ResourceDataSourceTests::GetResourceDatasourceData","GetResourceDatasourceData()",46,55
19,3,72,0,22,"ResourceGroupClusterAlertConfigTests::EnsureTestGroupExistsAsync@8-29@LogicMonitor.Api.Test\Resources\ResourceGroupClusterAlertConfigTests.cs","LogicMonitor.Api.Test\Resources\ResourceGroupClusterAlertConfigTests.cs","ResourceGroupClusterAlertConfigTests::EnsureTestGroupExistsAsync","EnsureTestGroupExistsAsync()",8,29
68,2,555,0,90,"ResourceGroupClusterAlertConfigTests::CreateGetUpdatePatchDelete_ClusterAlertConfig_Succeeds@32-121@LogicMonitor.Api.Test\Resources\ResourceGroupClusterAlertConfigTests.cs","LogicMonitor.Api.Test\Resources\ResourceGroupClusterAlertConfigTests.cs","ResourceGroupClusterAlertConfigTests::CreateGetUpdatePatchDelete_ClusterAlertConfig_Succeeds","CreateGetUpdatePatchDelete_ClusterAlertConfig_Succeeds()",32,121
6,2,39,0,6,"ResourceGroupTests::GetResourceGroupByFullPath@8-13@LogicMonitor.Api.Test\Resources\ResourceGroupTests.cs","LogicMonitor.Api.Test\Resources\ResourceGroupTests.cs","ResourceGroupTests::GetResourceGroupByFullPath","GetResourceGroupByFullPath()",8,13
9,1,56,0,13,"ResourceGroupTests::GetResourcesByResourceGroupByFullPathWhereNameContainsParentheses@16-28@LogicMonitor.Api.Test\Resources\ResourceGroupTests.cs","LogicMonitor.Api.Test\Resources\ResourceGroupTests.cs","ResourceGroupTests::GetResourcesByResourceGroupByFullPathWhereNameContainsParentheses","GetResourcesByResourceGroupByFullPathWhereNameContainsParentheses()",16,28
22,3,139,0,22,"ResourceGroupTests::SetAlertThreshold@31-52@LogicMonitor.Api.Test\Resources\ResourceGroupTests.cs","LogicMonitor.Api.Test\Resources\ResourceGroupTests.cs","ResourceGroupTests::SetAlertThreshold","SetAlertThreshold()",31,52
6,1,28,0,6,"ResourceGroupTests::GetResourceGroupByFullPath_InvalidResourceGroup_ReturnsNull@55-60@LogicMonitor.Api.Test\Resources\ResourceGroupTests.cs","LogicMonitor.Api.Test\Resources\ResourceGroupTests.cs","ResourceGroupTests::GetResourceGroupByFullPath_InvalidResourceGroup_ReturnsNull","GetResourceGroupByFullPath_InvalidResourceGroup_ReturnsNull()",55,60
6,1,31,0,6,"ResourceGroupTests::GetResourceGroupById@63-68@LogicMonitor.Api.Test\Resources\ResourceGroupTests.cs","LogicMonitor.Api.Test\Resources\ResourceGroupTests.cs","ResourceGroupTests::GetResourceGroupById","GetResourceGroupById()",63,68
6,2,39,0,6,"ResourceGroupTests::GetRootResourceGroupByFullPath@71-76@LogicMonitor.Api.Test\Resources\ResourceGroupTests.cs","LogicMonitor.Api.Test\Resources\ResourceGroupTests.cs","ResourceGroupTests::GetRootResourceGroupByFullPath","GetRootResourceGroupByFullPath()",71,76
9,2,95,0,14,"ResourceGroupTests::GetAllResourceGroups@79-92@LogicMonitor.Api.Test\Resources\ResourceGroupTests.cs","LogicMonitor.Api.Test\Resources\ResourceGroupTests.cs","ResourceGroupTests::GetAllResourceGroups","GetAllResourceGroups()",79,92
6,1,28,0,8,"ResourceGroupTests::GetResourceGroupProperties@95-102@LogicMonitor.Api.Test\Resources\ResourceGroupTests.cs","LogicMonitor.Api.Test\Resources\ResourceGroupTests.cs","ResourceGroupTests::GetResourceGroupProperties","GetResourceGroupProperties()",95,102
6,1,35,0,6,"ResourceGroupTests::GetResourceGroupPropertiesByName@105-110@LogicMonitor.Api.Test\Resources\ResourceGroupTests.cs","LogicMonitor.Api.Test\Resources\ResourceGroupTests.cs","ResourceGroupTests::GetResourceGroupPropertiesByName","GetResourceGroupPropertiesByName()",105,110
8,2,64,0,13,"ResourceGroupTests::GetResourceGroupsByFullPath@113-125@LogicMonitor.Api.Test\Resources\ResourceGroupTests.cs","LogicMonitor.Api.Test\Resources\ResourceGroupTests.cs","ResourceGroupTests::GetResourceGroupsByFullPath","GetResourceGroupsByFullPath()",113,125
6,1,37,0,8,"ResourceGroupTests::GetOneResourceGroup_Succeeds@128-135@LogicMonitor.Api.Test\Resources\ResourceGroupTests.cs","LogicMonitor.Api.Test\Resources\ResourceGroupTests.cs","ResourceGroupTests::GetOneResourceGroup_Succeeds","GetOneResourceGroup_Succeeds()",128,135
7,1,58,0,11,"ResourceGroupTests::GetResourceGroupsByParentId@138-148@LogicMonitor.Api.Test\Resources\ResourceGroupTests.cs","LogicMonitor.Api.Test\Resources\ResourceGroupTests.cs","ResourceGroupTests::GetResourceGroupsByParentId","GetResourceGroupsByParentId()",138,148
6,2,34,0,7,"ResourceGroupTests::GetResourceGroupByFullPathWithPlusInName@154-160@LogicMonitor.Api.Test\Resources\ResourceGroupTests.cs","LogicMonitor.Api.Test\Resources\ResourceGroupTests.cs","ResourceGroupTests::GetResourceGroupByFullPathWithPlusInName","GetResourceGroupByFullPathWithPlusInName()",154,160
75,6,601,0,95,"ResourceGroupTests::SetResourceGroupCustomProperty@163-257@LogicMonitor.Api.Test\Resources\ResourceGroupTests.cs","LogicMonitor.Api.Test\Resources\ResourceGroupTests.cs","ResourceGroupTests::SetResourceGroupCustomProperty","SetResourceGroupCustomProperty()",163,257
6,1,26,0,6,"ResourceGroupTests::GetAwsExternalId@260-265@LogicMonitor.Api.Test\Resources\ResourceGroupTests.cs","LogicMonitor.Api.Test\Resources\ResourceGroupTests.cs","ResourceGroupTests::GetAwsExternalId","GetAwsExternalId()",260,265
8,2,57,0,8,"ResourceGroupTests::GetResourceGroupSDTs@268-275@LogicMonitor.Api.Test\Resources\ResourceGroupTests.cs","LogicMonitor.Api.Test\Resources\ResourceGroupTests.cs","ResourceGroupTests::GetResourceGroupSDTs","GetResourceGroupSDTs()",268,275
6,1,32,0,6,"ResourceGroupTests::GetResourceGroupAlerts@278-283@LogicMonitor.Api.Test\Resources\ResourceGroupTests.cs","LogicMonitor.Api.Test\Resources\ResourceGroupTests.cs","ResourceGroupTests::GetResourceGroupAlerts","GetResourceGroupAlerts()",278,283
22,1,135,0,27,"ResourceRenameTests::PutAsync_RenamesResourceGroup@26-52@LogicMonitor.Api.Test\Resources\ResourceRenameTests.cs","LogicMonitor.Api.Test\Resources\ResourceRenameTests.cs","ResourceRenameTests::PutAsync_RenamesResourceGroup","PutAsync_RenamesResourceGroup()",26,52
64,3,337,0,73,"ResourceRenameTests::PutAsync_RenamesUptimePingCheckResource_SettingNameAndDisplayName@55-127@LogicMonitor.Api.Test\Resources\ResourceRenameTests.cs","LogicMonitor.Api.Test\Resources\ResourceRenameTests.cs","ResourceRenameTests::PutAsync_RenamesUptimePingCheckResource_SettingNameAndDisplayName","PutAsync_RenamesUptimePingCheckResource_SettingNameAndDisplayName()",55,127
30,1,186,0,40,"ResourceRenameTests::SetCustomPropertyAsync_WritesHiddenField_ViaEntityPropertyWrite@130-169@LogicMonitor.Api.Test\Resources\ResourceRenameTests.cs","LogicMonitor.Api.Test\Resources\ResourceRenameTests.cs","ResourceRenameTests::SetCustomPropertyAsync_WritesHiddenField_ViaEntityPropertyWrite","SetCustomPropertyAsync_WritesHiddenField_ViaEntityPropertyWrite()",130,169
3,2,32,1,3,"ResourceRenameTests::IsUptimeUnavailable@175-177@LogicMonitor.Api.Test\Resources\ResourceRenameTests.cs","LogicMonitor.Api.Test\Resources\ResourceRenameTests.cs","ResourceRenameTests::IsUptimeUnavailable","IsUptimeUnavailable( LogicMonitorApiException ex)",175,177
9,3,70,0,9,"ResourceRenameTests::GetLiveCollectorIdAsync@179-187@LogicMonitor.Api.Test\Resources\ResourceRenameTests.cs","LogicMonitor.Api.Test\Resources\ResourceRenameTests.cs","ResourceRenameTests::GetLiveCollectorIdAsync","GetLiveCollectorIdAsync()",179,187
8,2,41,1,8,"ResourceRenameTests::DeleteResourceGroupIfExistsAsync@189-196@LogicMonitor.Api.Test\Resources\ResourceRenameTests.cs","LogicMonitor.Api.Test\Resources\ResourceRenameTests.cs","ResourceRenameTests::DeleteResourceGroupIfExistsAsync","DeleteResourceGroupIfExistsAsync( string fullPath)",189,196
8,2,41,1,8,"ResourceRenameTests::DeleteResourceIfExistsAsync@198-205@LogicMonitor.Api.Test\Resources\ResourceRenameTests.cs","LogicMonitor.Api.Test\Resources\ResourceRenameTests.cs","ResourceRenameTests::DeleteResourceIfExistsAsync","DeleteResourceIfExistsAsync( string displayName)",198,205
15,3,80,0,19,"ResourceSystemPropertyAdjustmentTests::GetUnmonitoredResources@6-24@LogicMonitor.Api.Test\Resources\ResourceSystemPropertyAdjustmentTests.cs","LogicMonitor.Api.Test\Resources\ResourceSystemPropertyAdjustmentTests.cs","ResourceSystemPropertyAdjustmentTests::GetUnmonitoredResources","GetUnmonitoredResources()",6,24
6,1,30,0,7,"ResourceTests::GetResourcesByResourceGroupRecursive@8-14@LogicMonitor.Api.Test\Resources\ResourceTests.cs","LogicMonitor.Api.Test\Resources\ResourceTests.cs","ResourceTests::GetResourcesByResourceGroupRecursive","GetResourcesByResourceGroupRecursive()",8,14
115,8,767,0,152,"ResourceTests::CreateAndRemoveResourceAndResourceGroup@18-169@LogicMonitor.Api.Test\Resources\ResourceTests.cs","LogicMonitor.Api.Test\Resources\ResourceTests.cs","ResourceTests::CreateAndRemoveResourceAndResourceGroup","CreateAndRemoveResourceAndResourceGroup()",18,169
6,1,29,0,7,"ResourceTests::GetAllScheduledDownTimes@172-178@LogicMonitor.Api.Test\Resources\ResourceTests.cs","LogicMonitor.Api.Test\Resources\ResourceTests.cs","ResourceTests::GetAllScheduledDownTimes","GetAllScheduledDownTimes()",172,178
8,1,65,0,9,"ResourceTests::GetResourcePage@181-189@LogicMonitor.Api.Test\Resources\ResourceTests.cs","LogicMonitor.Api.Test\Resources\ResourceTests.cs","ResourceTests::GetResourcePage","GetResourcePage()",181,189
14,1,69,0,14,"ResourceTests::GetAllResourceInstances@192-205@LogicMonitor.Api.Test\Resources\ResourceTests.cs","LogicMonitor.Api.Test\Resources\ResourceTests.cs","ResourceTests::GetAllResourceInstances","GetAllResourceInstances()",192,205
6,1,31,0,6,"ResourceTests::GetResourceByDeviceId@208-213@LogicMonitor.Api.Test\Resources\ResourceTests.cs","LogicMonitor.Api.Test\Resources\ResourceTests.cs","ResourceTests::GetResourceByDeviceId","GetResourceByDeviceId()",208,213
6,1,36,0,6,"ResourceTests::GetResourceByNonExistentDeviceIdShouldFail@220-225@LogicMonitor.Api.Test\Resources\ResourceTests.cs","LogicMonitor.Api.Test\Resources\ResourceTests.cs","ResourceTests::GetResourceByNonExistentDeviceIdShouldFail","GetResourceByNonExistentDeviceIdShouldFail()",220,225
6,1,39,0,6,"ResourceTests::GetResourceByDisplayNameAsync@228-233@LogicMonitor.Api.Test\Resources\ResourceTests.cs","LogicMonitor.Api.Test\Resources\ResourceTests.cs","ResourceTests::GetResourceByDisplayNameAsync","GetResourceByDisplayNameAsync()",228,233
7,1,41,0,9,"ResourceTests::GetResourceByHostName@236-244@LogicMonitor.Api.Test\Resources\ResourceTests.cs","LogicMonitor.Api.Test\Resources\ResourceTests.cs","ResourceTests::GetResourceByHostName","GetResourceByHostName()",236,244
9,1,78,0,9,"ResourceTests::DateTimeSetCorrectly@247-255@LogicMonitor.Api.Test\Resources\ResourceTests.cs","LogicMonitor.Api.Test\Resources\ResourceTests.cs","ResourceTests::DateTimeSetCorrectly","DateTimeSetCorrectly()",247,255
8,1,97,0,8,"ResourceTests::SerialisationIgnoredProperties@258-265@LogicMonitor.Api.Test\Resources\ResourceTests.cs","LogicMonitor.Api.Test\Resources\ResourceTests.cs","ResourceTests::SerialisationIgnoredProperties","SerialisationIgnoredProperties()",258,265
8,1,65,0,8,"ResourceTests::GetResourcePropertiesContainsExpected@268-275@LogicMonitor.Api.Test\Resources\ResourceTests.cs","LogicMonitor.Api.Test\Resources\ResourceTests.cs","ResourceTests::GetResourcePropertiesContainsExpected","GetResourcePropertiesContainsExpected()",268,275
12,1,69,0,17,"ResourceTests::GetResourcesAndInstancesAssociatedWithDataSourceById@278-294@LogicMonitor.Api.Test\Resources\ResourceTests.cs","LogicMonitor.Api.Test\Resources\ResourceTests.cs","ResourceTests::GetResourcesAndInstancesAssociatedWithDataSourceById","GetResourcesAndInstancesAssociatedWithDataSourceById()",278,294
11,1,67,0,11,"ResourceTests::GetResourcesByDeviceGroupFullPath_InvalidDeviceGroup_ThrowsException@297-307@LogicMonitor.Api.Test\Resources\ResourceTests.cs","LogicMonitor.Api.Test\Resources\ResourceTests.cs","ResourceTests::GetResourcesByDeviceGroupFullPath_InvalidDeviceGroup_ThrowsException","GetResourcesByDeviceGroupFullPath_InvalidDeviceGroup_ThrowsException()",297,307
9,1,71,0,13,"ResourceTests::GetResourcesByDeviceGroupFullPathV78@310-322@LogicMonitor.Api.Test\Resources\ResourceTests.cs","LogicMonitor.Api.Test\Resources\ResourceTests.cs","ResourceTests::GetResourcesByDeviceGroupFullPathV78","GetResourcesByDeviceGroupFullPathV78()",310,322
6,1,30,0,6,"ResourceTests::GetResourcesRecurse@325-330@LogicMonitor.Api.Test\Resources\ResourceTests.cs","LogicMonitor.Api.Test\Resources\ResourceTests.cs","ResourceTests::GetResourcesRecurse","GetResourcesRecurse()",325,330
9,1,76,0,9,"ResourceTests::GetFewerResources@333-341@LogicMonitor.Api.Test\Resources\ResourceTests.cs","LogicMonitor.Api.Test\Resources\ResourceTests.cs","ResourceTests::GetFewerResources","GetFewerResources()",333,341
6,1,28,0,6,"ResourceTests::GetFullResourceTree@344-349@LogicMonitor.Api.Test\Resources\ResourceTests.cs","LogicMonitor.Api.Test\Resources\ResourceTests.cs","ResourceTests::GetFullResourceTree","GetFullResourceTree()",344,349
8,2,48,0,8,"ResourceTests::GetFullResourceTreeForDatacenter@352-359@LogicMonitor.Api.Test\Resources\ResourceTests.cs","LogicMonitor.Api.Test\Resources\ResourceTests.cs","ResourceTests::GetFullResourceTreeForDatacenter","GetFullResourceTreeForDatacenter()",352,359
18,1,110,0,22,"ResourceTests::TreeNodeFreeSearch@362-383@LogicMonitor.Api.Test\Resources\ResourceTests.cs","LogicMonitor.Api.Test\Resources\ResourceTests.cs","ResourceTests::TreeNodeFreeSearch","TreeNodeFreeSearch()",362,383
30,3,219,0,48,"ResourceTests::UpdateResourceProperty@386-433@LogicMonitor.Api.Test\Resources\ResourceTests.cs","LogicMonitor.Api.Test\Resources\ResourceTests.cs","ResourceTests::UpdateResourceProperty","UpdateResourceProperty()",386,433
85,5,552,0,101,"ResourceTests::SetResourceCustomProperty@436-536@LogicMonitor.Api.Test\Resources\ResourceTests.cs","LogicMonitor.Api.Test\Resources\ResourceTests.cs","ResourceTests::SetResourceCustomProperty","SetResourceCustomProperty()",436,536
6,1,39,0,6,"ResourceTests::GetResourceCustomProperties@539-544@LogicMonitor.Api.Test\Resources\ResourceTests.cs","LogicMonitor.Api.Test\Resources\ResourceTests.cs","ResourceTests::GetResourceCustomProperties","GetResourceCustomProperties()",539,544
7,1,41,0,7,"ResourceTests::GetResourceUsingSubUrl@547-553@LogicMonitor.Api.Test\Resources\ResourceTests.cs","LogicMonitor.Api.Test\Resources\ResourceTests.cs","ResourceTests::GetResourceUsingSubUrl","GetResourceUsingSubUrl()",547,553
7,1,52,0,10,"ResourceTests::GetDifferentResourceTypes@556-565@LogicMonitor.Api.Test\Resources\ResourceTests.cs","LogicMonitor.Api.Test\Resources\ResourceTests.cs","ResourceTests::GetDifferentResourceTypes","GetDifferentResourceTypes()",556,565
12,1,63,0,12,"ResourceTests::GetDeadResources@568-579@LogicMonitor.Api.Test\Resources\ResourceTests.cs","LogicMonitor.Api.Test\Resources\ResourceTests.cs","ResourceTests::GetDeadResources","GetDeadResources()",568,579
12,1,63,0,12,"ResourceTests::GetAlertDisableResources_Filtered@582-593@LogicMonitor.Api.Test\Resources\ResourceTests.cs","LogicMonitor.Api.Test\Resources\ResourceTests.cs","ResourceTests::GetAlertDisableResources_Filtered","GetAlertDisableResources_Filtered()",582,593
8,1,47,0,8,"ResourceTests::GetAlertDisableResources_RawFilter@596-603@LogicMonitor.Api.Test\Resources\ResourceTests.cs","LogicMonitor.Api.Test\Resources\ResourceTests.cs","ResourceTests::GetAlertDisableResources_RawFilter","GetAlertDisableResources_RawFilter()",596,603
15,2,117,0,16,"ResourceTests::GetResourcesFromRoot@606-621@LogicMonitor.Api.Test\Resources\ResourceTests.cs","LogicMonitor.Api.Test\Resources\ResourceTests.cs","ResourceTests::GetResourcesFromRoot","GetResourcesFromRoot()",606,621
8,1,58,0,8,"ResourceTests::GetResourceAlertsPageAsync@624-631@LogicMonitor.Api.Test\Resources\ResourceTests.cs","LogicMonitor.Api.Test\Resources\ResourceTests.cs","ResourceTests::GetResourceAlertsPageAsync","GetResourceAlertsPageAsync()",624,631
19,1,90,0,23,"ResourceTests::GetResourceAlertsWithFilterAsync@634-656@LogicMonitor.Api.Test\Resources\ResourceTests.cs","LogicMonitor.Api.Test\Resources\ResourceTests.cs","ResourceTests::GetResourceAlertsWithFilterAsync","GetResourceAlertsWithFilterAsync()",634,656
12,1,106,0,12,"ResourceTests::PatchResourceAsync@659-670@LogicMonitor.Api.Test\Resources\ResourceTests.cs","LogicMonitor.Api.Test\Resources\ResourceTests.cs","ResourceTests::PatchResourceAsync","PatchResourceAsync()",659,670
3,1,13,0,3,"ResourceTests::ScheduleActiveDiscovery@673-675@LogicMonitor.Api.Test\Resources\ResourceTests.cs","LogicMonitor.Api.Test\Resources\ResourceTests.cs","ResourceTests::ScheduleActiveDiscovery","ScheduleActiveDiscovery()",673,675
7,1,39,0,9,"ResourceTests::GetResourceAlertSettings@679-687@LogicMonitor.Api.Test\Resources\ResourceTests.cs","LogicMonitor.Api.Test\Resources\ResourceTests.cs","ResourceTests::GetResourceAlertSettings","GetResourceAlertSettings()",679,687
20,2,133,0,26,"ResourceTests::GetResourceDataSourceInstanceDataPointConfigurationAsync@691-716@LogicMonitor.Api.Test\Resources\ResourceTests.cs","LogicMonitor.Api.Test\Resources\ResourceTests.cs","ResourceTests::GetResourceDataSourceInstanceDataPointConfigurationAsync","GetResourceDataSourceInstanceDataPointConfigurationAsync()",691,716
12,3,85,0,14,"ResourceTests::GetTopTalkerGraphAsync@720-733@LogicMonitor.Api.Test\Resources\ResourceTests.cs","LogicMonitor.Api.Test\Resources\ResourceTests.cs","ResourceTests::GetTopTalkerGraphAsync","GetTopTalkerGraphAsync()",720,733
6,1,34,0,6,"UnmonitoredResourceTests::GetUnmonitoredResources@6-11@LogicMonitor.Api.Test\Resources\UnmonitoredResourceTests.cs","LogicMonitor.Api.Test\Resources\UnmonitoredResourceTests.cs","UnmonitoredResourceTests::GetUnmonitoredResources","GetUnmonitoredResources()",6,11
14,1,121,0,14,"ScheduledDownTimeTests::GetResourceScheduledDownTimes@6-19@LogicMonitor.Api.Test\ScheduledDownTimes\ScheduledDownTimeTests.cs","LogicMonitor.Api.Test\ScheduledDownTimes\ScheduledDownTimeTests.cs","ScheduledDownTimeTests::GetResourceScheduledDownTimes","GetResourceScheduledDownTimes()",6,19
37,3,212,0,44,"ScheduledDownTimeTests::GetWebsiteGroupScheduledDownTimes_UsingSubUrl_Succeeds@22-65@LogicMonitor.Api.Test\ScheduledDownTimes\ScheduledDownTimeTests.cs","LogicMonitor.Api.Test\ScheduledDownTimes\ScheduledDownTimeTests.cs","ScheduledDownTimeTests::GetWebsiteGroupScheduledDownTimes_UsingSubUrl_Succeeds","GetWebsiteGroupScheduledDownTimes_UsingSubUrl_Succeeds()",22,65
18,1,130,0,27,"ScheduledDownTimeTests::GetHistoricDeviceScheduledDownTimes@68-94@LogicMonitor.Api.Test\ScheduledDownTimes\ScheduledDownTimeTests.cs","LogicMonitor.Api.Test\ScheduledDownTimes\ScheduledDownTimeTests.cs","ScheduledDownTimeTests::GetHistoricDeviceScheduledDownTimes","GetHistoricDeviceScheduledDownTimes()",68,94
12,1,87,0,15,"ScheduledDownTimeTests::GetHistoricWebsiteScheduledDownTimes@97-111@LogicMonitor.Api.Test\ScheduledDownTimes\ScheduledDownTimeTests.cs","LogicMonitor.Api.Test\ScheduledDownTimes\ScheduledDownTimeTests.cs","ScheduledDownTimeTests::GetHistoricWebsiteScheduledDownTimes","GetHistoricWebsiteScheduledDownTimes()",97,111
57,3,392,0,71,"ScheduledDownTimeTests::AddAndDeleteADeviceSdt@114-184@LogicMonitor.Api.Test\ScheduledDownTimes\ScheduledDownTimeTests.cs","LogicMonitor.Api.Test\ScheduledDownTimes\ScheduledDownTimeTests.cs","ScheduledDownTimeTests::AddAndDeleteADeviceSdt","AddAndDeleteADeviceSdt()",114,184
63,3,447,0,77,"ScheduledDownTimeTests::AddAndDeleteACollectorSdt@187-263@LogicMonitor.Api.Test\ScheduledDownTimes\ScheduledDownTimeTests.cs","LogicMonitor.Api.Test\ScheduledDownTimes\ScheduledDownTimeTests.cs","ScheduledDownTimeTests::AddAndDeleteACollectorSdt","AddAndDeleteACollectorSdt()",187,263
25,1,187,0,30,"ScheduledDownTimeTests::GetScheduledDownTimesFilteredByDevice@266-295@LogicMonitor.Api.Test\ScheduledDownTimes\ScheduledDownTimeTests.cs","LogicMonitor.Api.Test\ScheduledDownTimes\ScheduledDownTimeTests.cs","ScheduledDownTimeTests::GetScheduledDownTimesFilteredByDevice","GetScheduledDownTimesFilteredByDevice()",266,295
54,4,246,0,68,"ScheduledDownTimeTests::CreatePingDataSourceSdtOnEmptyDeviceGroup@298-365@LogicMonitor.Api.Test\ScheduledDownTimes\ScheduledDownTimeTests.cs","LogicMonitor.Api.Test\ScheduledDownTimes\ScheduledDownTimeTests.cs","ScheduledDownTimeTests::CreatePingDataSourceSdtOnEmptyDeviceGroup","CreatePingDataSourceSdtOnEmptyDeviceGroup()",298,365
41,4,206,0,50,"ScheduledDownTimeTests::CreatePingDataSourceInstanceSdtOnEmptyDeviceGroup@368-417@LogicMonitor.Api.Test\ScheduledDownTimes\ScheduledDownTimeTests.cs","LogicMonitor.Api.Test\ScheduledDownTimes\ScheduledDownTimeTests.cs","ScheduledDownTimeTests::CreatePingDataSourceInstanceSdtOnEmptyDeviceGroup","CreatePingDataSourceInstanceSdtOnEmptyDeviceGroup()",368,417
6,1,28,0,7,"ScheduledDownTimeTests::GetResourceGroupSdts@420-426@LogicMonitor.Api.Test\ScheduledDownTimes\ScheduledDownTimeTests.cs","LogicMonitor.Api.Test\ScheduledDownTimes\ScheduledDownTimeTests.cs","ScheduledDownTimeTests::GetResourceGroupSdts","GetResourceGroupSdts()",420,426
7,1,41,0,9,"ScheduledDownTimeTests::GetHistoricWebsiteGroupSdt@429-437@LogicMonitor.Api.Test\ScheduledDownTimes\ScheduledDownTimeTests.cs","LogicMonitor.Api.Test\ScheduledDownTimes\ScheduledDownTimeTests.cs","ScheduledDownTimeTests::GetHistoricWebsiteGroupSdt","GetHistoricWebsiteGroupSdt()",429,437
7,1,45,0,7,"AccountSettingsTests::Get@6-12@LogicMonitor.Api.Test\Settings\AccountSettingsTests.cs","LogicMonitor.Api.Test\Settings\AccountSettingsTests.cs","AccountSettingsTests::Get","Get()",6,12
10,2,38,0,13,"AccountSettingsTests::GetBillingInformation@15-27@LogicMonitor.Api.Test\Settings\AccountSettingsTests.cs","LogicMonitor.Api.Test\Settings\AccountSettingsTests.cs","AccountSettingsTests::GetBillingInformation","GetBillingInformation()",15,27
6,1,26,0,6,"AccountSettingsTests::GetMetrics@30-35@LogicMonitor.Api.Test\Settings\AccountSettingsTests.cs","LogicMonitor.Api.Test\Settings\AccountSettingsTests.cs","AccountSettingsTests::GetMetrics","GetMetrics()",30,35
8,1,60,3,9,"AlertRulesTests::GetAlertRule@5-13@LogicMonitor.Api.Test\Settings\AlertRulesTests.cs","LogicMonitor.Api.Test\Settings\AlertRulesTests.cs","AlertRulesTests::GetAlertRule","GetAlertRule( LogicMonitorClient portalClient , string alertRuleName , bool enableAlertClear)",5,13
6,1,30,0,6,"AlertRulesTests::DisableAndReEnableClearedAlerts@16-21@LogicMonitor.Api.Test\Settings\AlertRulesTests.cs","LogicMonitor.Api.Test\Settings\AlertRulesTests.cs","AlertRulesTests::DisableAndReEnableClearedAlerts","DisableAndReEnableClearedAlerts()",16,21
15,1,83,0,22,"AlertRulesTests::GetAlertRules@24-45@LogicMonitor.Api.Test\Settings\AlertRulesTests.cs","LogicMonitor.Api.Test\Settings\AlertRulesTests.cs","AlertRulesTests::GetAlertRules","GetAlertRules()",24,45
39,3,169,0,45,"AlertRulesTests::AddAndDeleteAlertRule@48-92@LogicMonitor.Api.Test\Settings\AlertRulesTests.cs","LogicMonitor.Api.Test\Settings\AlertRulesTests.cs","AlertRulesTests::AddAndDeleteAlertRule","AddAndDeleteAlertRule()",48,92
7,1,34,0,8,"ApiTokensTests::GetAllAsync_Succeeds@6-13@LogicMonitor.Api.Test\Settings\ApiTokensTests.cs","LogicMonitor.Api.Test\Settings\ApiTokensTests.cs","ApiTokensTests::GetAllAsync_Succeeds","GetAllAsync_Succeeds()",6,13
7,1,46,0,7,"AppliesToFunctionTests::GetAppliesToFunctionListSucceeds@6-12@LogicMonitor.Api.Test\Settings\AppliesToFunctionTests.cs","LogicMonitor.Api.Test\Settings\AppliesToFunctionTests.cs","AppliesToFunctionTests::GetAppliesToFunctionListSucceeds","GetAppliesToFunctionListSucceeds()",6,12
6,1,30,0,6,"AppliesToFunctionTests::GetSpecificAppliesToFunctionSucceeds@15-20@LogicMonitor.Api.Test\Settings\AppliesToFunctionTests.cs","LogicMonitor.Api.Test\Settings\AppliesToFunctionTests.cs","AppliesToFunctionTests::GetSpecificAppliesToFunctionSucceeds","GetSpecificAppliesToFunctionSucceeds()",15,20
34,1,202,0,43,"AppliesToFunctionTests::AddAppliesToFunction@23-65@LogicMonitor.Api.Test\Settings\AppliesToFunctionTests.cs","LogicMonitor.Api.Test\Settings\AppliesToFunctionTests.cs","AppliesToFunctionTests::AddAppliesToFunction","AddAppliesToFunction()",23,65
7,1,39,0,7,"CollectorGroupTests::GetAllCollectorGroups@10-16@LogicMonitor.Api.Test\Settings\CollectorGroupTests.cs","LogicMonitor.Api.Test\Settings\CollectorGroupTests.cs","CollectorGroupTests::GetAllCollectorGroups","GetAllCollectorGroups()",10,16
9,1,90,0,10,"CollectorGroupTests::GetCollectorGroups@19-28@LogicMonitor.Api.Test\Settings\CollectorGroupTests.cs","LogicMonitor.Api.Test\Settings\CollectorGroupTests.cs","CollectorGroupTests::GetCollectorGroups","GetCollectorGroups()",19,28
49,4,273,0,68,"CollectorGroupTests::GetAllCollectorGroupsWithSubUrl@31-98@LogicMonitor.Api.Test\Settings\CollectorGroupTests.cs","LogicMonitor.Api.Test\Settings\CollectorGroupTests.cs","CollectorGroupTests::GetAllCollectorGroupsWithSubUrl","GetAllCollectorGroupsWithSubUrl()",31,98
40,1,268,0,50,"CollectorGroupTests::CrudCollectorGroup@101-150@LogicMonitor.Api.Test\Settings\CollectorGroupTests.cs","LogicMonitor.Api.Test\Settings\CollectorGroupTests.cs","CollectorGroupTests::CrudCollectorGroup","CrudCollectorGroup()",101,150
6,1,29,0,6,"CollectorSettingTests::GetAllCollectorGroupSettings@6-11@LogicMonitor.Api.Test\Settings\CollectorSettingTests.cs","LogicMonitor.Api.Test\Settings\CollectorSettingTests.cs","CollectorSettingTests::GetAllCollectorGroupSettings","GetAllCollectorGroupSettings()",6,11
6,1,29,0,6,"CollectorSettingTests::GetAllCollectors@14-19@LogicMonitor.Api.Test\Settings\CollectorSettingTests.cs","LogicMonitor.Api.Test\Settings\CollectorSettingTests.cs","CollectorSettingTests::GetAllCollectors","GetAllCollectors()",14,19
6,1,29,0,6,"CollectorSettingTests::GetAllCollectorsSettings@22-27@LogicMonitor.Api.Test\Settings\CollectorSettingTests.cs","LogicMonitor.Api.Test\Settings\CollectorSettingTests.cs","CollectorSettingTests::GetAllCollectorsSettings","GetAllCollectorsSettings()",22,27
8,1,50,0,8,"CollectorSettingTests::GetCollectorGroupSettings@30-37@LogicMonitor.Api.Test\Settings\CollectorSettingTests.cs","LogicMonitor.Api.Test\Settings\CollectorSettingTests.cs","CollectorSettingTests::GetCollectorGroupSettings","GetCollectorGroupSettings()",30,37
8,1,64,0,8,"CollectorSettingTests::GetCollectorVersions_Unfiltered_Succeeds@40-47@LogicMonitor.Api.Test\Settings\CollectorSettingTests.cs","LogicMonitor.Api.Test\Settings\CollectorSettingTests.cs","CollectorSettingTests::GetCollectorVersions_Unfiltered_Succeeds","GetCollectorVersions_Unfiltered_Succeeds()",40,47
14,1,86,0,14,"CollectorSettingTests::GetCollectorVersions_FilteredStable_Succeeds@50-63@LogicMonitor.Api.Test\Settings\CollectorSettingTests.cs","LogicMonitor.Api.Test\Settings\CollectorSettingTests.cs","CollectorSettingTests::GetCollectorVersions_FilteredStable_Succeeds","GetCollectorVersions_FilteredStable_Succeeds()",50,63
14,1,86,0,14,"CollectorSettingTests::GetCollectorVersions_FilteredMandatory_Succeeds@66-79@LogicMonitor.Api.Test\Settings\CollectorSettingTests.cs","LogicMonitor.Api.Test\Settings\CollectorSettingTests.cs","CollectorSettingTests::GetCollectorVersions_FilteredMandatory_Succeeds","GetCollectorVersions_FilteredMandatory_Succeeds()",66,79
11,1,42,0,13,"CollectorTests::ExecuteDebugCommand@9-21@LogicMonitor.Api.Test\Settings\CollectorTests.cs","LogicMonitor.Api.Test\Settings\CollectorTests.cs","CollectorTests::ExecuteDebugCommand","ExecuteDebugCommand()",9,21
15,2,64,0,17,"CollectorTests::ExecuteDebugCommandAndWaitForResult@24-40@LogicMonitor.Api.Test\Settings\CollectorTests.cs","LogicMonitor.Api.Test\Settings\CollectorTests.cs","CollectorTests::ExecuteDebugCommandAndWaitForResult","ExecuteDebugCommandAndWaitForResult()",24,40
13,1,89,0,19,"CollectorTests::GetCollectors@43-61@LogicMonitor.Api.Test\Settings\CollectorTests.cs","LogicMonitor.Api.Test\Settings\CollectorTests.cs","CollectorTests::GetCollectors","GetCollectors()",43,61
10,1,70,0,11,"CollectorTests::GetCollector@64-74@LogicMonitor.Api.Test\Settings\CollectorTests.cs","LogicMonitor.Api.Test\Settings\CollectorTests.cs","CollectorTests::GetCollector","GetCollector()",64,74
6,1,31,0,7,"CollectorTests::Get1Collector@77-83@LogicMonitor.Api.Test\Settings\CollectorTests.cs","LogicMonitor.Api.Test\Settings\CollectorTests.cs","CollectorTests::Get1Collector","Get1Collector()",77,83
10,1,81,0,13,"CollectorTests::AcknowledgeCollectorDownAsync_CallWithValidCollectorId_DoesNotThrowException@86-98@LogicMonitor.Api.Test\Settings\CollectorTests.cs","LogicMonitor.Api.Test\Settings\CollectorTests.cs","CollectorTests::AcknowledgeCollectorDownAsync_CallWithValidCollectorId_DoesNotThrowException","AcknowledgeCollectorDownAsync_CallWithValidCollectorId_DoesNotThrowException()",86,98
12,1,66,0,14,"CollectorTests2::GetAllCollectorGroups@9-22@LogicMonitor.Api.Test\Settings\CollectorTests2.cs","LogicMonitor.Api.Test\Settings\CollectorTests2.cs","CollectorTests2::GetAllCollectorGroups","GetAllCollectorGroups()",9,22
19,3,94,0,23,"CollectorTests2::GetCollectorsFromGroup@25-47@LogicMonitor.Api.Test\Settings\CollectorTests2.cs","LogicMonitor.Api.Test\Settings\CollectorTests2.cs","CollectorTests2::GetCollectorsFromGroup","GetCollectorsFromGroup()",25,47
12,1,66,0,14,"CollectorTests2::GetAllCollectors@50-63@LogicMonitor.Api.Test\Settings\CollectorTests2.cs","LogicMonitor.Api.Test\Settings\CollectorTests2.cs","CollectorTests2::GetAllCollectors","GetAllCollectors()",50,63
17,2,93,0,17,"CollectorTests2::RunDebugCommand@66-82@LogicMonitor.Api.Test\Settings\CollectorTests2.cs","LogicMonitor.Api.Test\Settings\CollectorTests2.cs","CollectorTests2::RunDebugCommand","RunDebugCommand()",66,82
17,2,94,0,17,"CollectorTests2::RunGroovyDebugCommand@85-101@LogicMonitor.Api.Test\Settings\CollectorTests2.cs","LogicMonitor.Api.Test\Settings\CollectorTests2.cs","CollectorTests2::RunGroovyDebugCommand","RunGroovyDebugCommand()",85,101
19,1,118,0,25,"CollectorTests2::UpdateCollectorGroup@104-128@LogicMonitor.Api.Test\Settings\CollectorTests2.cs","LogicMonitor.Api.Test\Settings\CollectorTests2.cs","CollectorTests2::UpdateCollectorGroup","UpdateCollectorGroup()",104,128
28,1,255,0,41,"CollectorTests2::UpdateCollector@131-171@LogicMonitor.Api.Test\Settings\CollectorTests2.cs","LogicMonitor.Api.Test\Settings\CollectorTests2.cs","CollectorTests2::UpdateCollector","UpdateCollector()",131,171
36,2,285,0,49,"CollectorTests2::UpdateCollector_WithUpdate@174-222@LogicMonitor.Api.Test\Settings\CollectorTests2.cs","LogicMonitor.Api.Test\Settings\CollectorTests2.cs","CollectorTests2::UpdateCollector_WithUpdate","UpdateCollector_WithUpdate()",174,222
37,1,190,0,47,"CollectorTests2::CreateCollectorDownloadAndDelete@225-271@LogicMonitor.Api.Test\Settings\CollectorTests2.cs","LogicMonitor.Api.Test\Settings\CollectorTests2.cs","CollectorTests2::CreateCollectorDownloadAndDelete","CreateCollectorDownloadAndDelete()",225,271
6,1,36,0,6,"EscalationChainTests::GetAll@6-11@LogicMonitor.Api.Test\Settings\EscalationChainTests.cs","LogicMonitor.Api.Test\Settings\EscalationChainTests.cs","EscalationChainTests::GetAll","GetAll()",6,11
8,1,54,0,10,"EscalationChainTests::GetEscalationChain@14-23@LogicMonitor.Api.Test\Settings\EscalationChainTests.cs","LogicMonitor.Api.Test\Settings\EscalationChainTests.cs","EscalationChainTests::GetEscalationChain","GetEscalationChain()",14,23
6,1,29,0,6,"ExternalAlertsTests::GetAllAsync@6-11@LogicMonitor.Api.Test\Settings\ExternalAlertsTests.cs","LogicMonitor.Api.Test\Settings\ExternalAlertsTests.cs","ExternalAlertsTests::GetAllAsync","GetAllAsync()",6,11
6,1,26,0,7,"ExternalAlertsTests::GetExternalApiAsync@14-20@LogicMonitor.Api.Test\Settings\ExternalAlertsTests.cs","LogicMonitor.Api.Test\Settings\ExternalAlertsTests.cs","ExternalAlertsTests::GetExternalApiAsync","GetExternalApiAsync()",14,20
6,1,42,0,8,"IntegrationTests::GetIntegrations@6-13@LogicMonitor.Api.Test\Settings\IntegrationTests.cs","LogicMonitor.Api.Test\Settings\IntegrationTests.cs","IntegrationTests::GetIntegrations","GetIntegrations()",6,13
6,1,28,0,7,"IntegrationTests::GetIntegrationAuditLogs@16-22@LogicMonitor.Api.Test\Settings\IntegrationTests.cs","LogicMonitor.Api.Test\Settings\IntegrationTests.cs","IntegrationTests::GetIntegrationAuditLogs","GetIntegrationAuditLogs()",16,22
21,1,122,0,25,"LogItemTests::Get@8-32@LogicMonitor.Api.Test\Settings\LogItemTests.cs","LogicMonitor.Api.Test\Settings\LogItemTests.cs","LogItemTests::Get","Get()",8,32
14,1,87,0,18,"LogItemTests::GetPdl@35-52@LogicMonitor.Api.Test\Settings\LogItemTests.cs","LogicMonitor.Api.Test\Settings\LogItemTests.cs","LogItemTests::GetPdl","GetPdl()",35,52
10,1,74,0,10,"LogoTests::Logos@8-17@LogicMonitor.Api.Test\Settings\LogoTests.cs","LogicMonitor.Api.Test\Settings\LogoTests.cs","LogoTests::Logos","Logos()",8,17
7,1,43,0,8,"MessageSettingsTests::Get@6-13@LogicMonitor.Api.Test\Settings\MessageSettingsTests.cs","LogicMonitor.Api.Test\Settings\MessageSettingsTests.cs","MessageSettingsTests::Get","Get()",6,13
32,2,208,0,39,"NetscanGroupTests::CanCreateAndDeleteNetscanGroups@6-44@LogicMonitor.Api.Test\Settings\NetscanGroupTests.cs","LogicMonitor.Api.Test\Settings\NetscanGroupTests.cs","NetscanGroupTests::CanCreateAndDeleteNetscanGroups","CanCreateAndDeleteNetscanGroups()",6,44
9,1,66,0,9,"NetscanGroupTests::CanGetNetscanGroups@47-55@LogicMonitor.Api.Test\Settings\NetscanGroupTests.cs","LogicMonitor.Api.Test\Settings\NetscanGroupTests.cs","NetscanGroupTests::CanGetNetscanGroups","CanGetNetscanGroups()",47,55
10,3,57,0,11,"NetscanTests::CanGetNetscanById@8-18@LogicMonitor.Api.Test\Settings\NetscanTests.cs","LogicMonitor.Api.Test\Settings\NetscanTests.cs","NetscanTests::CanGetNetscanById","CanGetNetscanById()",8,18
96,3,599,0,108,"NetscanTests::CreateNetscan@21-128@LogicMonitor.Api.Test\Settings\NetscanTests.cs","LogicMonitor.Api.Test\Settings\NetscanTests.cs","NetscanTests::CreateNetscan","CreateNetscan()",21,128
8,1,67,0,10,"NetscanTests::ListAllNetscans@131-140@LogicMonitor.Api.Test\Settings\NetscanTests.cs","LogicMonitor.Api.Test\Settings\NetscanTests.cs","NetscanTests::ListAllNetscans","ListAllNetscans()",131,140
14,1,130,0,17,"NetscanTests::ListFirst5Netscans@143-159@LogicMonitor.Api.Test\Settings\NetscanTests.cs","LogicMonitor.Api.Test\Settings\NetscanTests.cs","NetscanTests::ListFirst5Netscans","ListFirst5Netscans()",143,159
6,1,29,0,7,"OpsNoteTests::GetOpsNotes@6-12@LogicMonitor.Api.Test\Settings\OpsNotesTests.cs","LogicMonitor.Api.Test\Settings\OpsNotesTests.cs","OpsNoteTests::GetOpsNotes","GetOpsNotes()",6,12
12,1,70,0,14,"OpsNoteTests::GetOpsNotesTags@15-28@LogicMonitor.Api.Test\Settings\OpsNotesTests.cs","LogicMonitor.Api.Test\Settings\OpsNotesTests.cs","OpsNoteTests::GetOpsNotesTags","GetOpsNotesTags()",15,28
12,1,71,0,13,"RecipientGroupTests::GetRecipientGroupTests@6-18@LogicMonitor.Api.Test\Settings\RecipientGroupTests.cs","LogicMonitor.Api.Test\Settings\RecipientGroupTests.cs","RecipientGroupTests::GetRecipientGroupTests","GetRecipientGroupTests()",6,18
13,1,81,0,14,"RoleGroupTests::GetRoleGroups@8-21@LogicMonitor.Api.Test\Settings\RoleGroupTests.cs","LogicMonitor.Api.Test\Settings\RoleGroupTests.cs","RoleGroupTests::GetRoleGroups","GetRoleGroups()",8,21
22,2,130,0,28,"RoleGroupTests::CreateUpdateDelete@24-51@LogicMonitor.Api.Test\Settings\RoleGroupTests.cs","LogicMonitor.Api.Test\Settings\RoleGroupTests.cs","RoleGroupTests::CreateUpdateDelete","CreateUpdateDelete()",24,51
13,1,97,0,14,"RoleTests::GetRoles@10-23@LogicMonitor.Api.Test\Settings\RoleTests.cs","LogicMonitor.Api.Test\Settings\RoleTests.cs","RoleTests::GetRoles","GetRoles()",10,23
7,1,53,0,7,"RoleTests::GetForCurrentUser@26-32@LogicMonitor.Api.Test\Settings\RoleTests.cs","LogicMonitor.Api.Test\Settings\RoleTests.cs","RoleTests::GetForCurrentUser","GetForCurrentUser()",26,32
84,6,491,0,90,"RoleTests::CreateUpdateDelete@35-124@LogicMonitor.Api.Test\Settings\RoleTests.cs","LogicMonitor.Api.Test\Settings\RoleTests.cs","RoleTests::CreateUpdateDelete","CreateUpdateDelete()",35,124
5,1,31,0,7,"SingleSignOnTests::GetSingleSignOnData@6-12@LogicMonitor.Api.Test\Settings\SingleSignOnTests.cs","LogicMonitor.Api.Test\Settings\SingleSignOnTests.cs","SingleSignOnTests::GetSingleSignOnData","GetSingleSignOnData()",6,12
7,1,75,0,7,"SysOidsTests::GetAll@6-12@LogicMonitor.Api.Test\Settings\SysOidsTests.cs","LogicMonitor.Api.Test\Settings\SysOidsTests.cs","SysOidsTests::GetAll","GetAll()",6,12
6,1,28,0,8,"TimeTests::GetTimeZoneSetting@6-13@LogicMonitor.Api.Test\Settings\TimeTests.cs","LogicMonitor.Api.Test\Settings\TimeTests.cs","TimeTests::GetTimeZoneSetting","GetTimeZoneSetting()",6,13
13,1,81,0,14,"UserGroupTests::GetUserGroups@8-21@LogicMonitor.Api.Test\Settings\UserGroupTests.cs","LogicMonitor.Api.Test\Settings\UserGroupTests.cs","UserGroupTests::GetUserGroups","GetUserGroups()",8,21
22,2,130,0,28,"UserGroupTests::CreateUpdateDelete@24-51@LogicMonitor.Api.Test\Settings\UserGroupTests.cs","LogicMonitor.Api.Test\Settings\UserGroupTests.cs","UserGroupTests::CreateUpdateDelete","CreateUpdateDelete()",24,51
15,1,111,0,16,"UserTests::GetUsers@6-21@LogicMonitor.Api.Test\Settings\UserTests.cs","LogicMonitor.Api.Test\Settings\UserTests.cs","UserTests::GetUsers","GetUsers()",6,21
51,1,210,0,56,"UserTests::CreateUser@24-79@LogicMonitor.Api.Test\Settings\UserTests.cs","LogicMonitor.Api.Test\Settings\UserTests.cs","UserTests::CreateUser","CreateUser()",24,79
6,1,29,0,7,"UserTests::GetAdmins@82-88@LogicMonitor.Api.Test\Settings\UserTests.cs","LogicMonitor.Api.Test\Settings\UserTests.cs","UserTests::GetAdmins","GetAdmins()",82,88
14,1,104,0,17,"UserTests::GetApiTokens@91-107@LogicMonitor.Api.Test\Settings\UserTests.cs","LogicMonitor.Api.Test\Settings\UserTests.cs","UserTests::GetApiTokens","GetApiTokens()",91,107
19,1,190,0,19,"StatisticsTests::Statistics_GetVersion_Succeeds@6-24@LogicMonitor.Api.Test\Statistics\StatisticsTests.cs","LogicMonitor.Api.Test\Statistics\StatisticsTests.cs","StatisticsTests::Statistics_GetVersion_Succeeds","Statistics_GetVersion_Succeeds()",6,24
19,1,193,0,19,"StatisticsTests::Statistics_GetCollectors_Succeeds@27-45@LogicMonitor.Api.Test\Statistics\StatisticsTests.cs","LogicMonitor.Api.Test\Statistics\StatisticsTests.cs","StatisticsTests::Statistics_GetCollectors_Succeeds","Statistics_GetCollectors_Succeeds()",27,45
8,1,75,0,9,"TopologyDataDeserializationTests::Deserialize_WirelessVertexType_DoesNotThrow@28-36@LogicMonitor.Api.Test\Topologies\TopologyDataDeserializationTests.cs","LogicMonitor.Api.Test\Topologies\TopologyDataDeserializationTests.cs","TopologyDataDeserializationTests::Deserialize_WirelessVertexType_DoesNotThrow","TopologyDataDeserializationTests::Deserialize_WirelessVertexType_DoesNotThrow()",28,36
7,1,69,2,9,"TopologyDataDeserializationTests::Deserialize_VertexTypesSeenInTheWild_DeserializeCorrectly@46-54@LogicMonitor.Api.Test\Topologies\TopologyDataDeserializationTests.cs","LogicMonitor.Api.Test\Topologies\TopologyDataDeserializationTests.cs","TopologyDataDeserializationTests::Deserialize_VertexTypesSeenInTheWild_DeserializeCorrectly","TopologyDataDeserializationTests::Deserialize_VertexTypesSeenInTheWild_DeserializeCorrectly( string apiValue , DataVertexType expected)",46,54
7,1,68,1,11,"TopologyDataDeserializationTests::Deserialize_UnknownVertexTypeInEitherCase_DeserializesToUnknown@59-69@LogicMonitor.Api.Test\Topologies\TopologyDataDeserializationTests.cs","LogicMonitor.Api.Test\Topologies\TopologyDataDeserializationTests.cs","TopologyDataDeserializationTests::Deserialize_UnknownVertexTypeInEitherCase_DeserializesToUnknown","TopologyDataDeserializationTests::Deserialize_UnknownVertexTypeInEitherCase_DeserializesToUnknown( string apiValue)",59,69
10,2,88,0,18,"TopologyDataDeserializationTests::Deserialize_UnmodelledVertexType_InDebugThrowsOtherwiseFallsBackToUnknown@72-89@LogicMonitor.Api.Test\Topologies\TopologyDataDeserializationTests.cs","LogicMonitor.Api.Test\Topologies\TopologyDataDeserializationTests.cs","TopologyDataDeserializationTests::Deserialize_UnmodelledVertexType_InDebugThrowsOtherwiseFallsBackToUnknown","TopologyDataDeserializationTests::Deserialize_UnmodelledVertexType_InDebugThrowsOtherwiseFallsBackToUnknown()",72,89
9,1,38,0,11,"TopologyDataDeserializationTests::TopologyDataRequest_GetQueryString_UsesResourceDeviceForm@92-102@LogicMonitor.Api.Test\Topologies\TopologyDataDeserializationTests.cs","LogicMonitor.Api.Test\Topologies\TopologyDataDeserializationTests.cs","TopologyDataDeserializationTests::TopologyDataRequest_GetQueryString_UsesResourceDeviceForm","TopologyDataDeserializationTests::TopologyDataRequest_GetQueryString_UsesResourceDeviceForm()",92,102
7,1,39,0,7,"TopologyGroupTests::GetAll@8-14@LogicMonitor.Api.Test\Topologies\TopologyGroupTests.cs","LogicMonitor.Api.Test\Topologies\TopologyGroupTests.cs","TopologyGroupTests::GetAll","GetAll()",8,14
26,1,95,0,31,"TopologyGroupTests::Crud@17-47@LogicMonitor.Api.Test\Topologies\TopologyGroupTests.cs","LogicMonitor.Api.Test\Topologies\TopologyGroupTests.cs","TopologyGroupTests::Crud","Crud()",17,47
6,1,28,0,7,"TopologyGroupTests::GetTopologyGroup@50-56@LogicMonitor.Api.Test\Topologies\TopologyGroupTests.cs","LogicMonitor.Api.Test\Topologies\TopologyGroupTests.cs","TopologyGroupTests::GetTopologyGroup","GetTopologyGroup()",50,56
6,1,30,0,7,"TopologyGroupTests::GetTopologiesFromGroup@59-65@LogicMonitor.Api.Test\Topologies\TopologyGroupTests.cs","LogicMonitor.Api.Test\Topologies\TopologyGroupTests.cs","TopologyGroupTests::GetTopologiesFromGroup","GetTopologiesFromGroup()",59,65
7,1,39,0,7,"TopologyTests::GetAllTopologies@6-12@LogicMonitor.Api.Test\Topologies\TopologyTests.cs","LogicMonitor.Api.Test\Topologies\TopologyTests.cs","TopologyTests::GetAllTopologies","GetAllTopologies()",6,12
44,1,267,0,54,"TopologyTests::Crud@15-68@LogicMonitor.Api.Test\Topologies\TopologyTests.cs","LogicMonitor.Api.Test\Topologies\TopologyTests.cs","TopologyTests::Crud","Crud()",15,68
17,1,64,0,18,"TopologyTests::GetTopologyDataForDevice@71-88@LogicMonitor.Api.Test\Topologies\TopologyTests.cs","LogicMonitor.Api.Test\Topologies\TopologyTests.cs","TopologyTests::GetTopologyDataForDevice","GetTopologyDataForDevice()",71,88
107,5,631,0,132,"PingCheckResourceTests::CrudPingCheckResource@8-139@LogicMonitor.Api.Test\UptimeResources\PingCheckResourceTests.cs","LogicMonitor.Api.Test\UptimeResources\PingCheckResourceTests.cs","PingCheckResourceTests::CrudPingCheckResource","CrudPingCheckResource()",8,139
31,1,141,0,34,"UptimePingCheckResourceTests::CrudInternalPingCheckResource@8-41@LogicMonitor.Api.Test\UptimeResources\UptimePingCheckResourceTests.cs","LogicMonitor.Api.Test\UptimeResources\UptimePingCheckResourceTests.cs","UptimePingCheckResourceTests::CrudInternalPingCheckResource","CrudInternalPingCheckResource()",8,41
28,1,123,0,31,"UptimePingCheckResourceTests::CrudExternalPingCheckResource@44-74@LogicMonitor.Api.Test\UptimeResources\UptimePingCheckResourceTests.cs","LogicMonitor.Api.Test\UptimeResources\UptimePingCheckResourceTests.cs","UptimePingCheckResourceTests::CrudExternalPingCheckResource","CrudExternalPingCheckResource()",44,74
10,3,70,0,12,"UptimePingCheckResourceTests::GetLiveCollectorIdAsync@80-91@LogicMonitor.Api.Test\UptimeResources\UptimePingCheckResourceTests.cs","LogicMonitor.Api.Test\UptimeResources\UptimePingCheckResourceTests.cs","UptimePingCheckResourceTests::GetLiveCollectorIdAsync","GetLiveCollectorIdAsync()",80,91
64,7,411,2,80,"UptimePingCheckResourceTests::AssertPingCrudAsync@93-172@LogicMonitor.Api.Test\UptimeResources\UptimePingCheckResourceTests.cs","LogicMonitor.Api.Test\UptimeResources\UptimePingCheckResourceTests.cs","UptimePingCheckResourceTests::AssertPingCrudAsync","AssertPingCrudAsync( PingCheckResourceCreationDto creationDto , string resourceDisplayName)",93,172
3,2,32,1,3,"UptimePingCheckResourceTests::IsUptimeUnavailable@183-185@LogicMonitor.Api.Test\UptimeResources\UptimePingCheckResourceTests.cs","LogicMonitor.Api.Test\UptimeResources\UptimePingCheckResourceTests.cs","UptimePingCheckResourceTests::IsUptimeUnavailable","IsUptimeUnavailable( LogicMonitorApiException ex)",183,185
21,4,126,1,27,"UptimePingCheckResourceTests::AssertPingDataSourcesAppliedAsync@187-213@LogicMonitor.Api.Test\UptimeResources\UptimePingCheckResourceTests.cs","LogicMonitor.Api.Test\UptimeResources\UptimePingCheckResourceTests.cs","UptimePingCheckResourceTests::AssertPingDataSourcesAppliedAsync","AssertPingDataSourcesAppliedAsync( int resourceId)",187,213
35,5,248,2,43,"UptimePingCheckResourceTests::AssertUptimeDataFlowsAsync@219-261@LogicMonitor.Api.Test\UptimeResources\UptimePingCheckResourceTests.cs","LogicMonitor.Api.Test\UptimeResources\UptimePingCheckResourceTests.cs","UptimePingCheckResourceTests::AssertUptimeDataFlowsAsync","AssertUptimeDataFlowsAsync( int resourceId , string overallDataSourceName)",219,261
42,1,502,0,48,"UptimeResourceSerializationTests::PingCreationDto_SerializesToDeviceWireShape@11-58@LogicMonitor.Api.Test\UptimeResources\UptimeResourceSerializationTests.cs","LogicMonitor.Api.Test\UptimeResources\UptimeResourceSerializationTests.cs","UptimeResourceSerializationTests::PingCreationDto_SerializesToDeviceWireShape","UptimeResourceSerializationTests::PingCreationDto_SerializesToDeviceWireShape()",11,58
41,1,329,0,44,"UptimeResourceSerializationTests::PingResource_RoundTripsFromDeviceResponse@61-104@LogicMonitor.Api.Test\UptimeResources\UptimeResourceSerializationTests.cs","LogicMonitor.Api.Test\UptimeResources\UptimeResourceSerializationTests.cs","UptimeResourceSerializationTests::PingResource_RoundTripsFromDeviceResponse","UptimeResourceSerializationTests::PingResource_RoundTripsFromDeviceResponse()",61,104
26,1,303,0,30,"UptimeResourceSerializationTests::WebCreationDto_SerializesTopLevelFields@107-136@LogicMonitor.Api.Test\UptimeResources\UptimeResourceSerializationTests.cs","LogicMonitor.Api.Test\UptimeResources\UptimeResourceSerializationTests.cs","UptimeResourceSerializationTests::WebCreationDto_SerializesTopLevelFields","UptimeResourceSerializationTests::WebCreationDto_SerializesTopLevelFields()",107,136
33,1,171,0,36,"UptimeWebCheckResourceTests::CrudInternalWebCheckResource@8-43@LogicMonitor.Api.Test\UptimeResources\UptimeWebCheckResourceTests.cs","LogicMonitor.Api.Test\UptimeResources\UptimeWebCheckResourceTests.cs","UptimeWebCheckResourceTests::CrudInternalWebCheckResource","CrudInternalWebCheckResource()",8,43
30,1,153,0,33,"UptimeWebCheckResourceTests::CrudExternalWebCheckResource@46-78@LogicMonitor.Api.Test\UptimeResources\UptimeWebCheckResourceTests.cs","LogicMonitor.Api.Test\UptimeResources\UptimeWebCheckResourceTests.cs","UptimeWebCheckResourceTests::CrudExternalWebCheckResource","CrudExternalWebCheckResource()",46,78
10,3,70,0,12,"UptimeWebCheckResourceTests::GetLiveCollectorIdAsync@84-95@LogicMonitor.Api.Test\UptimeResources\UptimeWebCheckResourceTests.cs","LogicMonitor.Api.Test\UptimeResources\UptimeWebCheckResourceTests.cs","UptimeWebCheckResourceTests::GetLiveCollectorIdAsync","GetLiveCollectorIdAsync()",84,95
60,7,358,2,74,"UptimeWebCheckResourceTests::AssertWebCrudAsync@97-170@LogicMonitor.Api.Test\UptimeResources\UptimeWebCheckResourceTests.cs","LogicMonitor.Api.Test\UptimeResources\UptimeWebCheckResourceTests.cs","UptimeWebCheckResourceTests::AssertWebCrudAsync","AssertWebCrudAsync( WebCheckResourceCreationDto creationDto , string resourceDisplayName)",97,170
21,4,126,1,25,"UptimeWebCheckResourceTests::AssertWebDataSourcesAppliedAsync@172-196@LogicMonitor.Api.Test\UptimeResources\UptimeWebCheckResourceTests.cs","LogicMonitor.Api.Test\UptimeResources\UptimeWebCheckResourceTests.cs","UptimeWebCheckResourceTests::AssertWebDataSourcesAppliedAsync","AssertWebDataSourcesAppliedAsync( int resourceId)",172,196
7,1,39,0,7,"RoleGroupTests::GetAll@8-14@LogicMonitor.Api.Test\Users\RoleGroupTests.cs","LogicMonitor.Api.Test\Users\RoleGroupTests.cs","RoleGroupTests::GetAll","GetAll()",8,14
26,1,95,0,31,"RoleGroupTests::Crud@17-47@LogicMonitor.Api.Test\Users\RoleGroupTests.cs","LogicMonitor.Api.Test\Users\RoleGroupTests.cs","RoleGroupTests::Crud","Crud()",17,47
7,1,39,0,8,"RoleTests::GetAll@6-13@LogicMonitor.Api.Test\Users\RoleTests.cs","LogicMonitor.Api.Test\Users\RoleTests.cs","RoleTests::GetAll","GetAll()",6,13
7,1,39,0,7,"UserGroupTests::GetAll@8-14@LogicMonitor.Api.Test\Users\UserGroupTests.cs","LogicMonitor.Api.Test\Users\UserGroupTests.cs","UserGroupTests::GetAll","GetAll()",8,14
28,1,125,0,35,"UserGroupTests::Crud@17-51@LogicMonitor.Api.Test\Users\UserGroupTests.cs","LogicMonitor.Api.Test\Users\UserGroupTests.cs","UserGroupTests::Crud","Crud()",17,51
6,1,39,0,7,"UserTests::GetAll@6-12@LogicMonitor.Api.Test\Users\UserTests.cs","LogicMonitor.Api.Test\Users\UserTests.cs","UserTests::GetAll","GetAll()",6,12
11,1,102,0,11,"PortalVersionTests::GetPortalVersion@6-16@LogicMonitor.Api.Test\Version\PortalVersionTests.cs","LogicMonitor.Api.Test\Version\PortalVersionTests.cs","PortalVersionTests::GetPortalVersion","GetPortalVersion()",6,16
12,1,109,0,12,"PortalVersionTests::GetPortalVersionStatic@19-30@LogicMonitor.Api.Test\Version\PortalVersionTests.cs","LogicMonitor.Api.Test\Version\PortalVersionTests.cs","PortalVersionTests::GetPortalVersionStatic","GetPortalVersionStatic()",19,30
60,6,602,0,79,"WebsiteGroupTests::SetWebsiteGroupCustomProperty@6-84@LogicMonitor.Api.Test\Websites\WebsiteGroupTests.cs","LogicMonitor.Api.Test\Websites\WebsiteGroupTests.cs","WebsiteGroupTests::SetWebsiteGroupCustomProperty","SetWebsiteGroupCustomProperty()",6,84
29,1,184,0,33,"WebsiteGroupTests::WebsiteGroupCreationShouldSetProperties@87-119@LogicMonitor.Api.Test\Websites\WebsiteGroupTests.cs","LogicMonitor.Api.Test\Websites\WebsiteGroupTests.cs","WebsiteGroupTests::WebsiteGroupCreationShouldSetProperties","WebsiteGroupCreationShouldSetProperties()",87,119
16,3,120,0,16,"WebsiteGroupTests::GetWebsiteGroupByFullPath@122-137@LogicMonitor.Api.Test\Websites\WebsiteGroupTests.cs","LogicMonitor.Api.Test\Websites\WebsiteGroupTests.cs","WebsiteGroupTests::GetWebsiteGroupByFullPath","GetWebsiteGroupByFullPath()",122,137
10,1,97,0,11,"WebsiteGroupTests::GetWebsiteGroupById@140-150@LogicMonitor.Api.Test\Websites\WebsiteGroupTests.cs","LogicMonitor.Api.Test\Websites\WebsiteGroupTests.cs","WebsiteGroupTests::GetWebsiteGroupById","GetWebsiteGroupById()",140,150
6,1,38,0,7,"WebsiteGroupTests::GetWebsitesInGroup@153-159@LogicMonitor.Api.Test\Websites\WebsiteGroupTests.cs","LogicMonitor.Api.Test\Websites\WebsiteGroupTests.cs","WebsiteGroupTests::GetWebsitesInGroup","GetWebsitesInGroup()",153,159
6,1,29,0,8,"WebsiteTests::GetAllWebsites@11-18@LogicMonitor.Api.Test\Websites\WebsiteTests.cs","LogicMonitor.Api.Test\Websites\WebsiteTests.cs","WebsiteTests::GetAllWebsites","GetAllWebsites()",11,18
6,1,31,0,8,"WebsiteTests::GetWebsiteByName_Exists_Succeeds@21-28@LogicMonitor.Api.Test\Websites\WebsiteTests.cs","LogicMonitor.Api.Test\Websites\WebsiteTests.cs","WebsiteTests::GetWebsiteByName_Exists_Succeeds","GetWebsiteByName_Exists_Succeeds()",21,28
6,1,31,0,7,"WebsiteTests::GetWebsiteByName_DoesNotExist_ReturnsNull@31-37@LogicMonitor.Api.Test\Websites\WebsiteTests.cs","LogicMonitor.Api.Test\Websites\WebsiteTests.cs","WebsiteTests::GetWebsiteByName_DoesNotExist_ReturnsNull","GetWebsiteByName_DoesNotExist_ReturnsNull()",31,37
25,3,171,0,25,"WebsiteTests::GetWebsiteGraphData@40-64@LogicMonitor.Api.Test\Websites\WebsiteTests.cs","LogicMonitor.Api.Test\Websites\WebsiteTests.cs","WebsiteTests::GetWebsiteGraphData","GetWebsiteGraphData()",40,64
20,2,92,0,24,"WebsiteTests::GetWebsiteAlertsWithFilterAsync@67-90@LogicMonitor.Api.Test\Websites\WebsiteTests.cs","LogicMonitor.Api.Test\Websites\WebsiteTests.cs","WebsiteTests::GetWebsiteAlertsWithFilterAsync","GetWebsiteAlertsWithFilterAsync()",67,90
7,1,56,0,11,"WebsiteTests::SetWebsiteMonitorCheckpoints@93-103@LogicMonitor.Api.Test\Websites\WebsiteTests.cs","LogicMonitor.Api.Test\Websites\WebsiteTests.cs","WebsiteTests::SetWebsiteMonitorCheckpoints","SetWebsiteMonitorCheckpoints()",93,103
56,2,257,0,70,"WebsiteTests::CrudWebsiteGroupsAndWebsites@106-175@LogicMonitor.Api.Test\Websites\WebsiteTests.cs","LogicMonitor.Api.Test\Websites\WebsiteTests.cs","WebsiteTests::CrudWebsiteGroupsAndWebsites","CrudWebsiteGroupsAndWebsites()",106,175
65,6,594,0,86,"WebsiteTests::SetWebsiteCustomProperty@178-263@LogicMonitor.Api.Test\Websites\WebsiteTests.cs","LogicMonitor.Api.Test\Websites\WebsiteTests.cs","WebsiteTests::SetWebsiteCustomProperty","SetWebsiteCustomProperty()",178,263
8,1,55,0,9,"WebsiteTests::GetWebsiteSdts@266-274@LogicMonitor.Api.Test\Websites\WebsiteTests.cs","LogicMonitor.Api.Test\Websites\WebsiteTests.cs","WebsiteTests::GetWebsiteSdts","GetWebsiteSdts()",266,274
40,1,154,2,40,"WebsiteTests::GetWebsiteCreationDto@276-315@LogicMonitor.Api.Test\Websites\WebsiteTests.cs","LogicMonitor.Api.Test\Websites\WebsiteTests.cs","WebsiteTests::GetWebsiteCreationDto","GetWebsiteCreationDto( int websiteGroupId , string name)",276,315
12,1,21,0,317,"*global*@0-316@LogicMonitor.Api.Test\Websites\WebsiteTests.cs","LogicMonitor.Api.Test\Websites\WebsiteTests.cs","*global*","*global*",0,316
13,1,89,0,16,"Fixture::Fixture@15-30@LogicMonitor.Api.Test\Fixture.cs","LogicMonitor.Api.Test\Fixture.cs","Fixture::Fixture","Fixture::Fixture()",15,30
25,2,123,0,26,"Fixture::InitializeAsync@32-57@LogicMonitor.Api.Test\Fixture.cs","LogicMonitor.Api.Test\Fixture.cs","Fixture::InitializeAsync","Fixture::InitializeAsync()",32,57
21,6,69,0,22,"Fixture::DisposeAsync@59-80@LogicMonitor.Api.Test\Fixture.cs","LogicMonitor.Api.Test\Fixture.cs","Fixture::DisposeAsync","Fixture::DisposeAsync()",59,80
11,4,38,0,12,"Fixture::Dispose@85-96@LogicMonitor.Api.Test\Fixture.cs","LogicMonitor.Api.Test\Fixture.cs","Fixture::Dispose","Fixture::Dispose()",85,96
2,1,20,1,2,"TestWithOutput::GetConfig@38-39@LogicMonitor.Api.Test\TestWithOutput.cs","LogicMonitor.Api.Test\TestWithOutput.cs","TestWithOutput::GetConfig","GetConfig( Fixture fixture)",38,39
10,1,46,1,12,"TestWithOutput::CreateLogger@41-52@LogicMonitor.Api.Test\TestWithOutput.cs","LogicMonitor.Api.Test\TestWithOutput.cs","TestWithOutput::CreateLogger","CreateLogger( ITestOutputHelper testOutputHelper)",41,52
11,1,53,2,11,"TestWithOutput::CreateExperimentalClient@54-64@LogicMonitor.Api.Test\TestWithOutput.cs","LogicMonitor.Api.Test\TestWithOutput.cs","TestWithOutput::CreateExperimentalClient","CreateExperimentalClient( Fixture fixture , ILogger logger)",54,64
11,1,49,2,11,"TestWithOutput::CreateClient@66-76@LogicMonitor.Api.Test\TestWithOutput.cs","LogicMonitor.Api.Test\TestWithOutput.cs","TestWithOutput::CreateClient","CreateClient( Fixture fixture , ILogger logger)",66,76
2,1,21,1,2,"TestWithOutput::AssertIsFast@78-79@LogicMonitor.Api.Test\TestWithOutput.cs","LogicMonitor.Api.Test\TestWithOutput.cs","TestWithOutput::AssertIsFast","AssertIsFast( int durationSeconds)",78,79
2,1,20,1,2,"TestWithOutput::DaysAgoAsUnixSeconds@81-82@LogicMonitor.Api.Test\TestWithOutput.cs","LogicMonitor.Api.Test\TestWithOutput.cs","TestWithOutput::DaysAgoAsUnixSeconds","DaysAgoAsUnixSeconds( int days)",81,82
2,1,18,1,2,"TestWithOutput::GetNetflowDeviceAsync@84-85@LogicMonitor.Api.Test\TestWithOutput.cs","LogicMonitor.Api.Test\TestWithOutput.cs","TestWithOutput::GetNetflowDeviceAsync","GetNetflowDeviceAsync( CancellationToken cancellationToken)",84,85
2,1,18,1,2,"TestWithOutput::GetServiceDeviceAsync@87-88@LogicMonitor.Api.Test\TestWithOutput.cs","LogicMonitor.Api.Test\TestWithOutput.cs","TestWithOutput::GetServiceDeviceAsync","GetServiceDeviceAsync( CancellationToken cancellationToken)",87,88
2,1,18,1,2,"TestWithOutput::GetWindowsResourceAsync@90-91@LogicMonitor.Api.Test\TestWithOutput.cs","LogicMonitor.Api.Test\TestWithOutput.cs","TestWithOutput::GetWindowsResourceAsync","GetWindowsResourceAsync( CancellationToken cancellationToken)",90,91
2,1,18,1,2,"TestWithOutput::GetSnmpResourceAsync@93-94@LogicMonitor.Api.Test\TestWithOutput.cs","LogicMonitor.Api.Test\TestWithOutput.cs","TestWithOutput::GetSnmpResourceAsync","GetSnmpResourceAsync( CancellationToken cancellationToken)",93,94
2,1,18,1,2,"TestWithOutput::GetAllWidgetsDashboardAsync@96-97@LogicMonitor.Api.Test\TestWithOutput.cs","LogicMonitor.Api.Test\TestWithOutput.cs","TestWithOutput::GetAllWidgetsDashboardAsync","GetAllWidgetsDashboardAsync( CancellationToken cancellationToken)",96,97
6,3,26,0,6,"TestWithOutput::Dispose@99-104@LogicMonitor.Api.Test\TestWithOutput.cs","LogicMonitor.Api.Test\TestWithOutput.cs","TestWithOutput::Dispose","Dispose()",99,104
2,1,14,1,2,"XunitLoggerProvider::CreateLogger@10-11@LogicMonitor.Api.Test\XunitLogger.cs","LogicMonitor.Api.Test\XunitLogger.cs","XunitLoggerProvider::CreateLogger","CreateLogger( string categoryName)",10,11
2,1,11,0,2,"XunitLoggerProvider::Dispose@13-14@LogicMonitor.Api.Test\XunitLogger.cs","LogicMonitor.Api.Test\XunitLogger.cs","XunitLoggerProvider::Dispose","Dispose()",13,14
2,1,11,1,2,"XunitLogger::IsEnabled@28-29@LogicMonitor.Api.Test\XunitLogger.cs","LogicMonitor.Api.Test\XunitLogger.cs","XunitLogger::IsEnabled","IsEnabled( LogLevel logLevel)",28,29
25,4,81,5,29,"XunitLogger::Log<TState>@31-59@LogicMonitor.Api.Test\XunitLogger.cs","LogicMonitor.Api.Test\XunitLogger.cs","XunitLogger::Log<TState>","Log<TState>( LogLevel logLevel , EventId eventId , TState state , Exception ? exception , Func <TState, Exception?, string> formatter)",31,59
28,3,122,0,36,"GetLMAlertCommand::ProcessRecord@31-66@LogicMonitor.PowerShell\Commands\AlertCommands.cs","LogicMonitor.PowerShell\Commands\AlertCommands.cs","GetLMAlertCommand::ProcessRecord","GetLMAlertCommand::ProcessRecord()",31,66
15,3,60,0,19,"ConfirmLMAlertCommand::ProcessRecord@88-106@LogicMonitor.PowerShell\Commands\AlertCommands.cs","LogicMonitor.PowerShell\Commands\AlertCommands.cs","ConfirmLMAlertCommand::ProcessRecord","ConfirmLMAlertCommand::ProcessRecord()",88,106
15,2,60,0,19,"AddLMAlertNoteCommand::ProcessRecord@129-147@LogicMonitor.PowerShell\Commands\AlertCommands.cs","LogicMonitor.PowerShell\Commands\AlertCommands.cs","AddLMAlertNoteCommand::ProcessRecord","AddLMAlertNoteCommand::ProcessRecord()",129,147
20,3,59,0,24,"DisconnectLogicMonitorCommand::ProcessRecord@11-34@LogicMonitor.PowerShell\Commands\ConnectionCommands.cs","LogicMonitor.PowerShell\Commands\ConnectionCommands.cs","DisconnectLogicMonitorCommand::ProcessRecord","DisconnectLogicMonitorCommand::ProcessRecord()",11,34
21,3,82,0,25,"TestLMConnectionCommand::ProcessRecord@44-68@LogicMonitor.PowerShell\Commands\ConnectionCommands.cs","LogicMonitor.PowerShell\Commands\ConnectionCommands.cs","TestLMConnectionCommand::ProcessRecord","TestLMConnectionCommand::ProcessRecord()",44,68
55,9,241,0,74,"ConnectLogicMonitorCommand::ProcessRecord@59-132@LogicMonitor.PowerShell\Commands\ConnectLogicMonitorCommand.cs","LogicMonitor.PowerShell\Commands\ConnectLogicMonitorCommand.cs","ConnectLogicMonitorCommand::ProcessRecord","ConnectLogicMonitorCommand::ProcessRecord()",59,132
29,3,146,0,40,"GetLMResourceDataCommand::ProcessRecord@44-83@LogicMonitor.PowerShell\Commands\DataCommands.cs","LogicMonitor.PowerShell\Commands\DataCommands.cs","GetLMResourceDataCommand::ProcessRecord","GetLMResourceDataCommand::ProcessRecord()",44,83
16,2,72,0,19,"GetLMRawDataCommand::ProcessRecord@123-141@LogicMonitor.PowerShell\Commands\DataCommands.cs","LogicMonitor.PowerShell\Commands\DataCommands.cs","GetLMRawDataCommand::ProcessRecord","GetLMRawDataCommand::ProcessRecord()",123,141
16,2,68,0,19,"InvokeLMPollNowCommand::ProcessRecord@169-187@LogicMonitor.PowerShell\Commands\DataCommands.cs","LogicMonitor.PowerShell\Commands\DataCommands.cs","InvokeLMPollNowCommand::ProcessRecord","InvokeLMPollNowCommand::ProcessRecord()",169,187
32,4,126,0,39,"GetLMGraphDataCommand::ProcessRecord@227-265@LogicMonitor.PowerShell\Commands\DataCommands.cs","LogicMonitor.PowerShell\Commands\DataCommands.cs","GetLMGraphDataCommand::ProcessRecord","GetLMGraphDataCommand::ProcessRecord()",227,265
17,2,77,0,20,"GetLMFetchDataCommand::ProcessRecord@293-312@LogicMonitor.PowerShell\Commands\DataCommands.cs","LogicMonitor.PowerShell\Commands\DataCommands.cs","GetLMFetchDataCommand::ProcessRecord","GetLMFetchDataCommand::ProcessRecord()",293,312
11,2,34,0,11,"LogicMonitorCmdletBase::EnsureConnection@24-34@LogicMonitor.PowerShell\Commands\LogicMonitorCmdletBase.cs","LogicMonitor.PowerShell\Commands\LogicMonitorCmdletBase.cs","LogicMonitorCmdletBase::EnsureConnection","LogicMonitorCmdletBase::EnsureConnection()",24,34
1,1,12,1,1,"LogicMonitorCmdletBase::WriteVerboseMessage@40-40@LogicMonitor.PowerShell\Commands\LogicMonitorCmdletBase.cs","LogicMonitor.PowerShell\Commands\LogicMonitorCmdletBase.cs","LogicMonitorCmdletBase::WriteVerboseMessage","LogicMonitorCmdletBase::WriteVerboseMessage( string message)",40,40
1,1,12,1,1,"LogicMonitorCmdletBase::WriteDebugMessage@46-46@LogicMonitor.PowerShell\Commands\LogicMonitorCmdletBase.cs","LogicMonitor.PowerShell\Commands\LogicMonitorCmdletBase.cs","LogicMonitorCmdletBase::WriteDebugMessage","LogicMonitorCmdletBase::WriteDebugMessage( string message)",46,46
16,1,71,2,17,"LogicMonitorCmdletBase::HandleApiException@53-69@LogicMonitor.PowerShell\Commands\LogicMonitorCmdletBase.cs","LogicMonitor.PowerShell\Commands\LogicMonitorCmdletBase.cs","LogicMonitorCmdletBase::HandleApiException","LogicMonitorCmdletBase::HandleApiException( Exception ex , object ? target = null)",53,69
37,6,216,0,45,"GetLMDashboardCommand::ProcessRecord@41-85@LogicMonitor.PowerShell\Commands\MiscCommands.cs","LogicMonitor.PowerShell\Commands\MiscCommands.cs","GetLMDashboardCommand::ProcessRecord","GetLMDashboardCommand::ProcessRecord()",41,85
29,4,143,0,33,"GetLMDashboardGroupCommand::ProcessRecord@104-136@LogicMonitor.PowerShell\Commands\MiscCommands.cs","LogicMonitor.PowerShell\Commands\MiscCommands.cs","GetLMDashboardGroupCommand::ProcessRecord","GetLMDashboardGroupCommand::ProcessRecord()",104,136
29,4,143,0,33,"GetLMCollectorCommand::ProcessRecord@155-187@LogicMonitor.PowerShell\Commands\MiscCommands.cs","LogicMonitor.PowerShell\Commands\MiscCommands.cs","GetLMCollectorCommand::ProcessRecord","GetLMCollectorCommand::ProcessRecord()",155,187
29,4,143,0,33,"GetLMCollectorGroupCommand::ProcessRecord@206-238@LogicMonitor.PowerShell\Commands\MiscCommands.cs","LogicMonitor.PowerShell\Commands\MiscCommands.cs","GetLMCollectorGroupCommand::ProcessRecord","GetLMCollectorGroupCommand::ProcessRecord()",206,238
29,4,143,0,33,"GetLMDataSourceCommand::ProcessRecord@257-289@LogicMonitor.PowerShell\Commands\MiscCommands.cs","LogicMonitor.PowerShell\Commands\MiscCommands.cs","GetLMDataSourceCommand::ProcessRecord","GetLMDataSourceCommand::ProcessRecord()",257,289
29,4,143,0,33,"GetLMWebsiteCommand::ProcessRecord@308-340@LogicMonitor.PowerShell\Commands\MiscCommands.cs","LogicMonitor.PowerShell\Commands\MiscCommands.cs","GetLMWebsiteCommand::ProcessRecord","GetLMWebsiteCommand::ProcessRecord()",308,340
29,4,143,0,33,"GetLMWebsiteGroupCommand::ProcessRecord@359-391@LogicMonitor.PowerShell\Commands\MiscCommands.cs","LogicMonitor.PowerShell\Commands\MiscCommands.cs","GetLMWebsiteGroupCommand::ProcessRecord","GetLMWebsiteGroupCommand::ProcessRecord()",359,391
33,4,151,0,38,"GetLMResourcePropertyCommand::ProcessRecord@25-62@LogicMonitor.PowerShell\Commands\PropertyCommands.cs","LogicMonitor.PowerShell\Commands\PropertyCommands.cs","GetLMResourcePropertyCommand::ProcessRecord","GetLMResourcePropertyCommand::ProcessRecord()",25,62
27,4,147,0,34,"SetLMResourcePropertyCommand::ProcessRecord@97-130@LogicMonitor.PowerShell\Commands\PropertyCommands.cs","LogicMonitor.PowerShell\Commands\PropertyCommands.cs","SetLMResourcePropertyCommand::ProcessRecord","SetLMResourcePropertyCommand::ProcessRecord()",97,130
18,3,77,0,22,"RemoveLMResourcePropertyCommand::ProcessRecord@152-173@LogicMonitor.PowerShell\Commands\PropertyCommands.cs","LogicMonitor.PowerShell\Commands\PropertyCommands.cs","RemoveLMResourcePropertyCommand::ProcessRecord","RemoveLMResourcePropertyCommand::ProcessRecord()",152,173
45,7,248,0,59,"GetLMResourceCommand::ProcessRecord@58-116@LogicMonitor.PowerShell\Commands\ResourceCommands.cs","LogicMonitor.PowerShell\Commands\ResourceCommands.cs","GetLMResourceCommand::ProcessRecord","GetLMResourceCommand::ProcessRecord()",58,116
35,8,156,0,41,"NewLMResourceCommand::ProcessRecord@157-197@LogicMonitor.PowerShell\Commands\ResourceCommands.cs","LogicMonitor.PowerShell\Commands\ResourceCommands.cs","NewLMResourceCommand::ProcessRecord","NewLMResourceCommand::ProcessRecord()",157,197
30,5,141,0,40,"SetLMResourceCommand::ProcessRecord@231-270@LogicMonitor.PowerShell\Commands\ResourceCommands.cs","LogicMonitor.PowerShell\Commands\ResourceCommands.cs","SetLMResourceCommand::ProcessRecord","SetLMResourceCommand::ProcessRecord()",231,270
21,4,109,0,26,"RemoveLMResourceCommand::ProcessRecord@291-316@LogicMonitor.PowerShell\Commands\ResourceCommands.cs","LogicMonitor.PowerShell\Commands\ResourceCommands.cs","RemoveLMResourceCommand::ProcessRecord","RemoveLMResourceCommand::ProcessRecord()",291,316
41,6,220,0,54,"GetLMResourceGroupCommand::ProcessRecord@46-99@LogicMonitor.PowerShell\Commands\ResourceGroupCommands.cs","LogicMonitor.PowerShell\Commands\ResourceGroupCommands.cs","GetLMResourceGroupCommand::ProcessRecord","GetLMResourceGroupCommand::ProcessRecord()",46,99
34,7,150,0,40,"NewLMResourceGroupCommand::ProcessRecord@134-173@LogicMonitor.PowerShell\Commands\ResourceGroupCommands.cs","LogicMonitor.PowerShell\Commands\ResourceGroupCommands.cs","NewLMResourceGroupCommand::ProcessRecord","NewLMResourceGroupCommand::ProcessRecord()",134,173
30,5,137,0,40,"SetLMResourceGroupCommand::ProcessRecord@207-246@LogicMonitor.PowerShell\Commands\ResourceGroupCommands.cs","LogicMonitor.PowerShell\Commands\ResourceGroupCommands.cs","SetLMResourceGroupCommand::ProcessRecord","SetLMResourceGroupCommand::ProcessRecord()",207,246
21,4,109,0,26,"RemoveLMResourceGroupCommand::ProcessRecord@267-292@LogicMonitor.PowerShell\Commands\ResourceGroupCommands.cs","LogicMonitor.PowerShell\Commands\ResourceGroupCommands.cs","RemoveLMResourceGroupCommand::ProcessRecord","RemoveLMResourceGroupCommand::ProcessRecord()",267,292
41,6,220,0,54,"GetLMUserCommand::ProcessRecord@44-97@LogicMonitor.PowerShell\Commands\UserCommands.cs","LogicMonitor.PowerShell\Commands\UserCommands.cs","GetLMUserCommand::ProcessRecord","GetLMUserCommand::ProcessRecord()",44,97
31,4,142,0,37,"NewLMUserCommand::ProcessRecord@154-190@LogicMonitor.PowerShell\Commands\UserCommands.cs","LogicMonitor.PowerShell\Commands\UserCommands.cs","NewLMUserCommand::ProcessRecord","NewLMUserCommand::ProcessRecord()",154,190
34,7,165,0,45,"SetLMUserCommand::ProcessRecord@230-274@LogicMonitor.PowerShell\Commands\UserCommands.cs","LogicMonitor.PowerShell\Commands\UserCommands.cs","SetLMUserCommand::ProcessRecord","SetLMUserCommand::ProcessRecord()",230,274
20,3,94,0,25,"RemoveLMUserCommand::ProcessRecord@289-313@LogicMonitor.PowerShell\Commands\UserCommands.cs","LogicMonitor.PowerShell\Commands\UserCommands.cs","RemoveLMUserCommand::ProcessRecord","RemoveLMUserCommand::ProcessRecord()",289,313
5,1,27,1,5,"if@14-18@.github\skills\audit-event-unhandled-logs\assets\Scan-UnhandledLogMessages.cs",".github\skills\audit-event-unhandled-logs\assets\Scan-UnhandledLogMessages.cs","if","if( ! Directory . Exists(options.RootPath))",14,18
18,2,94,1,22,"foreach@39-60@.github\skills\audit-event-unhandled-logs\assets\Scan-UnhandledLogMessages.cs",".github\skills\audit-event-unhandled-logs\assets\Scan-UnhandledLogMessages.cs","foreach","foreach( var filePath in files)",39,60
4,1,25,1,4,"if@67-70@.github\skills\audit-event-unhandled-logs\assets\Scan-UnhandledLogMessages.cs",".github\skills\audit-event-unhandled-logs\assets\Scan-UnhandledLogMessages.cs","if","if( options . First>0)",67,70
11,2,78,1,11,"for@72-82@.github\skills\audit-event-unhandled-logs\assets\Scan-UnhandledLogMessages.cs",".github\skills\audit-event-unhandled-logs\assets\Scan-UnhandledLogMessages.cs","for","for( var i = 0 ; i<unmatched.Count;i++)",72,82
24,5,120,0,28,"ProcessBlock@93-120@.github\skills\audit-event-unhandled-logs\assets\Scan-UnhandledLogMessages.cs",".github\skills\audit-event-unhandled-logs\assets\Scan-UnhandledLogMessages.cs","ProcessBlock","ProcessBlock(List<string>block,string filePath)",93,120
38,4,159,0,39,"ClassifyMessage@122-160@.github\skills\audit-event-unhandled-logs\assets\Scan-UnhandledLogMessages.cs",".github\skills\audit-event-unhandled-logs\assets\Scan-UnhandledLogMessages.cs","ClassifyMessage","ClassifyMessage(string message,string filePath,string sourceId)",122,160
16,2,68,0,17,"AddAggregate@162-178@.github\skills\audit-event-unhandled-logs\assets\Scan-UnhandledLogMessages.cs",".github\skills\audit-event-unhandled-logs\assets\Scan-UnhandledLogMessages.cs","AddAggregate","AddAggregate(string message,string sourceFile,string sourceId,string?error)",162,178
16,3,92,0,18,"ExtractSourceId@180-197@.github\skills\audit-event-unhandled-logs\assets\Scan-UnhandledLogMessages.cs",".github\skills\audit-event-unhandled-logs\assets\Scan-UnhandledLogMessages.cs","ExtractSourceId","ExtractSourceId(string header)",180,197
28,5,180,0,34,"ParseArgs@199-232@.github\skills\audit-event-unhandled-logs\assets\Scan-UnhandledLogMessages.cs",".github\skills\audit-event-unhandled-logs\assets\Scan-UnhandledLogMessages.cs","ParseArgs","ParseArgs(string[]args)",199,232
2,2,32,0,2,"GetStringOption@234-235@.github\skills\audit-event-unhandled-logs\assets\Scan-UnhandledLogMessages.cs",".github\skills\audit-event-unhandled-logs\assets\Scan-UnhandledLogMessages.cs","GetStringOption","GetStringOption(Dictionary<string,string>values,string name,string fallback)",234,235
6,4,58,0,6,"GetInt32Option@239-244@.github\skills\audit-event-unhandled-logs\assets\Scan-UnhandledLogMessages.cs",".github\skills\audit-event-unhandled-logs\assets\Scan-UnhandledLogMessages.cs","GetInt32Option","GetInt32Option(Dictionary<string,string>values,string name,int fallback,int minimum)",239,244
1,1,17,0,1,"TimestampUtc@246-246@.github\skills\audit-event-unhandled-logs\assets\Scan-UnhandledLogMessages.cs",".github\skills\audit-event-unhandled-logs\assets\Scan-UnhandledLogMessages.cs","TimestampUtc","TimestampUtc()",246,246
